名稱,地址,都道府縣,營業時間,遊戲,郵遞區號,地圖連結,詳細連結,緯度,經度,中文名,google_place_id,營業時間來源
ＧｉＧＯすすきの,北海道札幌市中央区南３条西４丁目１ー１,北海道,10:00〜23:30,CHUNITHM、頭文字D THE ARCADE、maimai でらっくす、オンゲキ,060-0063,,https://location.am-all.net/alm/shop?gm=96&astep=0&sid=18580,43.0564347,141.3528307,,ChIJ0Tu0jOApC18R0C6aAWHwb3k,
ラウンドワン札幌すすきの店,北海道札幌市中央区南五条西3-6-1,北海道,06:00〜23:50,StarHorseParty、ビンゴシアター、英傑大戦、CHUNITHM、頭文字D THE ARCADE、maimai でらっくす、StarHorse4、オンゲキ、HOUSE OF THE DEAD: SCARLET DAWN、StarHorse3 SeasonVII GREAT JOURNEY、占いコレクション トロッテ、Wonderland Wars、初音ミク Project DIVA Arcade Future Tone、セガNET麻雀 MJ Arcade,064-0805,,https://location.am-all.net/alm/shop?gm=96&astep=0&sid=21155,43.0545356,141.354524,,ChIJ6bhSnYYpC18R6w99LEVyhPo,
タイトーステーション札幌狸小路２丁目店,北海道札幌市中央区南３条西２丁目−１４,北海道,10:00〜24:00,英傑大戦、CHUNITHM、maimai でらっくす、オンゲキ,060-0063,,https://location.am-all.net/alm/shop?gm=96&astep=0&sid=20896,43.0573356296509,141.355452950926,,ChIJ__8jnIMpC18RozXnCmA9wns,Google
東急百貨店さっぽろアミューズパーク,北海道札幌市中央区北４条西２ー１東急百貨店さっぽろ店９階,北海道,10:00〜20:00,NICO MAKE、CHUNITHM、maimai でらっくす,060-8619,,https://location.am-all.net/alm/shop?gm=96&astep=0&sid=27416,43.0675520689148,141.352709165082,,ChIJ6VfU-nQpC18RyRawpqhS90M,
キャッツアイ篠路店,北海道札幌市北区篠路１条４丁目６ー３０,北海道,10:00〜00:00,NICO MAKE、英傑大戦、CHUNITHM、頭文字D THE ARCADE、maimai でらっくす、StarHorse4、オンゲキ、StarHorse3 SeasonVII GREAT JOURNEY、Wonderland Wars、初音ミク Project DIVA Arcade Future Tone、セガNET麻雀 MJ Arcade,002-8021,,https://location.am-all.net/alm/shop?gm=96&astep=0&sid=27142,43.1406639428811,141.357210916568,,ChIJaVHnlo4lC18RStL35Towono,
ＧｉＧＯ札幌駅西口,北海道札幌市北区北６条西６丁目１‐１,北海道,10:00〜23:30,英傑大戦、CHUNITHM、頭文字D THE ARCADE、maimai でらっくす、ALL.Net P-ras MULTI バージョン３、オンゲキ、ALL.Net P-ras MULTI,060-0806,,https://location.am-all.net/alm/shop?gm=96&astep=0&sid=27487,43.067531,141.3462795,,ChIJ5d6UD6ApC18R91CXoM6ZG7c,Google
キャッツアイ新川店,北海道札幌市北区新川二条７丁目１ー７,北海道,10:00〜00:00,NICO MAKE、英傑大戦、CHUNITHM、頭文字D THE ARCADE、maimai でらっくす、StarHorse4、オンゲキ、セガNET麻雀 MJ Arcade,001-0922,,https://location.am-all.net/alm/shop?gm=96&astep=0&sid=28994,43.1007366157603,141.31029544418,,ChIJBxVmao4oC18RWRwz8V0we6U,
キャッツアイ栄通店,北海道札幌市白石区栄通１９丁目１１−４３,北海道,10:00〜00:00,CHUNITHM、maimai でらっくす、セガNET麻雀 MJ Arcade,003-0021,,https://location.am-all.net/alm/shop?gm=96&astep=0&sid=27668,43.0253475533429,141.436631078539,,ChIJbQ-cyBArC18R6Ma7PBcP0a4,
ラウンドワン札幌白石本通店,北海道札幌市白石区本通１６丁目北１−５０,北海道,10:00〜23:50,StarHorseParty、CHUNITHM、頭文字D THE ARCADE、maimai でらっくす、StarHorse4、オンゲキ、HOUSE OF THE DEAD: SCARLET DAWN、StarHorse3 SeasonVII GREAT JOURNEY,003-0027,,https://location.am-all.net/alm/shop?gm=96&astep=0&sid=24975,43.0367922,141.432878088361,,ChIJjf1e3AorC18RasaHxA8rX1w,
ゲームランド新さっぽろ,北海道札幌市厚別区厚別中央２条５丁目７サンピアザ３階,北海道,10:00〜21:00,CHUNITHM、maimai でらっくす、オンゲキ,004-0052,,https://location.am-all.net/alm/shop?gm=96&astep=0&sid=20719,43.0374407,141.4724783,,ChIJ65_yZ0ktC18RED0-JAhK7ok,Google
キャッツアイ新札幌店,北海道札幌市厚別区厚別東五条１ー２−１０,北海道,10:00〜00:00,NICO MAKE、英傑大戦、CHUNITHM、頭文字D THE ARCADE、maimai でらっくす、StarHorse4、ALL.Net P-ras MULTI バージョン３、オンゲキ、HOUSE OF THE DEAD: SCARLET DAWN、Wonderland Wars、初音ミク Project DIVA Arcade Future Tone、セガNET麻雀 MJ Arcade,004-0005,,https://location.am-all.net/alm/shop?gm=96&astep=0&sid=28996,43.0452612290192,141.475797,,ChIJ5QhLMIUsC18R7PsVTzLJkOg,
トムソーヤのなかまたち藻岩店,北海道札幌市南区川治二条２−１−１イオン札幌藻岩店,北海道,10:00〜21:00,maimai でらっくす,005-0802,,https://location.am-all.net/alm/shop?gm=96&astep=0&sid=23217,42.999313,141.336483,,ChIJdYCaVgDVCl8RnMUpUH86JWM,Google
キャッツアイ清田店,北海道札幌市清田区清田１条１−２０−１,北海道,10:00〜24:00,totolu、英傑大戦、CHUNITHM、頭文字D THE ARCADE、maimai でらっくす、StarHorse4、オンゲキ、Wonderland Wars、セガNET麻雀 MJ Arcade,004-0841,,https://location.am-all.net/alm/shop?gm=96&astep=0&sid=28995,43.002984076343,141.436396923943,,ChIJwQn-7NEqC18RJ11zzm6QZoU,
キャッツアイミュンヘン大橋店,北海道札幌市豊平区平岸１条２３丁目８０１−１,北海道,10:00〜01:00,cherrit、CHUNITHM、maimai でらっくす、セガNET麻雀 MJ Arcade,062-0931,,https://location.am-all.net/alm/shop?gm=96&astep=0&sid=28989,43.013979,141.355013,,ChIJBTJpWYfVCl8RT5ah4r1ZB9k,
キャッツアイ東苗穂店,北海道札幌市東区東苗穂６条２丁目１−２５,北海道,10:00〜00:00,NICO MAKE、英傑大戦、CHUNITHM、頭文字D THE ARCADE、maimai でらっくす、StarHorse4、オンゲキ、Wonderland Wars、セガNET麻雀 MJ Arcade,007-0806,,https://location.am-all.net/alm/shop?gm=96&astep=0&sid=28992,43.0923401609227,141.406997430689,,ChIJcwwLlscuC18R7uXeXD64dfw,
アドアーズ札幌北４２条,北海道札幌市東区北４２条東７−１−１　嶋ビル２階,北海道,10:00〜23:00,英傑大戦、CHUNITHM、頭文字D THE ARCADE、maimai でらっくす、StarHorse4、セガNET麻雀 MJ Arcade,007-0842,,https://location.am-all.net/alm/shop?gm=96&astep=0&sid=25281,43.1119642935805,141.355160212303,,ChIJM1JCXjUvC18RjsILrxtRqLw,
ソユーゲームフィールド苗穂店,北海道札幌市東区東苗穂2条3-1-1　イオンモール札幌苗穂２Ｆ,北海道,10:00〜21:00,NICO MAKE、CHUNITHM、maimai でらっくす、オンゲキ,007-0802,,https://location.am-all.net/alm/shop?gm=96&astep=0&sid=23864,43.0798364181968,141.403812261377,,ChIJqRGWUU0pC18RxsqM6iLTXpk,Google
ラウンドワン札幌北２１条店,北海道札幌市東区北二十一条東１−１−２１,北海道,10:00〜23:50,StarHorseParty、NICO MAKE、ビンゴシアター、英傑大戦、CHUNITHM、頭文字D THE ARCADE、maimai でらっくす、StarHorse4、オンゲキ、HOUSE OF THE DEAD: SCARLET DAWN、StarHorse3 SeasonVII GREAT JOURNEY,065-0021,,https://location.am-all.net/alm/shop?gm=96&astep=0&sid=25223,43.0867626693699,141.34970463373,,ChIJT-FYVB4pC18REqbIK5-MoQ8,
キャッツアイ宮の沢店,北海道札幌市手稲区西宮の沢５条２丁目１１−１５,北海道,10:00〜00:00,英傑大戦、CHUNITHM、maimai でらっくす、セガNET麻雀 MJ Arcade,006-0005,,https://location.am-all.net/alm/shop?gm=96&astep=0&sid=19680,43.0963919,141.2576566,,ChIJZZjsQdQnC18Rxo7QebfL6Aw,
ＧｉＧＯイオン札幌手稲駅前ＳＣ,北海道札幌市手稲区前田１条１１丁目３階,北海道,10:00〜24:00,英傑大戦、CHUNITHM、頭文字D THE ARCADE、maimai でらっくす、StarHorse4、オンゲキ、占いコレクション トロッテ、セガNET麻雀 MJ Arcade,006-0811,,https://location.am-all.net/alm/shop?gm=96&astep=0&sid=29002,43.1205333116873,141.245420483467,,ChIJyQ7qRvonC18RU5-N8qevvE8,Google
ソユーゲームフィールド発寒,北海道札幌市西区発寒8条12丁目1　イオン札幌発寒SC3F,北海道,10:00〜21:00,NICO MAKE、CHUNITHM、maimai でらっくす、オンゲキ,063-0828,,https://location.am-all.net/alm/shop?gm=96&astep=0&sid=23969,43.0964222307663,141.276494860049,,ChIJqY5c1XAoC18Rxf2nIeFk_qQ,Google
ｎａｍｃｏウイングベイ小樽店,北海道小樽市築港１１ー５ウィングベイ小樽５番街３階,北海道,10:00〜20:00,英傑大戦、CHUNITHM、頭文字D THE ARCADE、maimai でらっくす、オンゲキ,047-0008,,https://location.am-all.net/alm/shop?gm=96&astep=0&sid=25943,43.1839414156878,141.022310371689,,ChIJPf19HmbgCl8RCyReVN4_BMo,
ＧｉＧＯドリームタウン白樺,北海道帯広市白樺１６条西２丁目ドリームタウン白樺１階,北海道,10:00〜00:00,NICO MAKE、英傑大戦、CHUNITHM、頭文字D THE ARCADE、maimai でらっくす、ALL.Net P-ras MULTI バージョン３、オンゲキ、HOUSE OF THE DEAD: SCARLET DAWN、占いコレクション トロッテ、Wonderland Wars、初音ミク Project DIVA Arcade Future Tone、セガNET麻雀 MJ Arcade,080-0051,,https://location.am-all.net/alm/shop?gm=96&astep=0&sid=28997,42.9194180676614,143.174332457672,,ChIJj4_87FaZc18RmI4zbImaxzY,
ＧｉＧＯ帯広稲田,北海道帯広市稲田町南八線西１２−１スズランボウル１・２階,北海道,10:00〜24:00,CHUNITHM、頭文字D THE ARCADE、maimai でらっくす、StarHorse4、オンゲキ、セガNET麻雀 MJ Arcade,080-0831,,https://location.am-all.net/alm/shop?gm=96&astep=0&sid=29103,42.8902055906207,143.196460217791,,ChIJ0eTkvC2ac18ROjC_qKFMn_M,Google
アミューズメントスペース遊ランド春光店,北海道旭川市春光1条7丁目2-25,北海道,11:00〜03:00,totolu、英傑大戦、CHUNITHM、頭文字D THE ARCADE、maimai でらっくす、ALL.Net P-ras MULTI バージョン３、オンゲキ、占いコレクション トロッテ、セガNET麻雀 MJ Arcade,070-0871,,https://location.am-all.net/alm/shop?gm=96&astep=0&sid=22746,43.7981968,142.3740362,,ChIJnTo_HjHkDF8RnEipVzyJHjA,Google
ラウンドワン旭川店,北海道旭川市永山三条１−４−７,北海道,10:00〜23:50,StarHorseParty、英傑大戦、CHUNITHM、頭文字D THE ARCADE、maimai でらっくす、StarHorse4、オンゲキ、HOUSE OF THE DEAD: SCARLET DAWN、Wonderland Wars,079-8413,,https://location.am-all.net/alm/shop?gm=96&astep=0&sid=25390,43.7863734677326,142.397437122754,,ChIJ5ZoUNZvmDF8RpMIZmO7QBi4,
SOYUGameField旭川西店,北海道旭川市緑町23-2161-3イオンモール旭川西3F,北海道,10:00〜21:00,cherrit、CHUNITHM、maimai でらっくす、オンゲキ,070-0823,,https://location.am-all.net/alm/shop?gm=96&astep=0&sid=26635,43.7940871950613,142.325929855048,,ChIJtfn_M5blDF8R5Bkwa3JEbTE,Google
ゲームフィールド旭川春光店,北海道旭川市春光町１０番２　イオン旭川春光ＳＣ,北海道,09:00〜20:00,CHUNITHM、maimai でらっくす,070-0902,,https://location.am-all.net/alm/shop?gm=96&astep=0&sid=18783,43.7927754,142.35565,,ChIJnYfdEgDlDF8RxIsqTFaEER4,
ソユーゲームフィールド旭川駅前店,北海道旭川市宮下通７−２−５ｲｵﾝﾓｰﾙ旭川駅前４F,北海道,09:00〜21:00,NICO MAKE、CHUNITHM、maimai でらっくす、オンゲキ、Wonderland Wars,070-0030,,https://location.am-all.net/alm/shop?gm=96&astep=0&sid=21425,43.7640055901228,142.357115102377,,ChIJHeP88BDmDF8RcCIXITmAZd8,Google
東武イーストモールアミューズメントランド,北海道北見市端野町３区５７２番地１,北海道,09:00〜21:00,NICO MAKE、CHUNITHM、maimai でらっくす、オンゲキ,099-2103,,https://location.am-all.net/alm/shop?gm=96&astep=0&sid=23492,43.8414260884555,143.928696419452,,ChIJTVYNIBVRbV8R2_6c8XtwOxI,Google
ＧｉＧＯ北見,北海道北見市西三輪５丁目１番地１６号,北海道,10:00〜00:00,英傑大戦、CHUNITHM、頭文字D THE ARCADE、maimai でらっくす、StarHorse4、ALL.Net P-ras MULTI バージョン３、オンゲキ、セガNET麻雀 MJ Arcade,090-0838,,https://location.am-all.net/alm/shop?gm=96&astep=0&sid=25284,43.7965975092559,143.842611353373,,ChIJLTwZ-UlWbV8R8xcMwCX52r4,
キャッツアイ苫小牧駅前店,北海道苫小牧市木場町１丁目３番地２,北海道,10:00〜00:00,英傑大戦、CHUNITHM、頭文字D THE ARCADE、maimai でらっくす,053-0033,,https://location.am-all.net/alm/shop?gm=96&astep=0&sid=28993,42.6417399,141.5976863,,ChIJ2b3oPMkQdV8RSIptZoPdlAU,
ファンタジープラザ苫小牧,北海道苫小牧市木場町1-6-1MEGAドンキホーテ苫小牧2F,北海道,10:00〜21:00,CHUNITHM、maimai でらっくす、オンゲキ,053-0033,,https://location.am-all.net/alm/shop?gm=96&astep=0&sid=22898,42.6410419454199,141.595285354492,,ChIJAVAUyM4QdV8R8scpBd_M8Vs,
ＧｉＧＯイオンモール苫小牧,北海道苫小牧市柳町３丁目１番２０号イオンモール苫小牧２階,北海道,09:00〜22:00,英傑大戦、CHUNITHM、頭文字D THE ARCADE、maimai でらっくす、StarHorse4、オンゲキ、セガNET麻雀 MJ Arcade,053-0053,,https://location.am-all.net/alm/shop?gm=96&astep=0&sid=26078,42.6563186519426,141.642037220099,,ChIJG4EXfhoadV8RlKfN7LKyAQw,Google
タイトーステーション 千歳店,北海道千歳市北栄２−１２−５,北海道,10:00〜23:00,CHUNITHM、頭文字D THE ARCADE、maimai でらっくす、ALL.Net P-ras MULTI バージョン３、オンゲキ、初音ミク Project DIVA Arcade Future Tone、セガNET麻雀 MJ Arcade,066-0036,,https://location.am-all.net/alm/shop?gm=96&astep=0&sid=29011,42.833394198275,141.645053871164,,ChIJScOCu6rYdF8R6x0wX9I0gyc,Google
タイトーＦステーションイオン千歳店,北海道千歳市栄町６ー６１,北海道,09:00〜21:00,CHUNITHM、maimai でらっくす,066-0061,,https://location.am-all.net/alm/shop?gm=96&astep=0&sid=25405,42.8288557367924,141.648095666132,,ChIJG0XeiakgdV8RCa5qJDo8JQk,Google
ＰＡＬＯ滝川,北海道滝川市東町２丁目２９−１　イオン滝川１Ｆ,北海道,10:00〜22:00,CHUNITHM、頭文字D THE ARCADE、maimai でらっくす,073-0024,,https://location.am-all.net/alm/shop?gm=96&astep=0&sid=24870,43.5541683402562,141.93121540318,,ChIJY1ieAuiYDF8ROAeLbTOdLxs,Google
ＭＥＧＡＧＥＴ釧路,北海道釧路郡釧路町木場２丁目１ー１,北海道,10:00〜24:00,英傑大戦、CHUNITHM、maimai でらっくす、StarHorse4、オンゲキ,088-0622,,https://location.am-all.net/alm/shop?gm=96&astep=0&sid=24827,43.0089189731705,144.408003524606,,ChIJq6rq2LIXcl8RlIaiF0K4IAo,
ＰＡＬＯ釧路,北海道釧路郡釧路町桂木１−１−７　イオン釧路店２F,北海道,09:00〜21:00,CHUNITHM、maimai でらっくす、HOUSE OF THE DEAD: SCARLET DAWN,088-0621,,https://location.am-all.net/alm/shop?gm=96&astep=0&sid=25735,43.0090999,144.4047521,,ChIJl_9Lt0wWcl8REMqpHsks79E,
キャッツアイ恵庭店,北海道恵庭市住吉町２丁目９−１,北海道,10:00〜00:00,NICO MAKE、英傑大戦、CHUNITHM、頭文字D THE ARCADE、maimai でらっくす、StarHorse4、オンゲキ、StarHorse3 SeasonVII GREAT JOURNEY、セガNET麻雀 MJ Arcade,061-1441,,https://location.am-all.net/alm/shop?gm=96&astep=0&sid=28990,42.8759049120291,141.583504237434,,ChIJmYj-XAnYdF8RWdjfvXpHvcw,
ＧｉＧＯ室蘭,北海道室蘭市東町４丁目３１番２号１階,北海道,10:00〜00:00,英傑大戦、CHUNITHM、頭文字D THE ARCADE、maimai でらっくす、ALL.Net P-ras MULTI バージョン３、オンゲキ、Wonderland Wars、セガNET麻雀 MJ Arcade、ALL.Net P-ras MULTI,050-0083,,https://location.am-all.net/alm/shop?gm=96&astep=0&sid=28999,,,,,
ＭＥＧＡＧＥＴ室蘭,北海道室蘭市中島本町２ー８ー１,北海道,10:00〜00:00,CHUNITHM、maimai でらっくす、オンゲキ,050-0075,,https://location.am-all.net/alm/shop?gm=96&astep=0&sid=25305,42.3535263524972,141.014541967459,,ChIJ02mU6Bfan18RPEvBnRH4Bb8,
ＧｉＧＯ函館昭和,北海道函館市昭和３丁目２４−１８ゲオ函館昭和店１階,北海道,10:00〜21:00,CHUNITHM、頭文字D THE ARCADE、maimai でらっくす,041-0812,,https://location.am-all.net/alm/shop?gm=96&astep=0&sid=25775,41.8192328,140.7345439,,ChIJxcPtfJn2nl8ROd1TjDj6yZ4,Google
ＧｉＧＯ　ＭＥＧＡドン･キホーテ函館,北海道函館市美原１‐７‐１　ＭＥＧＡドン・キホーテ函館店２Ｆ,北海道,10:00〜21:00,maimai でらっくす,041-0806,,https://location.am-all.net/alm/shop?gm=96&astep=0&sid=23402,41.8135092,140.7562953,,ChIJDwd40uj1nl8RCZ6jqium6n0,Google
ラウンドワン函館店,北海道函館市西桔梗町８４８−１１,北海道,10:00〜23:50,StarHorseParty、totolu、英傑大戦、CHUNITHM、頭文字D THE ARCADE、maimai でらっくす、StarHorse4、オンゲキ、HOUSE OF THE DEAD: SCARLET DAWN,041-0824,,https://location.am-all.net/alm/shop?gm=96&astep=0&sid=25391,41.8246379701018,140.717514773016,,ChIJqViOW5X2nl8RZNzbrORyyRA,
モーリーファンタジー中標津,北海道標津郡中標津町南町３番地１０　東武サウスヒルズ,北海道,09:00〜21:00,CHUNITHM、maimai でらっくす、オンゲキ,086-1146,,https://location.am-all.net/alm/shop?gm=96&astep=0&sid=24372,43.5362398562431,144.977803942328,,ChIJFe9kwfikbV8R_3LXVyKmGVo,Google
イオン根室アミューズメントランド,北海道根室市常磐町3-9,北海道,10:00〜20:00,CHUNITHM、maimai でらっくす、オンゲキ,087-0041,,https://location.am-all.net/alm/shop?gm=96&astep=0&sid=23473,43.3322256,145.5829486,,ChIJLcncahbTbV8RFXxrVH8Z53E,Google
ＰＡＬＯ網走,北海道網走市駒場北５丁目８３番地,北海道,10:00〜21:00,CHUNITHM、maimai でらっくす、オンゲキ、Wonderland Wars、初音ミク Project DIVA Arcade Future Tone,093-0033,,https://location.am-all.net/alm/shop?gm=96&astep=0&sid=25494,44.0009412171847,144.283943116568,,ChIJm8L_ZuYzbV8RJBgK9-SbrGU,Google
キャッツアイ静内店,北海道日高郡新ひだか町静内木場町２丁目１−４１,北海道,11:00〜00:00,NICO MAKE、CHUNITHM、maimai でらっくす,056-0025,,https://location.am-all.net/alm/shop?gm=96&astep=0&sid=20184,42.3414196,142.3556497,,ChIJXY4AbjrLdV8RUivZ5Ghct5A,
モーリーファンタジー三笠店,北海道三笠市岡山１０５９−１スーパーセンター１Ｆ,北海道,10:00〜20:00,CHUNITHM、maimai でらっくす、オンゲキ,068-2165,,https://location.am-all.net/alm/shop?gm=96&astep=0&sid=24101,43.2435815,141.8055111,,ChIJV4n0LpROC18RNH4D8-_sBK4,Google
ＰＡＬＯ江別,北海道江別市幸町35　3F,北海道,09:00〜21:00,CHUNITHM、頭文字D THE ARCADE、maimai でらっくす、オンゲキ,069-0812,,https://location.am-all.net/alm/shop?gm=96&astep=0&sid=23620,43.0969784,141.5336446,,ChIJu9SkgnUyC18RNI9BVKEGqE4,Google
イオン紋別　キッズパーク,北海道紋別市花園町３丁目４の３９,北海道,09:00〜20:00,CHUNITHM、maimai でらっくす、オンゲキ,094-0015,,https://location.am-all.net/alm/shop?gm=96&astep=0&sid=23476,44.3495319,143.3478737,,ChIJsSjxxc-JEl8R2upu5PAAVR8,Google
ラウンドワン青森店,青森県青森市浜田３−１−１,青森県,10:00〜06:00,StarHorseParty、NICO MAKE、英傑大戦、CHUNITHM、頭文字D THE ARCADE、maimai でらっくす、StarHorse4、オンゲキ、HOUSE OF THE DEAD: SCARLET DAWN、StarHorse3 SeasonVII GREAT JOURNEY、占いコレクション トロッテ、セガNET麻雀 MJ Arcade,030-0843,,https://location.am-all.net/alm/shop?gm=96&astep=0&sid=25039,40.7986939223236,140.748410607935,,ChIJy_EaqJWfm18RIDqgYwNsgvk,Google
ソユーゲームフィールドシーナシーナ青森店,青森県青森市浜田一丁目１４番地１シーナシーナ青森２Ｆ,青森県,10:00〜20:00,CHUNITHM、maimai でらっくす,030-0843,,https://location.am-all.net/alm/shop?gm=96&astep=0&sid=23856,40.8008129,140.7490542,,ChIJUaukBL6fm18RHeHEijuh3ls,Google
ソユースペースファンタジーインフィニ,青森県弘前市城東北３−１０−１さくら野百貨店弘前店４Ｆ,青森県,10:00〜23:45,CHUNITHM、頭文字D THE ARCADE、maimai でらっくす、StarHorse4、ALL.Net P-ras MULTI バージョン３、オンゲキ、Wonderland Wars,036-8092,,https://location.am-all.net/alm/shop?gm=96&astep=0&sid=28777,40.606686,140.4958836,,ChIJSz0fkpoBm18RJu6On-oYfLI,
ゲームフィールド弘前樋の口店,青森県弘前市樋の口二丁目９−６イオンタウン弘前樋の口店,青森県,09:00〜21:00,maimai でらっくす、オンゲキ,036-8278,,https://location.am-all.net/alm/shop?gm=96&astep=0&sid=23869,40.6027265,140.444168,,ChIJPxHIA3r_ml8RACbpaMuWDUM,Google
ＧｉＧＯ弘前,青森県弘前市末広１−３−３,青森県,10:00〜24:00,英傑大戦、CHUNITHM、頭文字D THE ARCADE、maimai でらっくす、StarHorse4、オンゲキ、Wonderland Wars、セガNET麻雀 MJ Arcade,036-8085,,https://location.am-all.net/alm/shop?gm=96&astep=0&sid=29075,40.6040697,140.4999194,,ChIJ_5OYnYUBm18Rke8i-8wMnc0,
ＧｉＧＯ八戸,青森県八戸市城下４−２５−１４,青森県,09:00〜24:00,英傑大戦、CHUNITHM、頭文字D THE ARCADE、maimai でらっくす、StarHorse4、ALL.Net P-ras MULTI バージョン３、オンゲキ、Wonderland Wars、セガNET麻雀 MJ Arcade,031-0072,,https://location.am-all.net/alm/shop?gm=96&astep=0&sid=29369,40.5199276727338,141.498292206746,,ChIJpREM6xhSm18Rlsxs3Lwk-QA,
ゆりの木ボウル,青森県八戸市鷹匠小路１０,青森県,10:00〜25:00,頭文字D THE ARCADE、maimai でらっくす,031-0034,,https://location.am-all.net/alm/shop?gm=96&astep=0&sid=26634,40.5066344149301,141.493240556414,,ChIJaWPMnm9Tm18R5Q2ppJETU_k,
ファンタジードーム八戸,青森県八戸市江陽２−１４−１,青森県,10:00〜23:00,cherrit、CHUNITHM、頭文字D THE ARCADE、maimai でらっくす、オンゲキ、HOUSE OF THE DEAD: SCARLET DAWN,031-0801,,https://location.am-all.net/alm/shop?gm=96&astep=0&sid=25384,40.5218721478201,141.50270911468,,ChIJKYGq2yNSm18RSiE0BpEeIHo,Google
ソユーゲームフィールド八戸店,青森県八戸市沼館4-7-112八戸ピアドゥＢ棟2F,青森県,09:00〜21:00,CHUNITHM、maimai でらっくす、オンゲキ,031-0071,,https://location.am-all.net/alm/shop?gm=96&astep=0&sid=23850,40.5277672260163,141.497133814125,,ChIJh-Srg4lRm18RPcUuvVu_sfE,Google
タイトーＦステーション八戸店,青森県八戸市三日町２７,青森県,10:00〜22:00,CHUNITHM、頭文字D THE ARCADE、maimai でらっくす、ALL.Net P-ras MULTI バージョン３、オンゲキ,031-0032,,https://location.am-all.net/alm/shop?gm=96&astep=0&sid=20052,40.5093071762909,141.490581034324,,ChIJP1p_D3xTm18RYWNENP0qn-A,Google
ユーズランド下田店,青森県上北郡おいらせ町中野平４０−１イオンモール下田１Ｆ,青森県,10:00〜21:00,英傑大戦、CHUNITHM、頭文字D THE ARCADE、maimai でらっくす、ALL.Net P-ras MULTI バージョン３、オンゲキ、Wonderland Wars、初音ミク Project DIVA Arcade Future Tone,039-2112,,https://location.am-all.net/alm/shop?gm=96&astep=0&sid=27336,40.6014566,141.4177839,,ChIJfV7KHfxbm18Rn4VT2ersQF0,Google
モーリーファンタジー三沢,青森県三沢市松園町３−１０−１ビードルプラザ三沢店１Ｆ,青森県,10:00〜20:00,maimai でらっくす,033-0037,,https://location.am-all.net/alm/shop?gm=96&astep=0&sid=23812,40.6749926,141.3630299,,ChIJY6tH-Hhem18Rr02WlUs0T5E,Google
ゲームランドつがる柏店,青森県つがる市柏稲盛幾世41イオンモールつがる柏2F,青森県,10:00〜20:00,CHUNITHM、maimai でらっくす、オンゲキ,038-3107,,https://location.am-all.net/alm/shop?gm=96&astep=0&sid=26098,40.8026320651684,140.416654513492,,ChIJu8r1cau6m18RhWwIKcQPpkA,Google
モーリーファンタジーつがる柏,青森県つがる市柏稲盛幾世４１−１イオンつがる柏店１F,青森県,10:00〜22:00,CHUNITHM、頭文字D THE ARCADE、maimai でらっくす、オンゲキ,038-3017,,https://location.am-all.net/alm/shop?gm=96&astep=0&sid=23621,40.8030949807203,140.416364834918,,ChIJJQ4Bmau6m18RvbpK8Fru33M,Google
ＰＡＬＯむつ,青森県むつ市中央２−７−８　１Ｆ,青森県,10:00〜22:00,CHUNITHM、maimai でらっくす、オンゲキ、HOUSE OF THE DEAD: SCARLET DAWN、初音ミク Project DIVA Arcade Future Tone,035-0073,,https://location.am-all.net/alm/shop?gm=96&astep=0&sid=23398,41.2868804145717,141.183729679762,,ChIJlc_KE3U_nF8R05S0uZQ5sek,Google
タイトーステーション 盛岡マッハランド店,岩手県盛岡市上堂１−２−３８マッハランド内,岩手県,10:00〜25:00,NICO MAKE、英傑大戦、CHUNITHM、頭文字D THE ARCADE、maimai でらっくす、Wonderland Wars,020-0125,,https://location.am-all.net/alm/shop?gm=96&astep=0&sid=28130,39.7231653606865,141.126451754492,,ChIJMW5igF92hV8RKbXejr-drLE,
サンシャイン,岩手県盛岡市大通２ー７ー２１ジュリアンビル１階,岩手県,10:00〜24:00,CHUNITHM、maimai でらっくす、オンゲキ,020-0022,,https://location.am-all.net/alm/shop?gm=96&astep=0&sid=22937,39.7031919380325,141.145434305522,,ChIJCwP0EDB2hV8RHZY-jEg3mLY,Google
ソユーゲームフィールド盛岡南,岩手県盛岡市本宮７−１−１イオンモール盛岡南２Ｆ,岩手県,10:00〜21:00,CHUNITHM、maimai でらっくす、オンゲキ,020-0866,,https://location.am-all.net/alm/shop?gm=96&astep=0&sid=22812,39.6835669584702,141.128669380951,,ChIJA0fj-2CdhV8R8sURgqEsLEg,Google
ラウンドワン盛岡店,岩手県盛岡市盛岡駅西通２−１０−３５,岩手県,10:00〜23:50,StarHorseParty、totolu、英傑大戦、CHUNITHM、頭文字D THE ARCADE、maimai でらっくす、StarHorse4、オンゲキ、HOUSE OF THE DEAD: SCARLET DAWN、占いコレクション トロッテ、Wonderland Wars,020-0045,,https://location.am-all.net/alm/shop?gm=96&astep=0&sid=25175,39.7003942,141.1331774,,ChIJiS_t08x3hV8RagfbCjqkqgU,
ゲームランド盛岡店,岩手県盛岡市前潟４−７−１イオンモール盛岡２Ｆ,岩手県,10:00〜21:00,CHUNITHM、頭文字D THE ARCADE、maimai でらっくす,020-0148,,https://location.am-all.net/alm/shop?gm=96&astep=0&sid=26754,39.7116064394413,141.099932071442,,ChIJH8vJFKh3hV8R5cmIrnLaXHo,Google
ＧｉＧＯ一関,岩手県一関市山目字中野９２ー１,岩手県,10:00〜23:30,英傑大戦、CHUNITHM、頭文字D THE ARCADE、maimai でらっくす、StarHorse4、ALL.Net P-ras MULTI バージョン３、HOUSE OF THE DEAD: SCARLET DAWN、セガNET麻雀 MJ Arcade,021-0053,,https://location.am-all.net/alm/shop?gm=96&astep=0&sid=18647,38.9337343,141.1183423,,ChIJA_DLaADRiF8RUuSrGjq8Jmo,
ソユーファミリーゲームフィールド花巻店,岩手県花巻市高木第１６地割６８−６　銀河モール１Ｆ,岩手県,10:00〜23:45,CHUNITHM、maimai でらっくす、ALL.Net P-ras MULTI バージョン３、オンゲキ、セガNET麻雀 MJ Arcade,025-0016,,https://location.am-all.net/alm/shop?gm=96&astep=0&sid=24952,39.3864097,141.1359548,,ChIJmwt3P1Znj18RRrne0mBWFVo,Google
アミューズメントゾーン北上店,岩手県北上市本通２丁目２ー１クラソ・プレイス北上４Ｆ,岩手県,10:00〜20:00,NICO MAKE、CHUNITHM、maimai でらっくす、オンゲキ,024-0094,,https://location.am-all.net/alm/shop?gm=96&astep=0&sid=26312,39.288442554767,141.115824911639,,ChIJiYOFmZFEj18RoRVeivoezb0,Google
ソユーゲームフィールド江釣子店,岩手県北上市北鬼柳１９地割７４番地３江釣子ＳＣパルシネマ館,岩手県,10:00〜21:00,CHUNITHM、maimai でらっくす、オンゲキ,024-0072,,https://location.am-all.net/alm/shop?gm=96&astep=0&sid=18379,39.2936393,141.0938172,,ChIJFSxTYS9Dj18Rbv96LfYAsVA,Google
アミューズメントパークアルコ,岩手県紫波郡矢巾町南矢幅７−４２５−３,岩手県,10:00〜20:00,CHUNITHM、頭文字D THE ARCADE、maimai でらっくす,028-3615,,https://location.am-all.net/alm/shop?gm=96&astep=0&sid=26354,39.6110711663472,141.152680513492,,ChIJuUnFRoWEhV8Rnmlz2kGfQIA,Google
キッズランド,岩手県紫波郡紫波町桜町１丁目１２−１　ナックス内キッズランド,岩手県,,CHUNITHM、頭文字D THE ARCADE、maimai でらっくす、ALL.Net P-ras MULTI バージョン３,028-3307,,https://location.am-all.net/alm/shop?gm=96&astep=0&sid=19446,39.5490768,141.165242,,,
ＰＡＬＯ久慈,岩手県久慈市長内町第３０地割３２−２久慈SC１F,岩手県,10:00〜22:00,CHUNITHM、頭文字D THE ARCADE、maimai でらっくす、オンゲキ、初音ミク Project DIVA Arcade Future Tone,028-0041,,https://location.am-all.net/alm/shop?gm=96&astep=0&sid=26897,40.1898615759254,141.785597564032,,ChIJO3u5MWGUhF8R99M-OgfwYw0,Google
ＧｉＧＯ水沢,岩手県奥州市水沢佐倉河字鐙田４−１,岩手県,10:00〜24:00,英傑大戦、CHUNITHM、頭文字D THE ARCADE、maimai でらっくす、StarHorse4、オンゲキ、Wonderland Wars、セガNET麻雀 MJ Arcade,023-0003,,https://location.am-all.net/alm/shop?gm=96&astep=0&sid=29099,39.1526569142414,141.149372150346,,ChIJb1mHfztKj18RIE2L9oLTx-A,
テクノワールド,岩手県奥州市江刺愛宕字梁川１２７−１,岩手県,17:00〜24:00,CHUNITHM、頭文字D THE ARCADE、maimai でらっくす、ALL.Net P-ras MULTI バージョン３、オンゲキ、初音ミク Project DIVA Arcade Future Tone、ALL.Net P-ras MULTI,023-1131,,https://location.am-all.net/alm/shop?gm=96&astep=0&sid=22829,39.1792419,141.1621682,,ChIJq6rahGhJj18R4NGE6GkoHII,Google
ソユーゲームフィールド釜石店,岩手県釜石市港町２−１−１イオンタウン釜石店３F,岩手県,09:00〜21:00,CHUNITHM、maimai でらっくす、オンゲキ,026-0011,,https://location.am-all.net/alm/shop?gm=96&astep=0&sid=22421,39.2711987516425,141.881805199969,,ChIJTaeJApAOhl8RKjY64b4ZEKU,Google
タイトーステーション仙台名掛丁店,宮城県仙台市青葉区中央１−７−１３,宮城県,09:00〜24:00,英傑大戦、CHUNITHM、頭文字D THE ARCADE、maimai でらっくす、オンゲキ、HOUSE OF THE DEAD: SCARLET DAWN、セガNET麻雀 MJ Arcade,980-0021,,https://location.am-all.net/alm/shop?gm=96&astep=0&sid=28551,38.2619433908492,140.879207622719,,ChIJi2DAVCIoil8RZhSShE-iyi4,
タイトーステーション 仙台クリスロード店,宮城県仙台市青葉区中央２−３−２５,宮城県,09:00〜24:00,英傑大戦、CHUNITHM、頭文字D THE ARCADE、maimai でらっくす、ALL.Net P-ras MULTI バージョン３、オンゲキ、HOUSE OF THE DEAD: SCARLET DAWN、Wonderland Wars、初音ミク Project DIVA Arcade Future Tone、ALL.Net P-ras MULTI,980-0021,,https://location.am-all.net/alm/shop?gm=96&astep=0&sid=28127,38.2610005878696,140.875606731283,,ChIJg72T0zwoil8RZHPPH0jlkrA,Google
ゲームフィールド仙台上杉店,宮城県仙台市青葉区堤通雨宮町１ー１イオンモール仙台上杉３階,宮城県,10:00〜21:00,CHUNITHM、maimai でらっくす、オンゲキ,981-0914,,https://location.am-all.net/alm/shop?gm=96&astep=0&sid=18608,,,,,
ＧｉＧＯ仙台,宮城県仙台市青葉区中央２−５−５三経６０ビル,宮城県,10:00〜23:30,cherrit、英傑大戦、CHUNITHM、頭文字D THE ARCADE、maimai でらっくす、StarHorse4、ALL.Net P-ras MULTI バージョン３、オンゲキ、HOUSE OF THE DEAD: SCARLET DAWN、初音ミク Project DIVA Arcade Future Tone、セガNET麻雀 MJ Arcade,980-0021,,https://location.am-all.net/alm/shop?gm=96&astep=0&sid=20163,38.2616214,140.8767359,,ChIJ4-7sguQpil8RiFgQOEMIdE0,
ＧｉＧＯ仙台一番町,宮城県仙台市青葉区一番町４丁目５番１３号サンシャインビル１階,宮城県,09:00〜00:00,英傑大戦、CHUNITHM、頭文字D THE ARCADE、maimai でらっくす、オンゲキ、HOUSE OF THE DEAD: SCARLET DAWN,980-0811,,https://location.am-all.net/alm/shop?gm=96&astep=0&sid=19372,38.2641347,140.8711617,,ChIJ2fMrcRkpil8RRokswbkWmIY,
ゲームコーナー東部,宮城県仙台市若林区六丁の目中町26-60 斎喜東部ビル2F,宮城県,10:00〜24:00,英傑大戦、CHUNITHM、頭文字D THE ARCADE、maimai でらっくす、StarHorse4、ALL.Net P-ras MULTI バージョン３、オンゲキ、StarHorse3 SeasonVII GREAT JOURNEY、Wonderland Wars、初音ミク Project DIVA Arcade Future Tone、セガNET麻雀 MJ Arcade、ALL.Net P-ras MULTI,984-0012,,https://location.am-all.net/alm/shop?gm=96&astep=0&sid=28439,38.250998488979,140.943936915344,,ChIJX_PwJxWIiV8R11TUenoDZRg,
スイーツ・ハート仙台泉大沢店,宮城県仙台市泉区大沢1-5-1イオンタウン泉大沢2F,宮城県,10:00〜21:00,maimai でらっくす,981-3137,,https://location.am-all.net/alm/shop?gm=96&astep=0&sid=23371,38.350117921849,140.880980769311,,ChIJ367a68SBiV8RUbTUu15f3gM,Google
ラウンドワン仙台泉店,宮城県仙台市泉区大沢二丁目１２番４号　１階,宮城県,08:00〜06:00,StarHorseParty、ビンゴシアター、英傑大戦、CHUNITHM、頭文字D THE ARCADE、maimai でらっくす、StarHorse4、オンゲキ、HOUSE OF THE DEAD: SCARLET DAWN,981-3137,,https://location.am-all.net/alm/shop?gm=96&astep=0&sid=18542,38.3520265,140.8795076,,ChIJfTzGfQCBiV8RHZlEFW7ksZI,Google
ＧｉＧＯ泉中央ショッピングプラザセルバ,宮城県仙台市泉区泉中央１丁目４ー１,宮城県,10:00〜21:00,CHUNITHM、maimai でらっくす,981-3133,,https://location.am-all.net/alm/shop?gm=96&astep=0&sid=18611,38.3237638,140.882078,,ChIJiwHbDgCBiV8RSylZr_M6jNw,
ＧｉＧＯイオン仙台中山,宮城県仙台市泉区南中山１−３５−５７別館３Ｆ,宮城県,09:00〜23:00,cherrit、英傑大戦、CHUNITHM、頭文字D THE ARCADE、maimai でらっくす、StarHorse4、オンゲキ、HOUSE OF THE DEAD: SCARLET DAWN,981-3213,,https://location.am-all.net/alm/shop?gm=96&astep=0&sid=20176,38.2978960758693,140.827083462952,,ChIJQw6ZGGgril8RbglES599Xik,Google
ＧＡＭＥＢＡＮＫ仙台泉店,宮城県仙台市泉区大沢２−５−４,宮城県,09:00〜24:00,英傑大戦、CHUNITHM、頭文字D THE ARCADE、maimai でらっくす、StarHorse4、ALL.Net P-ras MULTI バージョン３、オンゲキ、HOUSE OF THE DEAD: SCARLET DAWN、Wonderland Wars、初音ミク Project DIVA Arcade Future Tone、セガNET麻雀 MJ Arcade,981-3137,,https://location.am-all.net/alm/shop?gm=96&astep=0&sid=24452,38.3527525,140.877403,,ChIJ2zVORICBiV8ROyJmxALPwwA,Google
タイトーステーション 仙台ベガロポリス店,宮城県仙台市太白区西多賀５−２４−１ベガロポリス内,宮城県,10:00〜24:00,英傑大戦、CHUNITHM、頭文字D THE ARCADE、maimai でらっくす、StarHorse4,982-0034,,https://location.am-all.net/alm/shop?gm=96&astep=0&sid=25927,38.2198309,140.8483092,,ChIJG4TprxAmil8RU6OVs1cnZRo,
ゲームフィールド仙台長町店,宮城県仙台市太白区長町７丁目２０番３号ザ・モール仙台長町店３階,宮城県,10:00〜21:00,CHUNITHM、maimai でらっくす、オンゲキ,982-0011,,https://location.am-all.net/alm/shop?gm=96&astep=0&sid=20556,38.2259896,140.8767364,,ChIJ98BcZjQmil8ROwZvjNRREpA,Google
ラウンドワン仙台苦竹店,宮城県仙台市宮城野区苦竹１−７−１０,宮城県,10:00〜23:50,StarHorseParty、NICO MAKE、英傑大戦、CHUNITHM、頭文字D THE ARCADE、maimai でらっくす、StarHorse4、オンゲキ,983-0036,,https://location.am-all.net/alm/shop?gm=96&astep=0&sid=24624,38.2680832,140.9172451,,ChIJP-7FfMKHiV8RAWZctLBO9Nc,
モーリーファンタジーヨドバシ仙台,宮城県仙台市宮城野区榴岡１丁目３ー１　ヨドバシ仙台本館５階,宮城県,10:00〜21:00,CHUNITHM、頭文字D THE ARCADE、maimai でらっくす,983-0852,,https://location.am-all.net/alm/shop?gm=96&astep=0&sid=19105,38.2589686,140.8834947,,ChIJi6o3PKopil8R6BckPpRzkkA,Google
ｎａｍｃｏＢｉＶｉ仙台駅東口店,宮城県仙台市宮城野区榴岡２ー１ー２５ＢｉＶｉ仙台駅東口店２Ｆ,宮城県,10:00〜22:00,CHUNITHM、maimai でらっくす,983-0852,,https://location.am-all.net/alm/shop?gm=96&astep=0&sid=18487,38.2610647,140.8836719,,ChIJNx9kPgApil8RoCpkjKpqpzY,
ユーズランド大河原店,宮城県柴田郡大河原町小島２−１フォルテ２Ｆ,宮城県,10:00〜20:00,英傑大戦、CHUNITHM、頭文字D THE ARCADE、maimai でらっくす、ALL.Net P-ras MULTI バージョン３、オンゲキ,989-1267,,https://location.am-all.net/alm/shop?gm=96&astep=0&sid=23462,38.0656136,140.7373892,,ChIJuRtivk0-il8RZHAL61Mq_vQ,Google
ＧｉＧＯ名取,宮城県名取市飯野坂字土城堀５７−１,宮城県,10:00〜24:00,英傑大戦、CHUNITHM、頭文字D THE ARCADE、maimai でらっくす、StarHorse4、オンゲキ、セガNET麻雀 MJ Arcade,981-1225,,https://location.am-all.net/alm/shop?gm=96&astep=0&sid=29074,38.1565615091093,140.888365361971,,ChIJOUmFWpQjil8RSnaSLcrURPc,
バンダイナムコＣｒｏｓｓＳｔｏｒｅ仙台,宮城県名取市杜せきのした５ー３ー１イオンモール名取３Ｆ,宮城県,10:00〜21:00,CHUNITHM、maimai でらっくす,981-1294,,https://location.am-all.net/alm/shop?gm=96&astep=0&sid=25422,38.1633794162307,140.896343736909,,ChIJj7cHKQAjil8R62Ttgu7Xn4o,
ＧｉＧＯ石巻,宮城県石巻市大街道東４−１−４５,宮城県,10:00〜24:00,英傑大戦、CHUNITHM、頭文字D THE ARCADE、maimai でらっくす、StarHorse4、オンゲキ、占いコレクション トロッテ、Wonderland Wars、初音ミク Project DIVA Arcade Future Tone、セガNET麻雀 MJ Arcade,986-0855,,https://location.am-all.net/alm/shop?gm=96&astep=0&sid=26807,38.4294076870628,141.285367777316,,ChIJ36HHHXKjiV8RtQlOodw9zjQ,
プラサカプコン石巻店,宮城県石巻市茜平4丁目104番地 ｲｵﾝ石巻ｼｮｯﾋﾟﾝｸﾞｾﾝﾀｰ2F,宮城県,09:00〜23:00,CHUNITHM、頭文字D THE ARCADE、maimai でらっくす、オンゲキ,986-0866,,https://location.am-all.net/alm/shop?gm=96&astep=0&sid=25358,38.447684149052,141.265278252193,,ChIJ_3t4T42jiV8Rf1t5PSfEPC0,
ＧｉＧＯ利府,宮城県宮城郡利府町加瀬字新前谷地５５−１,宮城県,10:00〜24:00,英傑大戦、CHUNITHM、頭文字D THE ARCADE、maimai でらっくす、StarHorse4、オンゲキ、Wonderland Wars、セガNET麻雀 MJ Arcade,981-0111,,https://location.am-all.net/alm/shop?gm=96&astep=0&sid=24566,38.3280286,140.9756113,,ChIJU6i5I1uEiV8RhscVOq45EB0,Google
ＧｉＧＯ佐沼,宮城県登米市迫町佐沼字中江２−５−８,宮城県,10:00〜24:00,英傑大戦、CHUNITHM、頭文字D THE ARCADE、maimai でらっくす、StarHorse4、オンゲキ、Wonderland Wars、セガNET麻雀 MJ Arcade,987-0511,,https://location.am-all.net/alm/shop?gm=96&astep=0&sid=29096,38.690444877319,141.189118142328,,ChIJRTp79YsciV8RZOCbTexrmVo,
ゲームランド佐沼店,宮城県登米市南方町新島前４６−１イオンタウン佐沼ＳＣ,宮城県,09:00〜21:00,CHUNITHM、maimai でらっくす、オンゲキ,987-0443,,https://location.am-all.net/alm/shop?gm=96&astep=0&sid=25111,38.6825915404492,141.183924780426,,ChIJBX36SZsciV8RpSaesy6llrs,Google
ＳＯＹＵＧａｍｅＦｉｅｌｄ矢本店,宮城県東松島市小松字上浮足４３番地イオンタウン矢本,宮城県,10:00〜21:00,CHUNITHM、maimai でらっくす、オンゲキ,981-0504,,https://location.am-all.net/alm/shop?gm=96&astep=0&sid=19090,38.4251947,141.2029746,,ChIJv8TrjYijiV8Rvt7uNfI8DAU,Google
モーリーファンタジー古川,宮城県大崎市古川旭2-2-1ｲｵﾝ古川店２F,宮城県,09:00〜21:00,NICO MAKE、CHUNITHM、maimai でらっくす,989-6117,,https://location.am-all.net/alm/shop?gm=96&astep=0&sid=23646,38.5672840778161,140.972785957147,,ChIJZUuXOFwNiV8RmGYfWW6NmTU,Google
ＳＯＹＵ　ＧＡＭＥ　ＦＩＥＬＤ古川店,宮城県大崎市古川沢田字筒場浦１５番地イオンタウン古川内,宮城県,10:00〜23:00,英傑大戦、CHUNITHM、頭文字D THE ARCADE、maimai でらっくす、StarHorse4、オンゲキ,989-6232,,https://location.am-all.net/alm/shop?gm=96&astep=0&sid=19979,38.5990232,140.9741564,,ChIJt4nOkDYTiV8RKhjzqRxySM8,
アピナ富谷店,宮城県富谷市大清水１丁目３３‐１　１０９シネマズ富谷１階,宮城県,10:00〜22:00,NICO MAKE、英傑大戦、CHUNITHM、頭文字D THE ARCADE、maimai でらっくす、オンゲキ,981-3329,,https://location.am-all.net/alm/shop?gm=96&astep=0&sid=19066,38.3648779,140.8752317,,ChIJhUOP4MuDiV8RmWAhHrpEBbw,Google
アピナ新利府　北館店,宮城県宮城郡利府町利府字新屋田前２２イオンモール新利府北館２,宮城県,10:00〜22:00,NICO MAKE、CHUNITHM、maimai でらっくす、オンゲキ、HOUSE OF THE DEAD: SCARLET DAWN,981-0112,,https://location.am-all.net/alm/shop?gm=96&astep=0&sid=19444,38.3268494,140.9719782,,ChIJtya4PhGFiV8RlvWKr2YAVZ4,
ＳＯＹＵＧａｍｅＦｉｅｌｄ御所野店,秋田県秋田市御所野地蔵田１ー１−１イオンモール秋田２Ｆ,秋田県,10:00〜22:30,CHUNITHM、maimai でらっくす、オンゲキ,010-1413,,https://location.am-all.net/alm/shop?gm=96&astep=0&sid=28775,39.6634142928599,140.161098038623,,ChIJMYhVeXLBj18Rebrm0aUN2Ik,
ＧｉＧＯ秋田,秋田県秋田市茨島１−１−１６,秋田県,10:00〜24:00,英傑大戦、CHUNITHM、頭文字D THE ARCADE、maimai でらっくす、StarHorse4、ALL.Net P-ras MULTI バージョン３、オンゲキ、Wonderland Wars、セガNET麻雀 MJ Arcade,010-0065,,https://location.am-all.net/alm/shop?gm=96&astep=0&sid=29101,39.7042341752701,140.104589257672,,ChIJQw7yKQPDj18R3oulQvIS6yc,
ラウンドワン秋田店,秋田県秋田市卸町１−１−２,秋田県,10:00〜23:50,StarHorseParty、英傑大戦、CHUNITHM、頭文字D THE ARCADE、maimai でらっくす、StarHorse4、オンゲキ、HOUSE OF THE DEAD: SCARLET DAWN,010-0061,,https://location.am-all.net/alm/shop?gm=96&astep=0&sid=25453,39.7020318906541,140.109412103705,,ChIJFUM1LwLDj18RVIohGq30JCM,
ロックンボウル,秋田県秋田市広面字長沼３０１,秋田県,09:00〜02:00,CHUNITHM、maimai でらっくす,010-0041,,https://location.am-all.net/alm/shop?gm=96&astep=0&sid=25200,39.7172790053911,140.143443257672,,ChIJSefFkYXCj18Rh0u4_Kd2iNA,Google
ペニーポット秋田,秋田県秋田市中通2-8-1フォンテ秋田4F,秋田県,09:30〜20:00,totolu、CHUNITHM、maimai でらっくす,010-0001,,https://location.am-all.net/alm/shop?gm=96&astep=0&sid=23282,39.7163482,140.1276316,,ChIJpTtvIJPCj18RgxLj3J2VjrM,Google
ｎａｍｃｏイオンタウン大館西店,秋田県大館市根下戸新町１８番１２１号　イオンタウン大館西内,秋田県,10:00〜21:00,英傑大戦、CHUNITHM、頭文字D THE ARCADE、maimai でらっくす、オンゲキ、HOUSE OF THE DEAD: SCARLET DAWN、セガNET麻雀 MJ Arcade,017-0864,,https://location.am-all.net/alm/shop?gm=96&astep=0&sid=26406,40.273677849949,140.530020586508,,ChIJvzBig5fGml8RoAzarRhY-h4,
ＳＯＹＵＧａｍｅＦｉｅｌｄ大館店,秋田県大館市御成町三丁目７番５８号いとく大館ＳＣ３階,秋田県,09:00〜20:00,CHUNITHM、maimai でらっくす、オンゲキ,017-0044,,https://location.am-all.net/alm/shop?gm=96&astep=0&sid=19169,40.2808817,140.5603404,,ChIJhfe1MXjFml8R2EXlB9CzJlY,Google
ゲームフィールド十文字店,秋田県横手市十文字町仁井田字東22-1スーパーモールラッキー内,秋田県,09:00〜21:00,CHUNITHM、maimai でらっくす、オンゲキ,019-0505,,https://location.am-all.net/alm/shop?gm=96&astep=0&sid=23853,39.2161138876555,140.521055114156,,ChIJSbDadyccj18RZkZS16yMLAc,Google
プレイランドソピアいとくアクロス能代店,秋田県能代市字寺向70いとくアクロス能代店内,秋田県,09:00〜21:00,CHUNITHM、maimai でらっくす,016-0188,,https://location.am-all.net/alm/shop?gm=96&astep=0&sid=23855,40.1828157,140.0534784,,ChIJk9UErHyfml8R5LflPRwCVYM,Google
モーリーファンタジー能代,秋田県能代市柳町１１−１　３Ｆ,秋田県,09:00〜21:00,頭文字D THE ARCADE、maimai でらっくす,016-0825,,https://location.am-all.net/alm/shop?gm=96&astep=0&sid=23624,40.20909,140.0246518,,ChIJNxvz4-Ceml8RNYoO_JAEb3k,Google
ＳＯＹＵＧａｍｅＦｉｅｌｄ能代店,秋田県能代市鰄渕字古屋布１番イオンタウン能代内,秋田県,,CHUNITHM、maimai でらっくす、オンゲキ,016-0121,,https://location.am-all.net/alm/shop?gm=96&astep=0&sid=19411,40.1888271,140.0775041,,,
プラサカプコン大曲店,秋田県大仙市和合字坪立１７７イオン大曲ＳＣ２Ｆ,秋田県,10:00〜21:00,totolu、英傑大戦、CHUNITHM、頭文字D THE ARCADE、maimai でらっくす、ALL.Net P-ras MULTI バージョン３、オンゲキ、HOUSE OF THE DEAD: SCARLET DAWN、セガNET麻雀 MJ Arcade,014-0033,,https://location.am-all.net/alm/shop?gm=96&astep=0&sid=24830,39.4385014,140.5088973,,ChIJF64VMwgKj18RG9EBDCTka3s,Google
ゲームフィールド鷹巣店,秋田県北秋田市栄字前綱76　いとく鷹巣SC内,秋田県,09:00〜22:00,CHUNITHM、maimai でらっくす,018-3302,,https://location.am-all.net/alm/shop?gm=96&astep=0&sid=20051,40.232598,140.3800876,,ChIJ_ezOIiC5ml8R6BIFoJW1WC8,Google
モーリーファンタジー本荘,秋田県由利本荘市石脇田中１３８番地,秋田県,09:00〜21:00,CHUNITHM、maimai でらっくす、オンゲキ、HOUSE OF THE DEAD: SCARLET DAWN,015-0011,,https://location.am-all.net/alm/shop?gm=96&astep=0&sid=19147,39.3915017,140.0274931,,ChIJAUpwL3RSjl8RC4Mg4mx7S28,Google
ＧｉＧＯ北山形,山形県山形市北町１−３−２０,山形県,10:00〜24:00,英傑大戦、CHUNITHM、頭文字D THE ARCADE、maimai でらっくす、StarHorse4、オンゲキ、Wonderland Wars、初音ミク Project DIVA Arcade Future Tone、セガNET麻雀 MJ Arcade,990-0821,,https://location.am-all.net/alm/shop?gm=96&astep=0&sid=29375,38.2682491405412,140.331350988361,,ChIJJ__qrNvJi18RJ5rC5cjCt1M,
トレジャーサバイバル,山形県山形市北町２−２−４５,山形県,10:00〜02:00,CHUNITHM、頭文字D THE ARCADE、maimai でらっくす、オンゲキ,990-0821,,https://location.am-all.net/alm/shop?gm=96&astep=0&sid=22345,38.268743,140.32938,,ChIJ34hr00_Ji18RKj_o1x5xO1Q,Google
あそビレッジ山形店,山形県山形市成沢西５−３−２７,山形県,10:00〜24:00,英傑大戦、CHUNITHM、頭文字D THE ARCADE、maimai でらっくす、StarHorse3 SeasonVII GREAT JOURNEY、セガNET麻雀 MJ Arcade,990-2339,,https://location.am-all.net/alm/shop?gm=96&astep=0&sid=27850,38.2085455,140.3177274,,ChIJeW6MGV20i18R9aVVrFzU-PQ,
パルケ・デ・アミーゴ！山形店,山形県山形市嶋北１−３−１,山形県,,CHUNITHM、頭文字D THE ARCADE、maimai でらっくす、オンゲキ、StarHorse3 SeasonVII GREAT JOURNEY,990-0885,,https://location.am-all.net/alm/shop?gm=96&astep=0&sid=21010,,,,,
スタジオプリモ山形店,山形県山形市城南町１−１−１　霞城セントラル２Ｆ,山形県,10:00〜21:00,CHUNITHM、頭文字D THE ARCADE、maimai でらっくす、オンゲキ,990-0827,,https://location.am-all.net/alm/shop?gm=96&astep=0&sid=20178,38.2501614,140.3267779,,ChIJqcAWQHS3i18R5lWnizcLsVg,Google
アピナ鶴岡店,山形県鶴岡市文下字広野１−１,山形県,10:00〜24:00,英傑大戦、CHUNITHM、頭文字D THE ARCADE、maimai でらっくす、ALL.Net P-ras MULTI バージョン３、オンゲキ、占いコレクション トロッテ、Wonderland Wars、セガNET麻雀 MJ Arcade,997-0003,,https://location.am-all.net/alm/shop?gm=96&astep=0&sid=25296,38.7581391693968,139.844382688432,,ChIJRe83fq4bjF8RilXPCysDwWM,
ＧｉＧＯ天童,山形県天童市南町１−５−２６,山形県,10:00〜24:00,英傑大戦、CHUNITHM、頭文字D THE ARCADE、maimai でらっくす、StarHorse4、ALL.Net P-ras MULTI バージョン３、オンゲキ、HOUSE OF THE DEAD: SCARLET DAWN、StarHorse3 SeasonVII GREAT JOURNEY、Wonderland Wars、初音ミク Project DIVA Arcade Future Tone、セガNET麻雀 MJ Arcade、ALL.Net P-ras MULTI,994-0049,,https://location.am-all.net/alm/shop?gm=96&astep=0&sid=28771,38.3429386,140.3741282,,ChIJ788yiY3Fi18RqsODZZWDNp8,
ソユーゲームフィールド天童店,山形県天童市芳賀タウン北４−１−１ イオンモール天童２Ｆ,山形県,,CHUNITHM、maimai でらっくす、HOUSE OF THE DEAD: SCARLET DAWN,994-0082,,https://location.am-all.net/alm/shop?gm=96&astep=0&sid=22435,38.3449088669296,140.364039140228,,,
ＧｉＧＯ米沢,山形県米沢市大字花沢字タナコ原１７７,山形県,10:00〜24:00,英傑大戦、CHUNITHM、頭文字D THE ARCADE、maimai でらっくす、StarHorse4、ALL.Net P-ras MULTI バージョン３、オンゲキ、Wonderland Wars、セガNET麻雀 MJ Arcade,992-0000,,https://location.am-all.net/alm/shop?gm=96&astep=0&sid=29072,37.9109365167304,140.1336701841,,ChIJvZGj3k3wil8RpSBnKr2UdjI,
モーリーファンタジー米沢,山形県米沢市春日2-13-4　2F,山形県,09:00〜21:00,NICO MAKE、CHUNITHM、頭文字D THE ARCADE、maimai でらっくす、オンゲキ,992-0044,,https://location.am-all.net/alm/shop?gm=96&astep=0&sid=23645,37.9230092,140.108618,,ChIJF78iPW7wil8Rrf6GVYAUaZ8,Google
ＳＯＹＵＧａｍｅＦｉｅｌｄ酒田店,山形県酒田市泉町１９８番地イオンタウン酒田内,山形県,10:00〜21:00,CHUNITHM、maimai でらっくす、オンゲキ,998-0018,,https://location.am-all.net/alm/shop?gm=96&astep=0&sid=19015,38.9357019,139.846927,,ChIJ341B27mfjl8RUdlxM8lsTog,
ＧｉＧＯ新庄,山形県新庄市金沢１０６８,山形県,10:00〜00:00,totolu、CHUNITHM、頭文字D THE ARCADE、lalamee、maimai でらっくす、StarHorse4、ALL.Net P-ras MULTI バージョン３、セガNET麻雀 MJ Arcade,996-0002,,https://location.am-all.net/alm/shop?gm=96&astep=0&sid=19043,38.7646694,140.3084662,,ChIJOznLmfetjl8RKmDEPvu_nyY,
ソユーゲームフィールド三川店,山形県東田川郡三川町大字猪子字和田庫１２８−１イオン三川１Ｆ,山形県,10:00〜21:00,NICO MAKE、CHUNITHM、maimai でらっくす、オンゲキ,997-1316,,https://location.am-all.net/alm/shop?gm=96&astep=0&sid=26375,38.815956938156,139.835458015518,,ChIJndp1d9wejF8RNBJyGVOg9bk,Google
ＧｉＧＯ庄内,山形県東田川郡三川町猪字大堰端３２６番地６,山形県,10:00〜24:00,英傑大戦、CHUNITHM、頭文字D THE ARCADE、maimai でらっくす、StarHorse4、ALL.Net P-ras MULTI バージョン３、Wonderland Wars、初音ミク Project DIVA Arcade Future Tone、セガNET麻雀 MJ Arcade,997-1300,,https://location.am-all.net/alm/shop?gm=96&astep=0&sid=25750,38.8196375734984,139.834864357097,,ChIJj7yfSd4ejF8R9OCrHQX4KKk,
モーリーファンタジー東根,山形県東根市さくらんぼ駅前３−７−１５ｲｵﾝ東根店２Ｆ,山形県,10:00〜21:00,maimai でらっくす,999-3720,,https://location.am-all.net/alm/shop?gm=96&astep=0&sid=24356,38.4270881,140.3874879,,ChIJBdgNdo7ci18RzIbg28VAQ8E,Google
タイトーＦ郡山オリエントパーク店,福島県郡山市安積町荒井字大久保３５−１,福島県,10:00〜23:00,CHUNITHM、maimai でらっくす、オンゲキ、Wonderland Wars、セガNET麻雀 MJ Arcade,963-0111,,https://location.am-all.net/alm/shop?gm=96&astep=0&sid=20650,37.3744762,140.3487551,,ChIJEcVAz1RrIGARP2IJa_GXYYo,Google
ｎａｍｃｏイオンタウン郡山店,福島県郡山市松木町２ー８８イオンタウン郡山内,福島県,09:00〜23:00,英傑大戦、CHUNITHM、頭文字D THE ARCADE、maimai でらっくす、オンゲキ、HOUSE OF THE DEAD: SCARLET DAWN,963-8812,,https://location.am-all.net/alm/shop?gm=96&astep=0&sid=27115,37.3892958195928,140.390675304507,,ChIJaxxaGIJrIGARD9WDDFVC4EI,
ＧｉＧＯ日和田,福島県郡山市日和田町字西中島７−１,福島県,10:00〜24:00,英傑大戦、CHUNITHM、頭文字D THE ARCADE、maimai でらっくす、StarHorse4、ALL.Net P-ras MULTI バージョン３、オンゲキ、Wonderland Wars、初音ミク Project DIVA Arcade Future Tone、セガNET麻雀 MJ Arcade、ALL.Net P-ras MULTI,963-0534,,https://location.am-all.net/alm/shop?gm=96&astep=0&sid=29364,37.4482007411705,140.38041282209,,ChIJj3bMF3JtIGARhmdLwsrpHZA,
ラウンドワン郡山店,福島県郡山市向河原町４−５５,福島県,10:00〜23:50,StarHorseParty、英傑大戦、CHUNITHM、頭文字D THE ARCADE、maimai でらっくす、StarHorse4、オンゲキ、HOUSE OF THE DEAD: SCARLET DAWN,963-8801,,https://location.am-all.net/alm/shop?gm=96&astep=0&sid=25466,37.4023215,140.395636,,ChIJweXOlntsIGARyJENWNNO84U,
ＧｉＧＯ福島南,福島県福島市黒岩字中島７−２,福島県,10:00〜24:00,英傑大戦、CHUNITHM、頭文字D THE ARCADE、maimai でらっくす、StarHorse4、オンゲキ、セガNET麻雀 MJ Arcade,960-8153,,https://location.am-all.net/alm/shop?gm=96&astep=0&sid=28772,37.7277789,140.4671413,,ChIJfTUtBIqEil8RwDRDOtj1pW4,
サープラ福島あそびタウン,福島県福島市栄町１−１　パワーシティーピボット内,福島県,10:00〜22:00,CHUNITHM、頭文字D THE ARCADE、maimai でらっくす,960-8031,,https://location.am-all.net/alm/shop?gm=96&astep=0&sid=28977,37.7542733772699,140.460186281615,,ChIJS_jOW8iFil8RT8t5m4S_c3I,Google
ＧｉＧＯ福島,福島県福島市本内中井１−２,福島県,10:00〜24:00,英傑大戦、CHUNITHM、頭文字D THE ARCADE、maimai でらっくす、StarHorse4、ALL.Net P-ras MULTI バージョン３、オンゲキ、Wonderland Wars、セガNET麻雀 MJ Arcade,960-0103,,https://location.am-all.net/alm/shop?gm=96&astep=0&sid=29362,37.7852286780643,140.487512317791,,ChIJxYxg1TqGil8RmwjGpJchnTs,
ラウンドワン福島店,福島県福島市太田町14-18,福島県,10:00〜23:50,StarHorseParty、totolu、ビンゴシアター、英傑大戦、CHUNITHM、頭文字D THE ARCADE、maimai でらっくす、StarHorse4、オンゲキ、HOUSE OF THE DEAD: SCARLET DAWN、Wonderland Wars、セガNET麻雀 MJ Arcade,960-8068,,https://location.am-all.net/alm/shop?gm=96&astep=0&sid=25826,37.7525491342288,140.456130657672,,ChIJ6URlqreFil8Ry1B2uKGPAa0,
嶺宝スポーツセンター,福島県いわき市小名浜住吉折返２−２,福島県,,CHUNITHM、頭文字D THE ARCADE、maimai でらっくす、オンゲキ、HOUSE OF THE DEAD: SCARLET DAWN,971-8124,,https://location.am-all.net/alm/shop?gm=96&astep=0&sid=25370,36.9742494549186,140.890558032541,,ChIJU1kDcKoTIWARKDYo-6Mu_m8,
ソユーゲームフィールド小名浜店,福島県いわき市小名浜字辰巳町７９イオンモールいわき小名浜３Ｆ,福島県,10:00〜21:00,CHUNITHM、頭文字D THE ARCADE、maimai でらっくす、オンゲキ,971-8101,,https://location.am-all.net/alm/shop?gm=96&astep=0&sid=20346,36.9468192,140.9037941,,ChIJOXTryjUTIWARsNVTLsZC--A,Google
モーリーファンタジーいわき,福島県いわき市平字三倉６８−１イオン３Ｆ,福島県,10:00〜21:00,CHUNITHM、頭文字D THE ARCADE、maimai でらっくす,970-8026,,https://location.am-all.net/alm/shop?gm=96&astep=0&sid=24099,37.0510809,140.8981859,,ChIJP0vnyOIQIWARz-vMvLxxx6o,Google
ＧｉＧＯ会津若松,福島県会津若松市町北町上荒久田字宮下１４２,福島県,10:00〜24:00,ビンゴシアター、英傑大戦、CHUNITHM、頭文字D THE ARCADE、maimai でらっくす、StarHorse4、オンゲキ、Wonderland Wars、セガNET麻雀 MJ Arcade,965-0053,,https://location.am-all.net/alm/shop?gm=96&astep=0&sid=25507,37.5183114871648,139.922173130688,,ChIJm7kR6cysil8Rk_cKI_l03DU,
スウィーツファクトリーパックン会津若松,福島県会津若松市幕内南町９−１０　ＭＥＧＡドンキ２階,福島県,10:00〜21:00,CHUNITHM、maimai でらっくす,965-0849,,https://location.am-all.net/alm/shop?gm=96&astep=0&sid=23506,37.4834838735731,139.904332759772,,ChIJM_n5PztV9V8Rgzt8egZR1Ko,Google
ＧｉＧＯ白河,福島県白河市新高山１−１　メガステージ白河内,福島県,10:00〜24:00,英傑大戦、CHUNITHM、頭文字D THE ARCADE、maimai でらっくす、StarHorse4、オンゲキ,961-0853,,https://location.am-all.net/alm/shop?gm=96&astep=0&sid=29363,37.1193162784933,140.194417933135,,ChIJy-oeMcY6IGARh1SVWrXsls8,
ＳＯＹＵ　Ｅ−ＳＴＵＤＩＯ須賀川店,福島県須賀川市古河１０５イオンタウン須賀川Ｂ棟内,福島県,10:00〜24:00,cherrit、NICO MAKE、CHUNITHM、maimai でらっくす、StarHorse4、オンゲキ、Wonderland Wars、セガNET麻雀 MJ Arcade,962-0803,,https://location.am-all.net/alm/shop?gm=96&astep=0&sid=25910,37.2984206,140.3852977,,ChIJP699wUtAIGARktjqbJ6EpXw,
ＰＡＬＯ喜多方,福島県喜多方市字押切南２−４２−１リオンドールガーデンＳＱ内,福島県,10:00〜20:00,CHUNITHM、頭文字D THE ARCADE、maimai でらっくす,966-0096,,https://location.am-all.net/alm/shop?gm=96&astep=0&sid=25058,37.6468071697725,139.85959210629,,ChIJSSqh6Ii2il8RYkxMy0QoLEk,Google
スタジオプリモ水戸店,茨城県水戸市宮町１−２−４マイム１F,茨城県,10:30〜20:00,CHUNITHM、頭文字D THE ARCADE、maimai でらっくす、オンゲキ,310-0015,,https://location.am-all.net/alm/shop?gm=96&astep=0&sid=21563,36.3714779,140.4774261,,ChIJq6pqSwclImARsjpB3OrBenw,
ＧｉＧＯ水戸,茨城県水戸市宮町１−７−４４コムボックス３１０,茨城県,10:00〜24:00,英傑大戦、CHUNITHM、頭文字D THE ARCADE、maimai でらっくす、オンゲキ、HOUSE OF THE DEAD: SCARLET DAWN、占いコレクション トロッテ、初音ミク Project DIVA Arcade Future Tone、セガNET麻雀 MJ Arcade,310-0015,,https://location.am-all.net/alm/shop?gm=96&astep=0&sid=25759,36.3694663,140.4745213,,ChIJB3sUVwAlImARMvgK9rJQRg0,
ゲームメガ水戸けやき台店,茨城県水戸市酒門町３２７６−１,茨城県,10:00〜24:00,英傑大戦、CHUNITHM、頭文字D THE ARCADE、maimai でらっくす、StarHorse4、ALL.Net P-ras MULTI バージョン３、オンゲキ、StarHorse3 SeasonVII GREAT JOURNEY、占いコレクション トロッテ、Wonderland Wars、初音ミク Project DIVA Arcade Future Tone、セガNET麻雀 MJ Arcade,310-0841,,https://location.am-all.net/alm/shop?gm=96&astep=0&sid=24971,36.3379623793835,140.483228726984,,ChIJP3iIT806ImARyO5kqjOjuac,Google
ユーズランド水戸内原店,茨城県水戸市内原２−１イオンモール水戸内原２Ｆ,茨城県,10:00〜21:00,英傑大戦、CHUNITHM、頭文字D THE ARCADE、maimai でらっくす、オンゲキ、HOUSE OF THE DEAD: SCARLET DAWN,319-0317,,https://location.am-all.net/alm/shop?gm=96&astep=0&sid=25893,36.3739628895065,140.358389559802,,ChIJIQsGduUhImARAUbMXCKSfRM,Google
ＧｉＧＯ水戸南,茨城県水戸市千波町２０１７−１,茨城県,10:00〜24:00,英傑大戦、CHUNITHM、頭文字D THE ARCADE、maimai でらっくす、StarHorse4、ALL.Net P-ras MULTI バージョン３、オンゲキ、Wonderland Wars、初音ミク Project DIVA Arcade Future Tone、セガNET麻雀 MJ Arcade、ALL.Net P-ras MULTI,310-0015,,https://location.am-all.net/alm/shop?gm=96&astep=0&sid=20506,36.3503245426783,140.44300017473,,ChIJEa_K0o8kImARLRdToyVcv0Q,
ＧｉＧＯ日立,茨城県日立市田尻町３−２６−１,茨城県,10:00〜24:00,英傑大戦、CHUNITHM、頭文字D THE ARCADE、maimai でらっくす、StarHorse4、ALL.Net P-ras MULTI バージョン３、オンゲキ、占いコレクション トロッテ、Wonderland Wars、初音ミク Project DIVA Arcade Future Tone、セガNET麻雀 MJ Arcade、ALL.Net P-ras MULTI,319-1416,,https://location.am-all.net/alm/shop?gm=96&astep=0&sid=29336,36.6264312199862,140.669858268787,,ChIJHfJ3HPqBIWAR0Mz1nLEVWps,
ゲームメガ日立店,茨城県日立市東多賀町５−１０−１０,茨城県,10:00〜24:00,英傑大戦、CHUNITHM、頭文字D THE ARCADE、maimai でらっくす、StarHorse4、ALL.Net P-ras MULTI バージョン３、オンゲキ、HOUSE OF THE DEAD: SCARLET DAWN、占いコレクション トロッテ、Wonderland Wars、初音ミク Project DIVA Arcade Future Tone、セガNET麻雀 MJ Arcade,316-0004,,https://location.am-all.net/alm/shop?gm=96&astep=0&sid=25514,36.548234,140.6305081,,ChIJJxc5Z4SAIWARWS4zgAz5LbU,Google
ＧｉＧＯヒタチエ,茨城県日立市幸町１丁目１６番１号ヒタチエ５階,茨城県,10:00〜20:00,CHUNITHM、頭文字D THE ARCADE、maimai でらっくす、オンゲキ、HOUSE OF THE DEAD: SCARLET DAWN,317-0073,,https://location.am-all.net/alm/shop?gm=96&astep=0&sid=24301,36.5918049,140.6590163,,ChIJ7cNcmcqBIWARTIdOXP-CZvA,Google
アミューズビバ,茨城県ひたちなか市東大島２−１１−１１,茨城県,10:00〜24:00,英傑大戦、CHUNITHM、頭文字D THE ARCADE、maimai でらっくす、StarHorse4、ALL.Net P-ras MULTI バージョン３、オンゲキ、HOUSE OF THE DEAD: SCARLET DAWN、占いコレクション トロッテ、Wonderland Wars、初音ミク Project DIVA Arcade Future Tone、セガNET麻雀 MJ Arcade,312-0042,,https://location.am-all.net/alm/shop?gm=96&astep=0&sid=25536,36.406375,140.5318511,,ChIJJ7AU9WwvImARgFCCxKcZllA,
ＧｉＧＯひたちなか,茨城県ひたちなか市田中後４０−２,茨城県,10:00〜00:00,CHUNITHM、頭文字D THE ARCADE、maimai でらっくす、StarHorse4、オンゲキ、セガNET麻雀 MJ Arcade,311-1235,,https://location.am-all.net/alm/shop?gm=96&astep=0&sid=25228,36.3475077274127,140.580089365607,,ChIJjTpJi5kxImAR5cVrg1STeOc,
ＧｉＧＯ　ＭＥＧＡドン･キホーテ勝田,茨城県ひたちなか市石川町１‐１,茨城県,10:00〜21:00,CHUNITHM、頭文字D THE ARCADE、maimai でらっくす、オンゲキ、HOUSE OF THE DEAD: SCARLET DAWN,312-0057,,https://location.am-all.net/alm/shop?gm=96&astep=0&sid=23403,36.3931124,140.5274577,,ChIJEd_fOHYvImARtiysTuusuIc,Google
ゲームメガつくば店,茨城県つくば市小野崎１７７−２,茨城県,09:00〜00:00,英傑大戦、CHUNITHM、頭文字D THE ARCADE、maimai でらっくす、オンゲキ、Wonderland Wars,305-0034,,https://location.am-all.net/alm/shop?gm=96&astep=0&sid=19418,36.0768508,140.1047378,,ChIJ1xlg6oAMImARG3GelnEiq1s,
ＧｉＧＯデイズタウンつくば,茨城県つくば市竹園１—９−２デイズタウンつくば地下１Ｆ,茨城県,10:00〜24:00,英傑大戦、CHUNITHM、頭文字D THE ARCADE、maimai でらっくす、StarHorse4、ALL.Net P-ras MULTI バージョン３、オンゲキ、Wonderland Wars、初音ミク Project DIVA Arcade Future Tone、セガNET麻雀 MJ Arcade,305-0032,,https://location.am-all.net/alm/shop?gm=96&astep=0&sid=26035,36.0777293630069,140.115331641803,,ChIJVRCVtI4MImARe67yZkuv9Bc,
ｎａｍｃｏ　ｉｉａｓつくば店,茨城県つくば市研究学園５丁目１９番地　ｉｉａｓつくば店２Ｆ,茨城県,10:00〜22:00,CHUNITHM、頭文字D THE ARCADE、maimai でらっくす,305-0817,,https://location.am-all.net/alm/shop?gm=96&astep=0&sid=24834,36.0864292635353,140.083811748688,,ChIJJZ6dx5QLImARvQlGRHhbM7M,
ｎａｍｃｏイオンモールつくば店,茨城県つくば市稲岡６６ー１　イオンモールつくば店３Ｆ,茨城県,10:00〜21:00,NICO MAKE、CHUNITHM、頭文字D THE ARCADE、maimai でらっくす、HOUSE OF THE DEAD: SCARLET DAWN,305-0071,,https://location.am-all.net/alm/shop?gm=96&astep=0&sid=22819,36.0336608866887,140.132054126459,,ChIJj3p1AxhzImARVZ9IJ0CHk7A,
ＧｉＧＯトナリエクレオつくば,茨城県つくば市吾妻１丁目７−１　トナリエクレオ３Ｆ,茨城県,10:00〜20:00,CHUNITHM、maimai でらっくす、オンゲキ,305-0031,,https://location.am-all.net/alm/shop?gm=96&astep=0&sid=19445,36.0805071,140.1117159,,ChIJlY0WdQANImARk8z7Qr3_hms,Google
ＧｉＧＯ石岡,茨城県石岡市東大橋中峯１９７６−１,茨城県,10:00〜24:00,英傑大戦、CHUNITHM、頭文字D THE ARCADE、maimai でらっくす、StarHorse4、ALL.Net P-ras MULTI バージョン３、オンゲキ、Wonderland Wars、初音ミク Project DIVA Arcade Future Tone、セガNET麻雀 MJ Arcade,315-0031,,https://location.am-all.net/alm/shop?gm=96&astep=0&sid=25513,36.1986319157943,140.303386086508,,ChIJewHOzoYWImARj9Yg1uAoleY,
ピンクパンサー下妻店,茨城県下妻市小島884-10,茨城県,09:00〜24:00,英傑大戦、CHUNITHM、頭文字D THE ARCADE、maimai でらっくす、StarHorse4、オンゲキ、占いコレクション トロッテ,304-0051,,https://location.am-all.net/alm/shop?gm=96&astep=0&sid=28054,36.1702653,139.9665309,,ChIJsbBiRB2pGGARVst8rHjxR6I,
モーリーファンタジー下妻,茨城県下妻市掘篭９７２−１イオン下妻店2F,茨城県,09:00〜21:00,CHUNITHM、maimai でらっくす,304-0033,,https://location.am-all.net/alm/shop?gm=96&astep=0&sid=24496,36.1900458928707,139.98972162229,,ChIJix8z_bqpGGARQoSLQHP1LCc,Google
ゲームパニックつくば,茨城県土浦市中村東1-1-1サンタスワールド内,茨城県,10:00〜24:00,StarHorseParty、NICO MAKE、totolu、英傑大戦、CHUNITHM、頭文字D THE ARCADE、maimai でらっくす、StarHorse4、ALL.Net P-ras MULTI バージョン３、オンゲキ、StarHorse3 SeasonVII GREAT JOURNEY、占いコレクション トロッテ、Wonderland Wars、初音ミク Project DIVA Arcade Future Tone、セガNET麻雀 MJ Arcade,300-0850,,https://location.am-all.net/alm/shop?gm=96&astep=0&sid=27010,36.0463834,140.1682228,,ChIJJ_qSe5ZyImAR2RtouFKBhC0,
楽市楽座イオンモール土浦店,茨城県土浦市上高津３６７イオンモール土浦ＳＣ３階,茨城県,10:00〜21:00,CHUNITHM、頭文字D THE ARCADE、maimai でらっくす、HOUSE OF THE DEAD: SCARLET DAWN,300-0811,,https://location.am-all.net/alm/shop?gm=96&astep=0&sid=24619,36.0800877,140.1808547,,ChIJUVaunlcNImARr3TrC8AUClE,Google
ピンクパンサー土浦店,茨城県土浦市木田余４５８５−３,茨城県,10:00〜24:00,英傑大戦、CHUNITHM、頭文字D THE ARCADE、maimai でらっくす、StarHorse4、オンゲキ、Wonderland Wars、初音ミク Project DIVA Arcade Future Tone、セガNET麻雀 MJ Arcade,300-0026,,https://location.am-all.net/alm/shop?gm=96&astep=0&sid=20183,36.1065463,140.2151975,,ChIJP9Oxk-cSImARrxoSuj-kiH8,Google
ＦＥＳＴＡ古河店,茨城県古河市松並２−１８−１０マーケットシティ古河,茨城県,10:00〜24:00,NICO MAKE、CHUNITHM、頭文字D THE ARCADE、maimai でらっくす、オンゲキ、HOUSE OF THE DEAD: SCARLET DAWN,306-0021,,https://location.am-all.net/alm/shop?gm=96&astep=0&sid=25416,36.2097135941694,139.709653102655,,ChIJRbuoBItKH2ARDu9IwIYz2Bg,Google
ＧＡＭＥ ＰＡＤＤＯＣＫ＋１,茨城県古河市小堤１９１６−１,茨城県,10:00〜24:00,英傑大戦、CHUNITHM、頭文字D THE ARCADE、maimai でらっくす、ALL.Net P-ras MULTI バージョン３、オンゲキ、Wonderland Wars、初音ミク Project DIVA Arcade Future Tone、セガNET麻雀 MJ Arcade、ALL.Net P-ras MULTI,306-0231,,https://location.am-all.net/alm/shop?gm=96&astep=0&sid=28949,36.2067383,139.7578725,,ChIJT_8100VLH2ARJmrNfVkXav8,
ＧｉＧＯショッピングセンターチェリオ鹿嶋,茨城県鹿嶋市宮中２９０−１ショッピングセンターチェリオ１階,茨城県,10:00〜22:00,CHUNITHM、頭文字D THE ARCADE、maimai でらっくす、オンゲキ,314-0031,,https://location.am-all.net/alm/shop?gm=96&astep=0&sid=26250,35.9595985780055,140.643754158861,,ChIJg6s08X1VImARYoE0lkiXT0I,Google
ＳＯＹＵ　ＴＯＹ’Ｓ　ＮＹ　守谷店,茨城県守谷市百合ヶ丘3-249-1イオンタウン守谷2Ｆ,茨城県,10:00〜21:00,CHUNITHM、maimai でらっくす、オンゲキ,302-0110,,https://location.am-all.net/alm/shop?gm=96&astep=0&sid=24376,35.944794323478,139.990600609045,,ChIJ49ADekOeGGARy3euNfJ3pA0,Google
ＧｉＧＯ神栖,茨城県神栖市神栖１ー８−１,茨城県,10:00〜24:00,英傑大戦、CHUNITHM、頭文字D THE ARCADE、maimai でらっくす、StarHorse4、ALL.Net P-ras MULTI バージョン３、オンゲキ、Wonderland Wars、セガNET麻雀 MJ Arcade,314-0143,,https://location.am-all.net/alm/shop?gm=96&astep=0&sid=26623,35.8979951,140.6444094,,ChIJzZqGQmT-ImARiKUtQ89VtYs,
ＧｉＧＯ龍ヶ崎,茨城県龍ケ崎市藤ケ丘４−２−８,茨城県,10:00〜24:00,英傑大戦、CHUNITHM、頭文字D THE ARCADE、maimai でらっくす、StarHorse4、ALL.Net P-ras MULTI バージョン３、オンゲキ、Wonderland Wars、初音ミク Project DIVA Arcade Future Tone、セガNET麻雀 MJ Arcade,301-0855,,https://location.am-all.net/alm/shop?gm=96&astep=0&sid=25157,35.9385388,140.1959422,,ChIJ01ndS_BvImARleFywe_bmJY,
アピナ下館店,茨城県筑西市玉戸１０１２−３,茨城県,10:00〜24:00,英傑大戦、CHUNITHM、頭文字D THE ARCADE、maimai でらっくす、ALL.Net P-ras MULTI バージョン３、オンゲキ、StarHorse3 SeasonVII GREAT JOURNEY、Wonderland Wars、初音ミク Project DIVA Arcade Future Tone、セガNET麻雀 MJ Arcade,308-0847,,https://location.am-all.net/alm/shop?gm=96&astep=0&sid=26871,36.2954255712708,139.945689284131,,ChIJJ_gOaJpUH2ARlWd6uQfVsH8,
ｎａｍｃｏフェドラＰ＆Ｄ佐野店,栃木県佐野市高萩町１３４０番地,栃木県,10:00〜23:00,英傑大戦、CHUNITHM、頭文字D THE ARCADE、maimai でらっくす、StarHorse4、ALL.Net P-ras MULTI バージョン３、オンゲキ、HOUSE OF THE DEAD: SCARLET DAWN、StarHorse3 SeasonVII GREAT JOURNEY、Wonderland Wars、セガNET麻雀 MJ Arcade、ALL.Net P-ras MULTI,327-0821,,https://location.am-all.net/alm/shop?gm=96&astep=0&sid=25543,36.2973133,139.6056474,,ChIJ4wBHXR86H2ARHoGEJ_RtRO0,
シーサイドリゾートアミューズメントパーク,栃木県宇都宮市睦町７−３,栃木県,10:00〜02:00,英傑大戦、CHUNITHM、頭文字D THE ARCADE、maimai でらっくす、ALL.Net P-ras MULTI バージョン３、オンゲキ、Wonderland Wars、初音ミク Project DIVA Arcade Future Tone、セガNET麻雀 MJ Arcade,320-0865,,https://location.am-all.net/alm/shop?gm=96&astep=0&sid=28500,36.5632663,139.8603778,,ChIJnzDhZdNnH2AR4qLJ7hsqOIM,Google
ＧｉＧＯ宇都宮,栃木県宇都宮市東宿郷５−１−７,栃木県,10:00〜24:00,英傑大戦、CHUNITHM、頭文字D THE ARCADE、maimai でらっくす、StarHorse4、ALL.Net P-ras MULTI バージョン３、オンゲキ、占いコレクション トロッテ、Wonderland Wars、初音ミク Project DIVA Arcade Future Tone、セガNET麻雀 MJ Arcade,321-0953,,https://location.am-all.net/alm/shop?gm=96&astep=0&sid=29351,36.5583104,139.9088155,,ChIJr6D3C29nH2ARSPc2ukqCS6Q,
ｎａｍｃｏ宇都宮店,栃木県宇都宮市簗瀬町１６０６ー１　Ｐ＆Ｄビル,栃木県,10:00〜23:00,英傑大戦、CHUNITHM、頭文字D THE ARCADE、maimai でらっくす、StarHorse4、オンゲキ、初音ミク Project DIVA Arcade Future Tone,321-0933,,https://location.am-all.net/alm/shop?gm=96&astep=0&sid=28887,36.5438973,139.8915485,,ChIJVWEGPIFnH2ARNJnAdvFmXT0,
タイトーステーション 宇都宮ベルモール店,栃木県宇都宮市陽東６−２−１ベルモール内２Ｆ,栃木県,10:00〜21:00,CHUNITHM、頭文字D THE ARCADE、maimai でらっくす,321-0904,,https://location.am-all.net/alm/shop?gm=96&astep=0&sid=26472,36.5560281533074,139.928145107935,,ChIJfy_bevhdH2ARO5hS6HDByOI,Google
ラウンドワン宇都宮店,栃木県宇都宮市江曽島町２０７２−１,栃木県,10:00〜23:50,StarHorseParty、totolu、英傑大戦、CHUNITHM、頭文字D THE ARCADE、maimai でらっくす、StarHorse4、オンゲキ、HOUSE OF THE DEAD: SCARLET DAWN,321-0102,,https://location.am-all.net/alm/shop?gm=96&astep=0&sid=25900,36.5406864,139.8868934,,ChIJqeLJuYdnH2ARRE6lt8TvgCE,
テクモピアパルテロン宇都宮店,栃木県宇都宮市今泉町２３７福田屋ＳＰ宇都宮２Ｆ,栃木県,,CHUNITHM、maimai でらっくす,321-0962,,https://location.am-all.net/alm/shop?gm=96&astep=0&sid=25312,,,,,
INTER PARK+1宇都宮,栃木県宇都宮市インターパーク６−５−１,栃木県,09:00〜24:00,NICO MAKE、totolu、英傑大戦、CHUNITHM、頭文字D THE ARCADE、maimai でらっくす、ALL.Net P-ras MULTI バージョン３、オンゲキ、Wonderland Wars、初音ミク Project DIVA Arcade Future Tone、セガNET麻雀 MJ Arcade、ALL.Net P-ras MULTI,321-0118,,https://location.am-all.net/alm/shop?gm=96&astep=0&sid=26849,36.4881173,139.905569,,,
TFSトナリエ宇都宮,栃木県宇都宮市駅前通り１丁目４番６号トナリエ宇都宮,栃木県,10:00〜21:00,CHUNITHM、maimai でらっくす、オンゲキ、HOUSE OF THE DEAD: SCARLET DAWN,321-0964,,https://location.am-all.net/alm/shop?gm=96&astep=0&sid=21227,36.5604643239865,139.896996629448,,ChIJVVWVQHVnH2ARIK3K_6uMAyI,
ファンタジーランドガルー宇都宮店,栃木県宇都宮市江曽島本町22-7アピタ宇都宮店2Ｆ,栃木県,10:00〜21:00,CHUNITHM、maimai でらっくす,321-0101,,https://location.am-all.net/alm/shop?gm=96&astep=0&sid=23517,36.5315924,139.8669094,,ChIJFY-_-BlnH2ARUFbx4JBligE,Google
タイトーＦステーション小山店,栃木県小山市喜沢1475ハーヴェストウォーク内スポーツシネマ棟,栃木県,10:00〜22:00,NICO MAKE、CHUNITHM、頭文字D THE ARCADE、maimai でらっくす、StarHorse4、ALL.Net P-ras MULTI バージョン３、オンゲキ、HOUSE OF THE DEAD: SCARLET DAWN、Wonderland Wars、初音ミク Project DIVA Arcade Future Tone、セガNET麻雀 MJ Arcade,323-0014,,https://location.am-all.net/alm/shop?gm=96&astep=0&sid=22431,36.3361438254455,139.807379635721,,ChIJew4Y4A5PH2ARph7VTF0tNOE,Google
ＧｉＧＯ小山,栃木県小山市東城南１−１−１８,栃木県,10:00〜24:00,英傑大戦、CHUNITHM、頭文字D THE ARCADE、maimai でらっくす、StarHorse4、ALL.Net P-ras MULTI バージョン３、オンゲキ、Wonderland Wars、初音ミク Project DIVA Arcade Future Tone、セガNET麻雀 MJ Arcade、ALL.Net P-ras MULTI,323-0829,,https://location.am-all.net/alm/shop?gm=96&astep=0&sid=29342,36.2989766,139.8101635,,ChIJN-MMmYhOH2ARUgCUmjTDTBw,
アピナ小山店,栃木県小山市駅南町４−２７−１８,栃木県,10:00〜24:00,NICO MAKE、英傑大戦、CHUNITHM、頭文字D THE ARCADE、maimai でらっくす、StarHorse4、ALL.Net P-ras MULTI バージョン３、オンゲキ、セガNET麻雀 MJ Arcade,323-0822,,https://location.am-all.net/alm/shop?gm=96&astep=0&sid=24575,36.3004010398882,139.809123811639,,ChIJEdT6KYlOH2ARi7zXVdUaKcw,
ＫＯＫＡＤＯタウン小山店,栃木県小山市中久喜１４６７ー１イオンモール小山店２階,栃木県,10:00〜21:00,CHUNITHM、頭文字D THE ARCADE、maimai でらっくす,323-0806,,https://location.am-all.net/alm/shop?gm=96&astep=0&sid=22728,36.3220765697447,139.840966130688,,ChIJTyZdtj1OH2ARaLlitSnmOTA,Google
ＧＡＭＥ　ＧＥＴーＢｅｅ　ＶＡＬ小山店,栃木県小山市城山町３丁目３番地２２号,栃木県,10:00〜20:00,CHUNITHM、maimai でらっくす、オンゲキ,323-0025,,https://location.am-all.net/alm/shop?gm=96&astep=0&sid=18929,36.3126948,139.8066084,,ChIJawUVBQBPH2ARCWfEqZlMVIA,
ＧｉＧＯ日光,栃木県日光市芹沼１４４８−１,栃木県,10:00〜24:00,CHUNITHM、頭文字D THE ARCADE、maimai でらっくす、ALL.Net P-ras MULTI バージョン３、オンゲキ、Wonderland Wars、初音ミク Project DIVA Arcade Future Tone、セガNET麻雀 MJ Arcade、ALL.Net P-ras MULTI,321-2405,,https://location.am-all.net/alm/shop?gm=96&astep=0&sid=29088,36.7410948641182,139.710139661307,,ChIJ1-g6QEB1H2ARR4IZr60f1a0,
ＧｉＧＯ足利朝倉,栃木県足利市朝倉町２４４‐１,栃木県,09:30〜24:00,英傑大戦、CHUNITHM、頭文字D THE ARCADE、maimai でらっくす、StarHorse4、ALL.Net P-ras MULTI バージョン３、オンゲキ、HOUSE OF THE DEAD: SCARLET DAWN、StarHorse3 SeasonVII GREAT JOURNEY、Wonderland Wars,326-0823,,https://location.am-all.net/alm/shop?gm=96&astep=0&sid=25770,36.3224907121246,139.4503431,,ChIJ57CpQ9QjH2ARD7l7_z_C3WM,Google
大田原スポーツランド,栃木県那須塩原市一区町１０４−６０,栃木県,10:00〜03:00,CHUNITHM、頭文字D THE ARCADE、maimai でらっくす、オンゲキ、初音ミク Project DIVA Arcade Future Tone、セガNET麻雀 MJ Arcade,329-2732,,https://location.am-all.net/alm/shop?gm=96&astep=0&sid=26674,36.8519301,139.993356,,ChIJRRdbgb5_H2ARvvHnsxrtL-s,
ＧｉＧＯ西那須野,栃木県那須塩原市南郷屋２−１０６−２７,栃木県,10:00〜24:00,英傑大戦、CHUNITHM、頭文字D THE ARCADE、maimai でらっくす、StarHorse4、オンゲキ、占いコレクション トロッテ、Wonderland Wars、初音ミク Project DIVA Arcade Future Tone、セガNET麻雀 MJ Arcade,329-2705,,https://location.am-all.net/alm/shop?gm=96&astep=0&sid=29090,36.895119,139.9822381,,ChIJDZjx-U2AH2ARTt91vztRFRs,
アピナ宇都宮店,栃木県河内郡上三川町磯岡４２１ー１ジョイフル本田宇都宮店２階,栃木県,10:00〜23:59,CHUNITHM、頭文字D THE ARCADE、maimai でらっくす、オンゲキ、HOUSE OF THE DEAD: SCARLET DAWN,329-0606,,https://location.am-all.net/alm/shop?gm=96&astep=0&sid=18857,36.4801944,139.9082222,,ChIJkWrQLENdH2ARkfwjs890Ajs,
タイト—Ｆステーション高崎オ—パ店,群馬県高崎市八島町４６−１　高崎オ—パ７階,群馬県,10:00〜21:00,cherrit、CHUNITHM、maimai でらっくす、オンゲキ,370-0849,,https://location.am-all.net/alm/shop?gm=96&astep=0&sid=19441,36.3230805,139.0110729,,ChIJA1DMfjKTHmARWC4qfG3VEK0,
群馬レジャーランド高崎駅東口店,群馬県高崎市江木町３３３−１高崎ＥＸビル,群馬県,24時間,StarHorseParty、英傑大戦、CHUNITHM、頭文字D THE ARCADE、maimai でらっくす、StarHorse4、ALL.Net P-ras MULTI バージョン３、オンゲキ、StarHorse3 SeasonVII GREAT JOURNEY、Wonderland Wars、セガNET麻雀 MJ Arcade,370-0046,,https://location.am-all.net/alm/shop?gm=96&astep=0&sid=26128,36.3298716077508,139.012857479762,,ChIJ3ybGEWONHmARqx4N3VMVMMk,Google
ユーズランド高崎店,群馬県高崎市棟高町１４００番地イオンモール高崎２Ｆ,群馬県,10:00〜21:00,英傑大戦、CHUNITHM、頭文字D THE ARCADE、maimai でらっくす、オンゲキ,370-3521,,https://location.am-all.net/alm/shop?gm=96&astep=0&sid=25537,36.3904820267397,139.006530367459,,ChIJFRmUG4SMHmARZOiYI5XlbaQ,Google
インターワールド伊勢崎店,群馬県伊勢崎市宮子町３４２５−４,群馬県,08:00〜04:00,英傑大戦、CHUNITHM、頭文字D THE ARCADE、maimai でらっくす、オンゲキ、初音ミク Project DIVA Arcade Future Tone、セガNET麻雀 MJ Arcade,372-0801,,https://location.am-all.net/alm/shop?gm=96&astep=0&sid=26473,36.3315213647662,139.162503275463,,ChIJvfPqYt_uHmARhq3YD8ndyaU,
群馬レジャーランド伊勢崎店,群馬県伊勢崎市連取町3066-1,群馬県,24時間,StarHorseParty、英傑大戦、CHUNITHM、頭文字D THE ARCADE、maimai でらっくす、StarHorse4、ALL.Net P-ras MULTI バージョン３、オンゲキ、Wonderland Wars、セガNET麻雀 MJ Arcade,372-0812,,https://location.am-all.net/alm/shop?gm=96&astep=0&sid=28820,36.318212842807,139.172370908598,,ChIJAccvh9LoHmARzuuWRRPsJAk,
ＧｉＧＯスマーク伊勢崎,群馬県伊勢崎市西小保方町３６８スマーク伊勢崎３Ｆ　３０２区画,群馬県,10:00〜21:00,NICO MAKE、英傑大戦、CHUNITHM、頭文字D THE ARCADE、maimai でらっくす、オンゲキ、HOUSE OF THE DEAD: SCARLET DAWN、Wonderland Wars、初音ミク Project DIVA Arcade Future Tone,379-2224,,https://location.am-all.net/alm/shop?gm=96&astep=0&sid=20014,36.3391744,139.2330425,,ChIJqV4FFzvnHmARkLgJP9E_8Ek,Google
群馬レジャーランド藤岡店,群馬県藤岡市中2002-1,群馬県,09:00〜23:50,StarHorseParty、ビンゴシアター、英傑大戦、CHUNITHM、頭文字D THE ARCADE、maimai でらっくす、StarHorse4、ALL.Net P-ras MULTI バージョン３、オンゲキ、Wonderland Wars、初音ミク Project DIVA Arcade Future Tone、セガNET麻雀 MJ Arcade,375-0005,,https://location.am-all.net/alm/shop?gm=96&astep=0&sid=25743,36.2743443,139.0718665,,ChIJ5b7xVXvrHmARs_ndxdk6KXk,Google
ＧｉＧＯ太田,群馬県太田市西矢島町５７５−１,群馬県,10:00〜24:00,英傑大戦、CHUNITHM、頭文字D THE ARCADE、maimai でらっくす、StarHorse4、オンゲキ,373-0823,,https://location.am-all.net/alm/shop?gm=96&astep=0&sid=29347,36.2745538851208,139.378084339217,,ChIJG0Z1X7wgH2ARJtcUC84afag,
群馬レジャーランド太田店,群馬県太田市西矢島町162-2,群馬県,24時間,StarHorseParty、ビンゴシアター、英傑大戦、CHUNITHM、頭文字D THE ARCADE、maimai でらっくす、StarHorse4、ALL.Net P-ras MULTI バージョン３、オンゲキ、セガNET麻雀 MJ Arcade,373-0823,,https://location.am-all.net/alm/shop?gm=96&astep=0&sid=25784,36.2681054242821,139.375925110451,,ChIJ32AmqbogH2AR921bgGt1lq4,Google
アピナ太田店,群馬県太田市内ケ島町９０７−１,群馬県,10:00〜24:00,英傑大戦、CHUNITHM、頭文字D THE ARCADE、maimai でらっくす、StarHorse4、ALL.Net P-ras MULTI バージョン３、オンゲキ、Wonderland Wars、初音ミク Project DIVA Arcade Future Tone、セガNET麻雀 MJ Arcade、ALL.Net P-ras MULTI,373-0813,,https://location.am-all.net/alm/shop?gm=96&astep=0&sid=26745,36.2829707,139.3984248,,ChIJI5Z2X9wgH2ARYTT1OK-Gg-w,
ユーズランド太田店,群馬県太田市石原町８１番地イオンモール太田２Ｆ,群馬県,10:00〜21:00,英傑大戦、CHUNITHM、頭文字D THE ARCADE、maimai でらっくす、オンゲキ、HOUSE OF THE DEAD: SCARLET DAWN,373-0808,,https://location.am-all.net/alm/shop?gm=96&astep=0&sid=26248,36.2941440442611,139.40043617791,,ChIJcxOYhuQgH2AR6Oxbj3NJI-w,Google
ＧｉＧＯ館林,群馬県館林市小桑原町９４９−１,群馬県,10:00〜24:00,英傑大戦、CHUNITHM、頭文字D THE ARCADE、maimai でらっくす、StarHorse4、ALL.Net P-ras MULTI バージョン３、オンゲキ、Wonderland Wars、初音ミク Project DIVA Arcade Future Tone、セガNET麻雀 MJ Arcade、ALL.Net P-ras MULTI,374-0037,,https://location.am-all.net/alm/shop?gm=96&astep=0&sid=26330,36.2352209688031,139.520328699167,,ChIJZyv0J-UvH2ARtaPXEzmMZoY,
ラウンドワン前橋店,群馬県前橋市天川大島町１１０１−１,群馬県,10:00〜23:50,StarHorseParty、英傑大戦、CHUNITHM、頭文字D THE ARCADE、maimai でらっくす、StarHorse4、オンゲキ、HOUSE OF THE DEAD: SCARLET DAWN,379-2154,,https://location.am-all.net/alm/shop?gm=96&astep=0&sid=25037,36.3687628,139.1052489,,ChIJD2AqlwvyHmARKKle83ZoAXA,
群馬レジャーランド前橋店,群馬県前橋市日吉町４ー３７ー１,群馬県,09:00〜23:50,英傑大戦、CHUNITHM、頭文字D THE ARCADE、maimai でらっくす、オンゲキ,371-0017,,https://location.am-all.net/alm/shop?gm=96&astep=0&sid=18676,36.4049826,139.0794233,,ChIJaTozLwDzHmARY-vHxZKvXM0,Google
ｎａｍｃｏけやきウォーク前橋店,群馬県前橋市文京町２ー１ー１けやきウォーク前橋２Ｆ,群馬県,10:00〜21:00,CHUNITHM、頭文字D THE ARCADE、maimai でらっくす、オンゲキ,371-0801,,https://location.am-all.net/alm/shop?gm=96&astep=0&sid=25412,36.3791412495125,139.078086493185,,ChIJL6KLEffyHmARlNBMJyfBkSU,
群馬レジャーランド渋川店,群馬県渋川市八木原1364,群馬県,24時間,StarHorseParty、英傑大戦、CHUNITHM、頭文字D THE ARCADE、maimai でらっくす、StarHorse4、ALL.Net P-ras MULTI バージョン３、オンゲキ、Wonderland Wars、セガNET麻雀 MJ Arcade,377-0003,,https://location.am-all.net/alm/shop?gm=96&astep=0&sid=25325,36.4741948541423,139.01537972209,,ChIJl4Z5MCdgHmARRnpuUYl7ivo,
ＧｉＧＯ沼田,群馬県沼田市下久屋町１１００−１,群馬県,11:00〜24:00,英傑大戦、CHUNITHM、頭文字D THE ARCADE、maimai でらっくす、StarHorse4、Wonderland Wars、初音ミク Project DIVA Arcade Future Tone、セガNET麻雀 MJ Arcade,378-0004,,https://location.am-all.net/alm/shop?gm=96&astep=0&sid=29085,36.6567755472419,139.078069109262,,ChIJn8Uvyt5CHmARhVqo3-x7Q6I,
宝島大間々店,群馬県みどり市大間々町大間々４０番地さくらもーる２Ｆ,群馬県,10:00〜20:00,maimai でらっくす,376-0101,,https://location.am-all.net/alm/shop?gm=96&astep=0&sid=25642,36.4135415,139.2813788,,ChIJu24CS5zkHmARXANiAd98sag,Google
ＧｉＧＯ　ＭＥＧＡドン･キホーテ桐生,群馬県桐生市永楽町５‐１０,群馬県,10:00〜21:00,CHUNITHM、頭文字D THE ARCADE、maimai でらっくす、オンゲキ、初音ミク Project DIVA Arcade Future Tone,376-0044,,https://location.am-all.net/alm/shop?gm=96&astep=0&sid=21727,36.4124944051274,139.335855274591,,ChIJMRQYmUXiHmARQfTtOdpxgN8,Google
ＧｉＧＯ川口,埼玉県川口市東領家２−２−１０,埼玉県,10:00〜24:00,英傑大戦、CHUNITHM、頭文字D THE ARCADE、maimai でらっくす、StarHorse4、ALL.Net P-ras MULTI バージョン３、オンゲキ、StarHorse3 SeasonVII GREAT JOURNEY、Wonderland Wars、初音ミク Project DIVA Arcade Future Tone、セガNET麻雀 MJ Arcade,332-0003,,https://location.am-all.net/alm/shop?gm=96&astep=0&sid=29353,35.7948507698797,139.747528542328,,ChIJiV27zbaTGGARqvc9aaXZ-s4,
シルクハット川口,埼玉県川口市栄町３−１−１６イート川口ビル４Ｆ,埼玉県,09:00〜23:45,英傑大戦、CHUNITHM、頭文字D THE ARCADE、maimai でらっくす、StarHorse4、オンゲキ,332-0017,,https://location.am-all.net/alm/shop?gm=96&astep=0&sid=26489,35.8030674709039,139.717445211639,,ChIJ468AR2-TGGARfDVCJR3wCPM,
ゲームシティ川口店,埼玉県川口市栄町1-10-5,埼玉県,10:00〜23:50,英傑大戦、CHUNITHM、maimai でらっくす、StarHorse4、オンゲキ、Wonderland Wars,332-0017,,https://location.am-all.net/alm/shop?gm=96&astep=0&sid=27628,35.8025278,139.7256101,,ChIJt3-f4HOTGGARafs_wLabaik,Google
楽市楽座イオンモール川口前川店,埼玉県川口市前川1-1-11イオンモール川口前川店3F,埼玉県,10:00〜21:00,NICO MAKE、CHUNITHM、頭文字D THE ARCADE、maimai でらっくす,333-0842,,https://location.am-all.net/alm/shop?gm=96&astep=0&sid=28935,35.8341858,139.707058,,ChIJl2OdiMOUGGAR3sSNRR1tICo,
ソユーゲームフィールド川口店,埼玉県川口市並木元町１−７９　アリオ川口３Ｆ,埼玉県,10:00〜21:00,CHUNITHM、maimai でらっくす、オンゲキ、HOUSE OF THE DEAD: SCARLET DAWN,332-0033,,https://location.am-all.net/alm/shop?gm=96&astep=0&sid=24374,35.8071180742279,139.714134922754,,ChIJ46OYKmGTGGARjH4mPxyNqNw,Google
ＧｉＧＯ所沢,埼玉県所沢市日吉町８−１,埼玉県,09:00〜24:00,英傑大戦、CHUNITHM、頭文字D THE ARCADE、maimai でらっくす、StarHorse4、ALL.Net P-ras MULTI バージョン３、オンゲキ、Wonderland Wars、初音ミク Project DIVA Arcade Future Tone、セガNET麻雀 MJ Arcade,359-1123,,https://location.am-all.net/alm/shop?gm=96&astep=0&sid=29360,35.788476,139.471899,,ChIJ0QsmIIrdGGAR5UcyV_Q19wk,
タイトーステーション 所沢店,埼玉県所沢市日吉町３−７,埼玉県,09:00〜24:00,英傑大戦、CHUNITHM、maimai でらっくす、StarHorse4、オンゲキ,359-1123,,https://location.am-all.net/alm/shop?gm=96&astep=0&sid=24560,35.7880928,139.4723684,,ChIJ_eKj8IndGGARclX6Q-9OCeU,Google
キャロム所沢店,埼玉県所沢市下安松969-1,埼玉県,12:00〜27:00,CHUNITHM、頭文字D THE ARCADE、maimai でらっくす、StarHorse4、ALL.Net P-ras MULTI バージョン３、StarHorse3 SeasonVII GREAT JOURNEY、Wonderland Wars、セガNET麻雀 MJ Arcade,359-0024,,https://location.am-all.net/alm/shop?gm=96&astep=0&sid=28960,35.791518,139.5041488,,ChIJYfOsjo3nGGARrNOvVc_nZkw,
ラウンドワン所沢店,埼玉県所沢市東町５丁目２２　６階,埼玉県,10:00〜06:00,StarHorseParty、NICO MAKE、ビンゴシアター、英傑大戦、CHUNITHM、頭文字D THE ARCADE、maimai でらっくす、StarHorse4、オンゲキ、HOUSE OF THE DEAD: SCARLET DAWN,359-1116,,https://location.am-all.net/alm/shop?gm=96&astep=0&sid=19128,35.7888614,139.469562,,ChIJqZOa62XdGGAR2RY96ypAwlk,Google
キャロム坂戸店,埼玉県坂戸市関間2-151-1,埼玉県,12:00〜27:00,CHUNITHM、頭文字D THE ARCADE、maimai でらっくす、ALL.Net P-ras MULTI バージョン３、オンゲキ、Wonderland Wars、セガNET麻雀 MJ Arcade,350-0215,,https://location.am-all.net/alm/shop?gm=96&astep=0&sid=28966,35.9526038,139.3985338,,ChIJA4emoVvWGGARHgtPVbbSb8Y,
埼玉レジャーランド春日部店,埼玉県春日部市大字増富字谷際163-1,埼玉県,24時間,StarHorseParty、英傑大戦、CHUNITHM、頭文字D THE ARCADE、maimai でらっくす、StarHorse4、ALL.Net P-ras MULTI バージョン３、オンゲキ、StarHorse3 SeasonVII GREAT JOURNEY,344-0041,,https://location.am-all.net/alm/shop?gm=96&astep=0&sid=28831,35.9593592,139.7292399,,ChIJ-xj_eim_GGAR-24dRAnieOo,
ユーズランド春日部店,埼玉県春日部市下柳４２０−１イオンモール春日部２Ｆ,埼玉県,10:00〜21:00,英傑大戦、CHUNITHM、頭文字D THE ARCADE、maimai でらっくす、オンゲキ,344-0122,,https://location.am-all.net/alm/shop?gm=96&astep=0&sid=22825,35.9885734,139.7898122,,ChIJ22aQHAq8GGARB8CgD7uRaIk,Google
アミューズランドモナコ川越店,埼玉県川越市新富町2-4-1,埼玉県,10:00〜24:00,英傑大戦、CHUNITHM、maimai でらっくす、オンゲキ、Wonderland Wars,350-0043,,https://location.am-all.net/alm/shop?gm=96&astep=0&sid=28793,35.913294,139.4831383,,ChIJcWlXcVnaGGAR-fTPxJ-wj8w,
ＧｉＧＯアトレ川越,埼玉県川越市脇田町１０５番地１Ｆ,埼玉県,10:00〜23:00,CHUNITHM、maimai でらっくす、オンゲキ、HOUSE OF THE DEAD: SCARLET DAWN,350-1122,,https://location.am-all.net/alm/shop?gm=96&astep=0&sid=18716,35.9099983,139.4828345,,ChIJI4jMQvzbGGAReOL5JXOTRoE,
テクモピア川越店,埼玉県川越市脇田町４ー２ドンキホーテ川越東口店３Ｆ,埼玉県,10:00〜22:00,CHUNITHM、maimai でらっくす,350-1122,,https://location.am-all.net/alm/shop?gm=96&astep=0&sid=19356,35.9090606,139.4829145,,ChIJKzGkdDjbGGAR9ZFeL4iuuJY,
アピナ川越店,埼玉県川越市泉町１−１　ウニクス南古谷シネマ棟１Ｆ,埼玉県,10:00〜23:00,NICO MAKE、英傑大戦、CHUNITHM、頭文字D THE ARCADE、maimai でらっくす、StarHorse4、オンゲキ,350-0026,,https://location.am-all.net/alm/shop?gm=96&astep=0&sid=24825,35.9038204147057,139.515334593918,,ChIJI4u74jrbGGARotgH44wvFKw,Google
タイトーＦステーションＡＳ大宮西口駅前店,埼玉県さいたま市大宮区桜木町２‐３　イオンスタイル大宮西７Ｆ,埼玉県,10:00〜21:00,cherrit、CHUNITHM、maimai でらっくす、オンゲキ,330-0854,,https://location.am-all.net/alm/shop?gm=96&astep=0&sid=20328,35.9068898,139.6217932,,ChIJyYjkjMfBGGARlWCx539xOeQ,Google
タイトーステーション 大宮店,埼玉県さいたま市大宮区大門町１−１,埼玉県,09:00〜24:00,英傑大戦、CHUNITHM、頭文字D THE ARCADE、maimai でらっくす、ALL.Net P-ras MULTI バージョン３、オンゲキ、HOUSE OF THE DEAD: SCARLET DAWN、Wonderland Wars、初音ミク Project DIVA Arcade Future Tone,330-0846,,https://location.am-all.net/alm/shop?gm=96&astep=0&sid=21574,35.9074466762351,139.625597394477,,ChIJp1kdb0HBGGARZ-lJQQBQzQ8,Google
埼玉レジャーランド大宮ラクーン店,埼玉県さいたま市大宮区宮町1-60 RAKUUN５階,埼玉県,09:00〜25:00,cherrit、英傑大戦、CHUNITHM、頭文字D THE ARCADE、maimai でらっくす、オンゲキ,330-0802,,https://location.am-all.net/alm/shop?gm=96&astep=0&sid=19208,35.907751,139.6256804,,ChIJqzMq9DDBGGARIhaFd47Aggs,
ＧｉＧＯ大宮西口,埼玉県さいたま市大宮区桜木町二丁目３番地２,埼玉県,10:00〜23:00,CHUNITHM、maimai でらっくす、オンゲキ,330-0854,,https://location.am-all.net/alm/shop?gm=96&astep=0&sid=18897,35.9069124,139.6221862,,ChIJIVFZIgDBGGAR_VMiO6TgWZ0,
埼玉レジャーランド大宮駅東口店,埼玉県さいたま市大宮区宮町1-8大宮セントラルビルB1F-2F,埼玉県,09:00〜24:00,CHUNITHM、頭文字D THE ARCADE、maimai でらっくす、オンゲキ,330-0802,,https://location.am-all.net/alm/shop?gm=96&astep=0&sid=18745,35.9079906,139.6245492,,ChIJtziKBQDBGGAR0aSZzD_0z5c,Google
ラウンドワン大宮店,埼玉県さいたま市大宮区宮町４−９０−７,埼玉県,08:00〜06:00,StarHorseParty、ビンゴシアター、英傑大戦、CHUNITHM、頭文字D THE ARCADE、maimai でらっくす、StarHorse4、オンゲキ、StarHorse3 SeasonVII GREAT JOURNEY,330-0802,,https://location.am-all.net/alm/shop?gm=96&astep=0&sid=28650,35.9108281,139.6254402,,ChIJBzpnj0bBGGARI3z_xkiLuX4,Google
ＧｉＧＯイオンモール与野,埼玉県さいたま市中央区本町西５ー２−９イオンモール与野３Ｆ,埼玉県,09:00〜22:00,英傑大戦、CHUNITHM、頭文字D THE ARCADE、maimai でらっくす、オンゲキ,338-0004,,https://location.am-all.net/alm/shop?gm=96&astep=0&sid=26325,35.8906332977003,139.615101608984,,ChIJz2WgUXvBGGAR-_0X02yF59w,
ｎａｍｃｏステラタウン店,埼玉県さいたま市北区宮原町一丁目８５４ー１　ステラモール３Ｆ,埼玉県,10:00〜21:00,CHUNITHM、maimai でらっくす,331-0812,,https://location.am-all.net/alm/shop?gm=96&astep=0&sid=26176,35.9331248,139.6230209,,ChIJT2kXs7vGGGAR_W7uz0iPnp8,
ウェアハウス三橋店,埼玉県さいたま市西区三橋６ー９５５ー１,埼玉県,24時間,英傑大戦、CHUNITHM、頭文字D THE ARCADE、maimai でらっくす、StarHorse4、オンゲキ、占いコレクション トロッテ、Wonderland Wars、初音ミク Project DIVA Arcade Future Tone、セガNET麻雀 MJ Arcade、ALL.Net P-ras MULTI,331-0052,,https://location.am-all.net/alm/shop?gm=96&astep=0&sid=24873,35.915791431232,139.595847288361,,ChIJDfdgxg7EGGARZpzgiOUnG4k,
ウェアハウス岩槻店,埼玉県さいたま市岩槻区加倉３ー３ー６３,埼玉県,10:00〜23:45,英傑大戦、CHUNITHM、頭文字D THE ARCADE、maimai でらっくす、StarHorse4、オンゲキ、占いコレクション トロッテ、セガNET麻雀 MJ Arcade,339-0056,,https://location.am-all.net/alm/shop?gm=96&astep=0&sid=27449,35.941179,139.6861123,,ChIJEbS2NKnAGGARTd1GTTpWtuE,
アミューズメントクラブ浦和,埼玉県さいたま市浦和区仲町1-10-7,埼玉県,09:30〜24:00,英傑大戦、CHUNITHM、頭文字D THE ARCADE、maimai でらっくす、ALL.Net P-ras MULTI バージョン３、オンゲキ、Wonderland Wars、初音ミク Project DIVA Arcade Future Tone、セガNET麻雀 MJ Arcade、ALL.Net P-ras MULTI,330-0062,,https://location.am-all.net/alm/shop?gm=96&astep=0&sid=28006,35.86026,139.6535399,,ChIJAQC82oHqGGAR4D8-MdplJko,
ＧｉＧＯイオンモール浦和美園,埼玉県さいたま市緑区美園５−５０−１イオンモール浦和美園２Ｆ,埼玉県,10:00〜21:00,CHUNITHM、頭文字D THE ARCADE、maimai でらっくす、HOUSE OF THE DEAD: SCARLET DAWN,336-0967,,https://location.am-all.net/alm/shop?gm=96&astep=0&sid=25738,35.8912268,139.731012,,ChIJf9RxNACVGGARCbEMjn7mECA,
ＧｉＧＯ入間,埼玉県入間市東藤沢２−１８,埼玉県,10:00〜24:00,英傑大戦、CHUNITHM、頭文字D THE ARCADE、maimai でらっくす、StarHorse4、ALL.Net P-ras MULTI バージョン３、オンゲキ、Wonderland Wars、初音ミク Project DIVA Arcade Future Tone、セガNET麻雀 MJ Arcade,358-0012,,https://location.am-all.net/alm/shop?gm=96&astep=0&sid=29359,35.8192053676717,139.41811786627,,ChIJGQcnSOjeGGARvHRs-rfdAk8,
ラウンドワン入間店,埼玉県入間市小谷田３−７−２５,埼玉県,10:00〜23:50,StarHorseParty、ビンゴシアター、英傑大戦、CHUNITHM、頭文字D THE ARCADE、maimai でらっくす、StarHorse4、オンゲキ、HOUSE OF THE DEAD: SCARLET DAWN、StarHorse3 SeasonVII GREAT JOURNEY,358-0026,,https://location.am-all.net/alm/shop?gm=96&astep=0&sid=25455,35.8279801,139.3760089,,ChIJR72M0bHYGGARLqDz-HVCLlA,
アピナ上尾店,埼玉県上尾市緑丘３−３−１１−２　Ｐ・Ａ・Ｐ・Ａ上尾ＳＣ別棟,埼玉県,10:00〜24:00,英傑大戦、CHUNITHM、頭文字D THE ARCADE、maimai でらっくす、StarHorse4、ALL.Net P-ras MULTI バージョン３、オンゲキ、StarHorse3 SeasonVII GREAT JOURNEY、Wonderland Wars、初音ミク Project DIVA Arcade Future Tone,362-0015,,https://location.am-all.net/alm/shop?gm=96&astep=0&sid=22434,35.9882465708685,139.580822298117,,ChIJm3zL7W_PGGARaqnkCEpU2fw,Google
ラウンドワン上尾店,埼玉県上尾市大字平塚９１７−１,埼玉県,10:00〜23:50,StarHorseParty、英傑大戦、CHUNITHM、頭文字D THE ARCADE、maimai でらっくす、StarHorse4、オンゲキ、HOUSE OF THE DEAD: SCARLET DAWN、StarHorse3 SeasonVII GREAT JOURNEY、Wonderland Wars,362-0011,,https://location.am-all.net/alm/shop?gm=96&astep=0&sid=25624,35.9857320862395,139.607840233066,,ChIJBVzkRf7FGGAR2xp3rE73rJc,
ウェアハウス上尾店,埼玉県上尾市二ツ宮１０４４,埼玉県,10:00〜23:45,英傑大戦、CHUNITHM、maimai でらっくす、StarHorse4、オンゲキ、占いコレクション トロッテ、セガNET麻雀 MJ Arcade,362-0017,,https://location.am-all.net/alm/shop?gm=96&astep=0&sid=28299,35.9812984,139.5998607,,ChIJN2vw-vnFGGAR3xJeXbgcSog,
モーリーファンタジー上尾店,埼玉県上尾市愛宕3-8-1,埼玉県,10:00〜21:00,CHUNITHM、頭文字D THE ARCADE、maimai でらっくす,362-0034,,https://location.am-all.net/alm/shop?gm=96&astep=0&sid=19617,35.9647283,139.6002725,,ChIJ5xu700zFGGAR9lvK3s4Gllw,Google
パラボランド上尾ショーサンプラザ店,埼玉県上尾市谷津２−１−１ショーサンプラザ５階,埼玉県,10:00〜21:00,CHUNITHM、maimai でらっくす,362-8511,,https://location.am-all.net/alm/shop?gm=96&astep=0&sid=19074,35.9719968,139.58857,,ChIJw8iXyw3FGGARboJBw62PRY4,
ゲームファクトリーマグマ草加店,埼玉県草加市氷川町2125-1,埼玉県,10:00〜24:00,英傑大戦、CHUNITHM、maimai でらっくす、ALL.Net P-ras MULTI バージョン３、オンゲキ、セガNET麻雀 MJ Arcade,340-0034,,https://location.am-all.net/alm/shop?gm=96&astep=0&sid=27878,35.8282375,139.8025135,,ChIJU_1c6ReRGGARjvb0K9ixw4g,Google
ウェアハウス草加店別館,埼玉県草加市稲荷２ー３６ー３３,埼玉県,24時間,英傑大戦、CHUNITHM、頭文字D THE ARCADE、maimai でらっくす、ALL.Net P-ras MULTI バージョン３、オンゲキ、占いコレクション トロッテ、Wonderland Wars、初音ミク Project DIVA Arcade Future Tone、セガNET麻雀 MJ Arcade、ALL.Net P-ras MULTI,340-0003,,https://location.am-all.net/alm/shop?gm=96&astep=0&sid=25551,35.8298831209526,139.820585312828,,ChIJRXg_MXuRGGARBTeHqCAru5w,
ラウンドワン草加店,埼玉県草加市谷塚上町２０４番１,埼玉県,10:00〜23:50,StarHorseParty、totolu、英傑大戦、CHUNITHM、maimai でらっくす、StarHorse4、オンゲキ、StarHorse3 SeasonVII GREAT JOURNEY,340-0024,,https://location.am-all.net/alm/shop?gm=96&astep=0&sid=24871,35.8124210975572,139.787902715344,,ChIJGTzTiHGRGGAR9JMLZEeGFZY,
ＧｉＧＯ南越谷ラクーン,埼玉県越谷市南越谷１丁目１５番１号南越谷ラクーン２Ｆ,埼玉県,10:00〜22:00,cherrit、英傑大戦、CHUNITHM、頭文字D THE ARCADE、maimai でらっくす、オンゲキ、セガNET麻雀 MJ Arcade,343-0845,,https://location.am-all.net/alm/shop?gm=96&astep=0&sid=19232,35.8750206,139.7931848,,ChIJOV1uRk6XGGARu_Te6ZW-BXg,Google
ウェアハウス越谷店,埼玉県越谷市南荻島８４１ー１,埼玉県,10:00〜23:45,英傑大戦、CHUNITHM、頭文字D THE ARCADE、maimai でらっくす、オンゲキ、Wonderland Wars、セガNET麻雀 MJ Arcade,343-0804,,https://location.am-all.net/alm/shop?gm=96&astep=0&sid=28298,35.9119605,139.7637724,,ChIJAQBw3wS-GGAR9XZugMVxwK4,
ユーズランド越谷店,埼玉県越谷市レイクタウン4-2-2イオンレイクタウンKAZE3F,埼玉県,10:00〜21:00,英傑大戦、CHUNITHM、頭文字D THE ARCADE、maimai でらっくす、オンゲキ,343-0828,,https://location.am-all.net/alm/shop?gm=96&astep=0&sid=24848,35.8778002,139.8245962,,ChIJExJBoReXGGAR-YFmk0axJLo,Google
ＧｉＧＯ籠原,埼玉県熊谷市美土里町１−１−１６９,埼玉県,11:00〜24:00,英傑大戦、CHUNITHM、頭文字D THE ARCADE、maimai でらっくす、StarHorse4、ALL.Net P-ras MULTI バージョン３、オンゲキ、Wonderland Wars、セガNET麻雀 MJ Arcade,360-0845,,https://location.am-all.net/alm/shop?gm=96&astep=0&sid=29115,36.1709504461733,139.318256303041,,ChIJYabNwtHZHmARXxcfokcqUm0,
ＳＯＹＵＧａｍｅＦｅｉｌｄ熊谷,埼玉県熊谷市銀座2-245ﾆｯﾄﾓｰﾙ4F,埼玉県,10:00〜20:30,cherrit、CHUNITHM、maimai でらっくす、オンゲキ,360-0032,,https://location.am-all.net/alm/shop?gm=96&astep=0&sid=26468,36.1387884,139.3937695,,ChIJk15lfb0pH2ARfbf5NIauEEk,Google
ｎａｍｃｏ熊谷店,埼玉県熊谷市銀座２ー９７ＣＡＲＰＡ１階,埼玉県,10:00〜23:00,英傑大戦、CHUNITHM、頭文字D THE ARCADE、maimai でらっくす、ALL.Net P-ras MULTI バージョン３、オンゲキ、初音ミク Project DIVA Arcade Future Tone,360-0032,,https://location.am-all.net/alm/shop?gm=96&astep=0&sid=26838,36.1391162,139.3949055,,ChIJ46894pcpH2ARShOK5qredb0,
ＰＡＬＯ熊谷,埼玉県熊谷市本石２−１３５,埼玉県,09:00〜21:00,CHUNITHM、頭文字D THE ARCADE、maimai でらっくす、オンゲキ,360-0815,,https://location.am-all.net/alm/shop?gm=96&astep=0&sid=23671,36.1453711076644,139.37882910741,,ChIJ_UJlkc4pH2AR8N4R_P4OfjU,Google
サープラ八潮あそびタウン,埼玉県八潮市大瀬１−１−３フレスポ八潮３Ｆ,埼玉県,10:00〜22:00,CHUNITHM、頭文字D THE ARCADE、maimai でらっくす、StarHorse4、HOUSE OF THE DEAD: SCARLET DAWN,340-0822,,https://location.am-all.net/alm/shop?gm=96&astep=0&sid=25742,35.8085455938059,139.843879150926,,ChIJT3AvrhKQGGARAstW2_jEUjo,Google
ビッグボウル杉戸,埼玉県北葛飾郡杉戸町大字杉戸２３３８,埼玉県,10:00〜24:00,英傑大戦、CHUNITHM、maimai でらっくす、占いコレクション トロッテ、セガNET麻雀 MJ Arcade,345-0036,,https://location.am-all.net/alm/shop?gm=96&astep=0&sid=25270,36.040185,139.7208181,,ChIJR41kaY-3GGARVCg8i299IeU,Google
ＧｉＧＯ花園,埼玉県深谷市荒川３５９,埼玉県,10:00〜00:00,英傑大戦、CHUNITHM、頭文字D THE ARCADE、maimai でらっくす、オンゲキ、占いコレクション トロッテ、Wonderland Wars、初音ミク Project DIVA Arcade Future Tone、セガNET麻雀 MJ Arcade,369-1245,,https://location.am-all.net/alm/shop?gm=96&astep=0&sid=26610,36.1204271,139.2330687,,ChIJX-11fHDQHmARGIAgPuqBOg8,
ｎａｍｃｏイオンモール北戸田店,埼玉県戸田市美女木東１ー３ー１イオンモール北戸田３Ｆ,埼玉県,09:00〜21:00,CHUNITHM、maimai でらっくす,335-0032,,https://location.am-all.net/alm/shop?gm=96&astep=0&sid=25529,35.8266137,139.6526187,,ChIJCRC1H__qGGARaxLaDbrYPE0,
ギガステーション戸田店,埼玉県戸田市大字美女木943-7,埼玉県,10:00〜24:00,StarHorseParty、英傑大戦、maimai でらっくす、StarHorse4、オンゲキ、StarHorse3 SeasonVII GREAT JOURNEY,335-0031,,https://location.am-all.net/alm/shop?gm=96&astep=0&sid=24195,35.8341511316669,139.653379230688,,ChIJhcwzcvfqGGARazga357xX5o,Google
ラウンドワン朝霞店,埼玉県朝霞市膝折町２−１６−１０,埼玉県,10:00〜23:50,StarHorseParty、英傑大戦、CHUNITHM、maimai でらっくす、StarHorse4、オンゲキ、HOUSE OF THE DEAD: SCARLET DAWN,351-0014,,https://location.am-all.net/alm/shop?gm=96&astep=0&sid=25764,35.7902754,139.5796457,,ChIJlZsasAjpGGARV9CPOuVnRiY,
スイーツファンタジーパックン東松山店,埼玉県東松山市あずま町４丁目３番地ピオニウォーク東松山店2F,埼玉県,10:00〜21:00,CHUNITHM、頭文字D THE ARCADE、maimai でらっくす,355-8606,,https://location.am-all.net/alm/shop?gm=96&astep=0&sid=24251,36.0053434066995,139.410743656622,,ChIJ_1jwIUzUGGARiCFFjcyZ4-0,Google
ラウンドワンわらび店,埼玉県蕨市北町５−１−６,埼玉県,08:00〜06:00,StarHorseParty、NICO MAKE、ビンゴシアター、英傑大戦、CHUNITHM、頭文字D THE ARCADE、maimai でらっくす、StarHorse4、オンゲキ、HOUSE OF THE DEAD: SCARLET DAWN、StarHorse3 SeasonVII GREAT JOURNEY、初音ミク Project DIVA Arcade Future Tone,335-0001,,https://location.am-all.net/alm/shop?gm=96&astep=0&sid=28638,35.8307831,139.6742333,,ChIJb39N7yDrGGARzPlJcjjEegk,Google
アドアーズ蕨,埼玉県蕨市塚越1-4-4ラ・セーヌビル2階,埼玉県,10:00〜23:45,英傑大戦、CHUNITHM、maimai でらっくす、StarHorse4、オンゲキ,335-0002,,https://location.am-all.net/alm/shop?gm=96&astep=0&sid=25665,35.8278164480854,139.691559163229,,ChIJXyPM1syUGGAR5Xv-kBLm61M,
ＧｉＧＯビバモール蕨錦町,埼玉県蕨市錦町１丁目１２ー１　２階　２１２区画,埼玉県,10:00〜21:00,CHUNITHM、maimai でらっくす,335-0005,,https://location.am-all.net/alm/shop?gm=96&astep=0&sid=19473,35.8217943,139.6778975,,ChIJZVc1JwDrGGARaABPR2FpIaM,
ラウンドワンさいたま・栗橋店,埼玉県久喜市小右衛門１９２−１,埼玉県,10:00〜23:50,StarHorseParty、英傑大戦、CHUNITHM、頭文字D THE ARCADE、maimai でらっくす、StarHorse4、オンゲキ、HOUSE OF THE DEAD: SCARLET DAWN,349-1105,,https://location.am-all.net/alm/shop?gm=96&astep=0&sid=25468,36.1235137,139.7151734,,ChIJ0VRSYL-1GGARQUoFrKGhQ_4,
ソユーゲームフィールド菖蒲店,埼玉県久喜市菖蒲町菖蒲６００５番地１　モラージュ菖蒲３Ｆ,埼玉県,10:00〜22:00,CHUNITHM、頭文字D THE ARCADE、maimai でらっくす、オンゲキ,346-0195,,https://location.am-all.net/alm/shop?gm=96&astep=0&sid=24821,36.0756627011842,139.609869529947,,ChIJWdC2VvbLGGARAN3sJRBBr1A,Google
ラウンドワンららぽーと新三郷店,埼玉県三郷市新三郷ららシティ3-1-1ららぽーと新三郷2F20000番,埼玉県,08:00〜23:50,StarHorseParty、NICO MAKE、英傑大戦、CHUNITHM、頭文字D THE ARCADE、maimai でらっくす、StarHorse4、オンゲキ、HOUSE OF THE DEAD: SCARLET DAWN、StarHorse3 SeasonVII GREAT JOURNEY、占いコレクション トロッテ,341-0009,,https://location.am-all.net/alm/shop?gm=96&astep=0&sid=24557,35.8594805839465,139.86713965159,,ChIJNRbn7hGaGGARsMZqFlAyVPE,
ゲームパニック三郷,埼玉県三郷市ピアラシティ1-1-200,埼玉県,10:00〜23:45,StarHorseParty、英傑大戦、CHUNITHM、頭文字D THE ARCADE、maimai でらっくす、StarHorse4、オンゲキ、占いコレクション トロッテ、Wonderland Wars、セガNET麻雀 MJ Arcade,341-0052,,https://location.am-all.net/alm/shop?gm=96&astep=0&sid=26025,35.842186,139.8548677,,ChIJUXkQ33eaGGARhyiisMoALLE,Google
ラウンドワンさいたま・上里店,埼玉県児玉郡上里町大字金久保３９４−１,埼玉県,10:00〜23:50,StarHorseParty、英傑大戦、CHUNITHM、頭文字D THE ARCADE、maimai でらっくす、StarHorse4、オンゲキ,369-0301,,https://location.am-all.net/alm/shop?gm=96&astep=0&sid=24595,36.2599800359076,139.137438073541,,ChIJR_n1NZfpHmARRtlXBdqQ_zY,
スウィーツファンタジーパックン桶川,埼玉県桶川市下日出谷東２−１５−１ベニバナウォーク２Ｆ,埼玉県,10:00〜21:00,CHUNITHM、maimai でらっくす,363-8555,,https://location.am-all.net/alm/shop?gm=96&astep=0&sid=21544,35.9970200208172,139.550640779771,,ChIJHS8IcbbPGGARM7waJR87ISg,Google
ラウンドワンさいたま・鴻巣店,埼玉県鴻巣市箕田３１６３−７,埼玉県,10:00〜23:50,StarHorseParty、totolu、ビンゴシアター、英傑大戦、CHUNITHM、頭文字D THE ARCADE、maimai でらっくす、StarHorse4、ALL.Net P-ras MULTI バージョン３、オンゲキ、StarHorse3 SeasonVII GREAT JOURNEY、Wonderland Wars、セガNET麻雀 MJ Arcade,365-0062,,https://location.am-all.net/alm/shop?gm=96&astep=0&sid=24404,36.0806388,139.4902256,,ChIJ6zEV-tbSGGARV5p5gPlN58c,
ＧｉＧＯフジモール吹上,埼玉県鴻巣市袋９０ー１　２階,埼玉県,10:00〜23:30,CHUNITHM、頭文字D THE ARCADE、maimai でらっくす、オンゲキ,369-0131,,https://location.am-all.net/alm/shop?gm=96&astep=0&sid=19739,36.0994301,139.473297,,,
プラサカプコン羽生店,埼玉県羽生市川崎２−２８１−３イオンモール羽生２階,埼玉県,10:00〜22:00,CHUNITHM、頭文字D THE ARCADE、maimai でらっくす、オンゲキ、HOUSE OF THE DEAD: SCARLET DAWN,348-0039,,https://location.am-all.net/alm/shop?gm=96&astep=0&sid=25117,36.1428611679703,139.542746022229,,ChIJT07vhIkyH2ARXOxgrqsa_Eg,Google
アミューズメントフィールドバイヨン,埼玉県ふじみ野市うれし野２−１６−１LCモールうれし野２Ｆ,埼玉県,10:00〜24:00,英傑大戦、CHUNITHM、頭文字D THE ARCADE、maimai でらっくす、Wonderland Wars、セガNET麻雀 MJ Arcade、ALL.Net P-ras MULTI,356-0056,,https://location.am-all.net/alm/shop?gm=96&astep=0&sid=26851,35.8561384,139.5223952,,ChIJi3XKhc7cGGARv0iEi3348UQ,
ＧｉＧＯビバモール埼玉大井,埼玉県ふじみ野市西鶴ケ岡１丁目３ー１５,埼玉県,10:00〜23:30,英傑大戦、CHUNITHM、頭文字D THE ARCADE、maimai でらっくす、StarHorse4、オンゲキ、HOUSE OF THE DEAD: SCARLET DAWN,356-0044,,https://location.am-all.net/alm/shop?gm=96&astep=0&sid=18663,35.8637878,139.5022199,,ChIJpxAWdgDdGGARaOodppPiDL4,
ＧｉＧＯワカバウォーク,埼玉県鶴ヶ島市富士見１‐２‐１ワカバウォーク２Ｆ,埼玉県,10:00〜22:00,maimai でらっくす,350-2201,,https://location.am-all.net/alm/shop?gm=96&astep=0&sid=23840,35.9497899903,139.411460984131,,ChIJS1TEp_7WGGARlvo6ZwK2MPs,
ＧｉＧＯ柏,千葉県柏市柏１−１−１１丸井デパート内Ｂ１Ｆ,千葉県,09:30〜22:30,英傑大戦、CHUNITHM、maimai でらっくす、オンゲキ,277-0005,,https://location.am-all.net/alm/shop?gm=96&astep=0&sid=29356,35.8614881,139.9709011,,ChIJcTG4GeecGGAR1lUTJGznZTs,
タイトーステーション 柏店,千葉県柏市柏２−３−１フーサワビル,千葉県,10:00〜24:00,NICO MAKE、英傑大戦、CHUNITHM、頭文字D THE ARCADE、maimai でらっくす、ALL.Net P-ras MULTI バージョン３、オンゲキ、Wonderland Wars、初音ミク Project DIVA Arcade Future Tone,277-0005,,https://location.am-all.net/alm/shop?gm=96&astep=0&sid=29357,35.8613823,139.9727044,,ChIJmWvotOCcGGARK1iNfxqzIiI,
ゲームガリバー,千葉県柏市柏１‐１‐１１,千葉県,09:00〜23:00,英傑大戦、CHUNITHM、maimai でらっくす,277-0005,,https://location.am-all.net/alm/shop?gm=96&astep=0&sid=26536,35.8616855,139.9711177,,ChIJV0EbGeecGGARPEddUM0qY_A,
スーパーウェーブ柏,千葉県柏市十余二２４９−５,千葉県,09:00〜24:00,英傑大戦、CHUNITHM、頭文字D THE ARCADE、maimai でらっくす、StarHorse4、オンゲキ、StarHorse3 SeasonVII GREAT JOURNEY,277-0872,,https://location.am-all.net/alm/shop?gm=96&astep=0&sid=25272,35.8820708,139.9593512,,ChIJJx4Yg-6dGGARarOSZ7EPYkg,
柏ヤングボウル,千葉県柏市南柏中央11-1,千葉県,24時間,英傑大戦、CHUNITHM、lalamee、maimai でらっくす、StarHorse4,277-0075,,https://location.am-all.net/alm/shop?gm=96&astep=0&sid=23591,35.8459602,139.9570334,,ChIJQ-YHC7icGGARS1o6LgMQjms,Google
ラウンドワンアリオ柏店,千葉県柏市大島田１丁目６番地１セブンパークアリオ柏　１０７０,千葉県,08:00〜23:50,StarHorseParty、NICO MAKE、英傑大戦、CHUNITHM、頭文字D THE ARCADE、maimai でらっくす、StarHorse4、オンゲキ、HOUSE OF THE DEAD: SCARLET DAWN、StarHorse3 SeasonVII GREAT JOURNEY,277-0922,,https://location.am-all.net/alm/shop?gm=96&astep=0&sid=21026,35.8323319,140.0119419,,ChIJTaVC0y-dGGAR5WGbciiGYGQ,
ラッキー中央店・フェリシダ,千葉県千葉市中央区富士見2-8-1,千葉県,07:30〜24:50,cherrit、英傑大戦、CHUNITHM、頭文字D THE ARCADE、maimai でらっくす、StarHorse4、ALL.Net P-ras MULTI バージョン３、オンゲキ、HOUSE OF THE DEAD: SCARLET DAWN、Wonderland Wars、初音ミク Project DIVA Arcade Future Tone、セガNET麻雀 MJ Arcade,260-0015,,https://location.am-all.net/alm/shop?gm=96&astep=0&sid=28852,35.6102534,140.1182646,,ChIJs4yvnLaEImARbE0MN-OafIw,
キャッツアイ東千葉店,千葉県千葉市中央区祐光３丁目２番１号,千葉県,10:00〜22:00,CHUNITHM、maimai でらっくす,260-0007,,https://location.am-all.net/alm/shop?gm=96&astep=0&sid=19564,35.6195787,140.1270539,,ChIJnblqTCmFImAROC_gwW4flXc,
ＧｉＧＯ千葉,千葉県千葉市中央区富士見２−４−１,千葉県,08:00〜23:00,英傑大戦、CHUNITHM、maimai でらっくす、オンゲキ、Wonderland Wars、初音ミク Project DIVA Arcade Future Tone,260-0015,,https://location.am-all.net/alm/shop?gm=96&astep=0&sid=29355,35.6115641,140.1158508,,ChIJK94X17CEImARyH1AhD1eWeY,
スポーツウェーブ鉄腕24,千葉県千葉市中央区浜野町1025-59,千葉県,10:00〜24:00,StarHorseParty、英傑大戦、CHUNITHM、頭文字D THE ARCADE、maimai でらっくす、StarHorse4、オンゲキ,260-0824,,https://location.am-all.net/alm/shop?gm=96&astep=0&sid=28581,35.5541062,140.1260538,,ChIJ4S2kTr-bImARnwxWOvnoqWI,
スポーツウェーブ鉄腕24稲毛長沼店,千葉県千葉市稲毛区長沼原町697番地,千葉県,24時間,StarHorseParty、英傑大戦、CHUNITHM、頭文字D THE ARCADE、maimai でらっくす、StarHorse4、ALL.Net P-ras MULTI バージョン３、Wonderland Wars、セガNET麻雀 MJ Arcade,263-0001,,https://location.am-all.net/alm/shop?gm=96&astep=0&sid=24890,35.6620233,140.1265534,,ChIJTRNP00CEImARobn-PraLKCk,Google
ＧｉＧＯ稲毛オーツーパーク,千葉県千葉市稲毛区園生町３８０−１,千葉県,10:00〜24:00,英傑大戦、CHUNITHM、頭文字D THE ARCADE、maimai でらっくす、StarHorse4、オンゲキ、Wonderland Wars、初音ミク Project DIVA Arcade Future Tone、セガNET麻雀 MJ Arcade,263-0051,,https://location.am-all.net/alm/shop?gm=96&astep=0&sid=24816,35.6505316705029,140.119112209054,,ChIJSff3tGeEImAR5WT5QIus4FA,
パレパレ稲毛長沼店,千葉県千葉市稲毛区長沼原町731-17フレスポ稲毛Ａ２棟４,千葉県,10:00〜23:00,英傑大戦、CHUNITHM、頭文字D THE ARCADE、maimai でらっくす、ALL.Net P-ras MULTI バージョン３、オンゲキ、Wonderland Wars、初音ミク Project DIVA Arcade Future Tone、セガNET麻雀 MJ Arcade,263-0001,,https://location.am-all.net/alm/shop?gm=96&astep=0&sid=26903,35.6575891,140.1277036,,ChIJD4ql4kSEImARZf07WNUr3pA,Google
ソユーゲームフィールド幕張店,千葉県千葉市花見川区幕張町４−４１７−２５　ＩＹ幕張店２Ｆ,千葉県,09:00〜21:00,CHUNITHM、maimai でらっくす、オンゲキ,262-0032,,https://location.am-all.net/alm/shop?gm=96&astep=0&sid=23852,35.6563445,140.0512381,,ChIJx4e5boaBImARcLTvu5CVlOI,Google
ＧｉＧＯ幕張,千葉県千葉市美浜区ひび野１−８メッセ・アミューズ・モール１Ｆ,千葉県,10:00〜24:00,英傑大戦、CHUNITHM、頭文字D THE ARCADE、maimai でらっくす、StarHorse4、オンゲキ、HOUSE OF THE DEAD: SCARLET DAWN、Wonderland Wars、初音ミク Project DIVA Arcade Future Tone、セガNET麻雀 MJ Arcade,261-0021,,https://location.am-all.net/alm/shop?gm=96&astep=0&sid=27441,35.6499867,140.0426445,,ChIJCetYb4qBImARh6Q0fRzqUgI,
ＧａｍｅＦｉｅｌｄ千城台店,千葉県千葉市若葉区千城台北３丁目２１−１イコアス千城台３Ｆ,千葉県,10:00〜20:00,CHUNITHM、maimai でらっくす、オンゲキ,264-0005,,https://location.am-all.net/alm/shop?gm=96&astep=0&sid=19521,35.6222355,140.1893642,,ChIJFzZIIw-QImARHXqrYKNKFV4,
千葉レジャーランド野田店,千葉県野田市吉春776-1,千葉県,24時間,StarHorseParty、ビンゴシアター、英傑大戦、CHUNITHM、頭文字D THE ARCADE、maimai でらっくす、StarHorse4、ALL.Net P-ras MULTI バージョン３、オンゲキ、StarHorse3 SeasonVII GREAT JOURNEY、Wonderland Wars、初音ミク Project DIVA Arcade Future Tone、セガNET麻雀 MJ Arcade,278-0042,,https://location.am-all.net/alm/shop?gm=96&astep=0&sid=28822,35.971570972918,139.865306445508,,ChIJMdGBe8WiGGARFN2ZVcOpx18,
チャリオット五井店,千葉県市原市五井中央西２−１−２,千葉県,09:00〜24:00,英傑大戦、CHUNITHM、頭文字D THE ARCADE、maimai でらっくす、ALL.Net P-ras MULTI バージョン３、オンゲキ、初音ミク Project DIVA Arcade Future Tone,290-0081,,https://location.am-all.net/alm/shop?gm=96&astep=0&sid=28806,35.5136110962997,140.089812071025,,ChIJsy5EnKWeImARsZsft8a_wPY,
ゲームランドちはら台店,千葉県市原市ちはら台西３−４ｕｎｉｍｏちはら台２Ｆ,千葉県,10:00〜21:00,CHUNITHM、maimai でらっくす、オンゲキ,290-0194,,https://location.am-all.net/alm/shop?gm=96&astep=0&sid=25164,35.528084719754,140.171725295245,,ChIJj_9YJMWZImARpGWlnet0uwM,Google
ラウンドワン市原店,千葉県市原市八幡北町３−５−１,千葉県,10:00〜23:50,StarHorseParty、ビンゴシアター、英傑大戦、CHUNITHM、頭文字D THE ARCADE、maimai でらっくす、StarHorse4、オンゲキ、StarHorse3 SeasonVII GREAT JOURNEY,290-0062,,https://location.am-all.net/alm/shop?gm=96&astep=0&sid=24646,35.5474924506885,140.123371339951,,ChIJ-dP0J8KbImARvs8E0Gmt_go,
アピナ市原店,千葉県市原市更級４丁目２番１号アクロスプラザ市原更級Ｆ棟１階,千葉県,10:00〜22:00,CHUNITHM、maimai でらっくす、オンゲキ,290-0050,,https://location.am-all.net/alm/shop?gm=96&astep=0&sid=20001,35.5098965,140.1013068,,ChIJyXkKQv6ZImAR7BYweNSTjRY,Google
ゲームプラザセントラル浦安店,千葉県浦安市北栄1-16-15,千葉県,10:00〜24:00,英傑大戦、CHUNITHM、頭文字D THE ARCADE、maimai でらっくす、StarHorse4、オンゲキ、Wonderland Wars、セガNET麻雀 MJ Arcade,279-0002,,https://location.am-all.net/alm/shop?gm=96&astep=0&sid=28789,35.6651795,139.8933456,,ChIJIShrV4CHGGAR5oS4utpA9b0,Google
ＧｉＧＯイオン新浦安ショッピングセンター,千葉県浦安市入船１−４−１イオン新浦安ＳＣ４Ｆ,千葉県,09:00〜24:00,英傑大戦、CHUNITHM、頭文字D THE ARCADE、maimai でらっくす,279-0012,,https://location.am-all.net/alm/shop?gm=96&astep=0&sid=28973,35.6489954,139.9149219,,ChIJS4kPNb99GGARyPZNzRp8Gd8,Google
ｎａｍｃｏ松戸店,千葉県松戸市松戸１２３０番地１ピアザ松戸１Ｆ,千葉県,10:00〜23:00,英傑大戦、CHUNITHM、頭文字D THE ARCADE、maimai でらっくす、StarHorse4、ALL.Net P-ras MULTI バージョン３、オンゲキ、HOUSE OF THE DEAD: SCARLET DAWN、Wonderland Wars,271-0092,,https://location.am-all.net/alm/shop?gm=96&astep=0&sid=28586,35.7835829,139.9007767,,ChIJYywCgPyEGGARVJMS4gaiPmw,
ＧｉＧＯ八柱,千葉県松戸市日暮１−１−１八柱駅第２ビル２Ｆ,千葉県,10:00〜24:00,英傑大戦、CHUNITHM、頭文字D THE ARCADE、maimai でらっくす、StarHorse4、オンゲキ、Wonderland Wars、セガNET麻雀 MJ Arcade,270-2253,,https://location.am-all.net/alm/shop?gm=96&astep=0&sid=26847,35.7913772,139.9377874,,ChIJP4TZHYCDGGARZbJ9OF6UsVM,
タイトーＦステーション新松戸店,千葉県松戸市新松戸３−２−２イオンフードスタイル新松戸店４階,千葉県,10:00〜21:00,maimai でらっくす、オンゲキ,270-0034,,https://location.am-all.net/alm/shop?gm=96&astep=0&sid=20167,35.8259306,139.9154461,,ChIJPbFFf1mbGGARjDK3031DmVg,Google
タイトーステーション 船橋店,千葉県船橋市本町１−６−１,千葉県,09:00〜24:00,英傑大戦、CHUNITHM、maimai でらっくす、ALL.Net P-ras MULTI バージョン３、オンゲキ、Wonderland Wars、セガNET麻雀 MJ Arcade,273-0005,,https://location.am-all.net/alm/shop?gm=96&astep=0&sid=25231,35.6998912,139.9859705,,ChIJifBa0Nd_GGARs0lF6as0Lr8,Google
テクモピア船橋南口店,千葉県船橋市本町１ー７ー６ドリーム船橋ビル３Ｆ,千葉県,11:00〜22:00,CHUNITHM、maimai でらっくす、オンゲキ,273-0005,,https://location.am-all.net/alm/shop?gm=96&astep=0&sid=19196,35.6990191,139.9858078,,ChIJ82OD2SV_GGARIp2u5ZiEv7k,Google
アドアーズ船橋,千葉県船橋市本町１−３１−２６セブン船橋Ｂ１Ｆ〜３Ｆ,千葉県,08:00〜23:45,英傑大戦、CHUNITHM、頭文字D THE ARCADE、maimai でらっくす、StarHorse4、セガNET麻雀 MJ Arcade,273-0005,,https://location.am-all.net/alm/shop?gm=96&astep=0&sid=21848,35.7005813221414,139.984490289619,,ChIJ5dPzk3iAGGARdIM8fTxxY2o,
アミューズメントエース津田沼,千葉県船橋市前原西２−１５−１ファシービル,千葉県,09:00〜24:00,英傑大戦、CHUNITHM、頭文字D THE ARCADE、maimai でらっくす、StarHorse4、ALL.Net P-ras MULTI バージョン３、オンゲキ、Wonderland Wars、セガNET麻雀 MJ Arcade,274-0825,,https://location.am-all.net/alm/shop?gm=96&astep=0&sid=19990,35.6922777,140.0201815,,ChIJI35k7CCAImAR6MH2hE47x5s,Google
アソビクル京葉船橋インター店,千葉県船橋市海神３丁目１２４の３　コーナン京葉船橋　２階,千葉県,10:00〜21:00,CHUNITHM、頭文字D THE ARCADE、maimai でらっくす,273-0021,,https://location.am-all.net/alm/shop?gm=96&astep=0&sid=18795,35.6993268,139.9757265,,ChIJm-x8HgCBGGARaFfTew-d3lE,
プラサカプコン成田店,千葉県成田市ウイング土屋２４イオン成田ＳＣ２Ｆ,千葉県,10:00〜22:00,NICO MAKE、CHUNITHM、頭文字D THE ARCADE、maimai でらっくす、オンゲキ,286-0029,,https://location.am-all.net/alm/shop?gm=96&astep=0&sid=28712,35.795833,140.3176162,,ChIJacBGmOKKImARhpLHllKbIzU,
ＧｉＧＯそよら成田ニュータウン,千葉県成田市赤坂２丁目１ー１０　５Ｆ　５１０区画,千葉県,10:00〜21:00,totolu、CHUNITHM、maimai でらっくす、オンゲキ、セガNET麻雀 MJ Arcade,286-0017,,https://location.am-all.net/alm/shop?gm=96&astep=0&sid=18872,35.776889,140.293467,,ChIJUXTE3IyLImAR2SZgjF_I9KE,
テクモピアロックダム公津の杜店,千葉県成田市公津の杜4-5-3成田ユアエルム3F,千葉県,10:00〜20:00,CHUNITHM、maimai でらっくす,286-0048,,https://location.am-all.net/alm/shop?gm=96&astep=0&sid=23409,35.7597902,140.2965868,,ChIJ68aooZqLImARWiG4xnLux9c,Google
ＤＡＩＫＥＩＥＮ,千葉県市川市大町３５９,千葉県,24時間,英傑大戦、CHUNITHM、頭文字D THE ARCADE、maimai でらっくす、StarHorse4、ALL.Net P-ras MULTI バージョン３、オンゲキ、HOUSE OF THE DEAD: SCARLET DAWN,272-0801,,https://location.am-all.net/alm/shop?gm=96&astep=0&sid=28760,35.7624642806965,139.969155209601,,ChIJE97vxt2DGGARbyMZbM3mCo4,
スタジオプリモ本八幡店,千葉県市川市八幡２−１５−１０パティオ５階,千葉県,10:00〜21:00,CHUNITHM、頭文字D THE ARCADE、maimai でらっくす、オンゲキ、初音ミク Project DIVA Arcade Future Tone,272-8561,,https://location.am-all.net/alm/shop?gm=96&astep=0&sid=19172,35.7213241,139.9275016,,ChIJq7gzmDmHGGARvFppCXKuUXA,Google
ＰＡＬＯ市川,千葉県市川市鬼高１−１−１ニッケコルトンプラザ２Ｆ,千葉県,09:00〜23:00,CHUNITHM、頭文字D THE ARCADE、maimai でらっくす、オンゲキ,272-0015,,https://location.am-all.net/alm/shop?gm=96&astep=0&sid=24637,35.7167873,139.9342126,,ChIJN3OeeNWGGGARqMxHizJ3Bag,Google
ラウンドワン市川鬼高店,千葉県市川市鬼高４−１−３,千葉県,10:00〜23:50,StarHorseParty、ビンゴシアター、英傑大戦、CHUNITHM、頭文字D THE ARCADE、maimai でらっくす、StarHorse4、オンゲキ、HOUSE OF THE DEAD: SCARLET DAWN、StarHorse3 SeasonVII GREAT JOURNEY、初音ミク Project DIVA Arcade Future Tone,272-0015,,https://location.am-all.net/alm/shop?gm=96&astep=0&sid=24459,35.7112206812105,139.927479495106,,ChIJsdDsiyiHGGARX3HJ_Lb5DCw,
タイトーＦステーション市川妙典店,千葉県市川市妙典４ー１ー１　イオン市川妙典店２番街２Ｆ,千葉県,09:00〜24:00,totolu、英傑大戦、CHUNITHM、頭文字D THE ARCADE、maimai でらっくす、StarHorse4、オンゲキ、占いコレクション トロッテ、Wonderland Wars,272-0111,,https://location.am-all.net/alm/shop?gm=96&astep=0&sid=22484,35.6925377,139.9266786,,ChIJtb9XgUiHGGARne_07JcdEFg,Google
ＧｉＧＯ我孫子,千葉県我孫子市柴崎字天王谷４７−１,千葉県,10:00〜24:00,NICO MAKE、英傑大戦、CHUNITHM、頭文字D THE ARCADE、maimai でらっくす、StarHorse4、ALL.Net P-ras MULTI バージョン３、オンゲキ、Wonderland Wars、セガNET麻雀 MJ Arcade,270-1177,,https://location.am-all.net/alm/shop?gm=96&astep=0&sid=29354,35.8782702591528,140.030056291479,,ChIJf6iVSO93ImAR-tSwuxT8tSw,
ラッキー佐倉店,千葉県佐倉市井野1475,千葉県,09:00〜23:50,英傑大戦、CHUNITHM、頭文字D THE ARCADE、maimai でらっくす、StarHorse4、ALL.Net P-ras MULTI バージョン３、オンゲキ、StarHorse3 SeasonVII GREAT JOURNEY、Wonderland Wars、セガNET麻雀 MJ Arcade,285-0855,,https://location.am-all.net/alm/shop?gm=96&astep=0&sid=25810,35.7184529,140.1362184,,ChIJqQ_e9_uGImARfGd49YPWRXI,Google
ラッキーバッティングドーム八千代店,千葉県八千代市大和田新田1088,千葉県,09:00〜23:50,romakyun、英傑大戦、CHUNITHM、頭文字D THE ARCADE、maimai でらっくす、StarHorse4、オンゲキ、Wonderland Wars、セガNET麻雀 MJ Arcade,276-0046,,https://location.am-all.net/alm/shop?gm=96&astep=0&sid=28470,35.724528568461,140.067341102129,,ChIJBfiFf4WAImARFE7e3pOifc8,Google
キャッツアイ八千代店,千葉県八千代市緑が丘西２丁目１３番地３　ｉｓｍ緑ヶ丘内,千葉県,10:00〜01:00,NICO MAKE、英傑大戦、CHUNITHM、頭文字D THE ARCADE、maimai でらっくす、StarHorse4、オンゲキ、セガNET麻雀 MJ Arcade,276-0047,,https://location.am-all.net/alm/shop?gm=96&astep=0&sid=24888,35.7335775,140.0724747,,ChIJXVn3Cp2AImARSmdCgefXLMw,
ＧｉＧＯ旭,千葉県旭市二３１５０−１,千葉県,10:00〜24:00,英傑大戦、CHUNITHM、頭文字D THE ARCADE、maimai でらっくす、StarHorse4、ALL.Net P-ras MULTI バージョン３、オンゲキ、Wonderland Wars、初音ミク Project DIVA Arcade Future Tone、セガNET麻雀 MJ Arcade,289-2504,,https://location.am-all.net/alm/shop?gm=96&astep=0&sid=29077,35.723569510253,140.639559829578,,ChIJpTf9u53hImARFSvR-gmSbpM,
タイトーステーション 旭サンモール店,千葉県旭市イ−２６７６−１　サンモール３Ｆ,千葉県,10:00〜22:00,NICO MAKE、頭文字D THE ARCADE、maimai でらっくす,289-2511,,https://location.am-all.net/alm/shop?gm=96&astep=0&sid=24181,35.7248225949999,140.659301925062,,ChIJv8aiA8DhImARsspPRTBH8eU,Google
シルクハット津田沼,千葉県習志野市津田沼１−２−１十三ビル地下１階,千葉県,09:00〜23:45,英傑大戦、CHUNITHM、maimai でらっくす、StarHorse4、オンゲキ、Wonderland Wars,275-0016,,https://location.am-all.net/alm/shop?gm=96&astep=0&sid=26487,35.6903923,140.0222009,,ChIJZWoK6SaAImARuzTZ_JGjHDg,
ラウンドワン習志野店,千葉県習志野市芝園１−４−５,千葉県,09:00〜23:50,StarHorseParty、英傑大戦、CHUNITHM、頭文字D THE ARCADE、maimai でらっくす、StarHorse4、オンゲキ、HOUSE OF THE DEAD: SCARLET DAWN、StarHorse3 SeasonVII GREAT JOURNEY,275-0023,,https://location.am-all.net/alm/shop?gm=96&astep=0&sid=24596,35.6602102317515,140.022610035582,,ChIJC6M9GN6BImAR4YWLWl3DEHY,
アミュージアム茂原店,千葉県茂原市高師１６１９−１,千葉県,10:00〜24:00,英傑大戦、CHUNITHM、頭文字D THE ARCADE、maimai でらっくす,297-0029,,https://location.am-all.net/alm/shop?gm=96&astep=0&sid=27615,,,,,
館山ヤングボウル,千葉県館山市北条1564,千葉県,10:00〜24:00,英傑大戦、CHUNITHM、maimai でらっくす、ALL.Net P-ras MULTI バージョン３、オンゲキ,294-0045,,https://location.am-all.net/alm/shop?gm=96&astep=0&sid=23204,34.9907318014934,139.867361842397,,ChIJ2U9Dqvf5F2ARx7FE1H1fUcM,Google
モーリーファンタジー館山,千葉県館山市八幡５４５−１　イオン館山店１Ｆ,千葉県,09:00〜22:00,maimai でらっくす,294-0047,,https://location.am-all.net/alm/shop?gm=96&astep=0&sid=24248,35.0082482,139.8620603,,ChIJl5Tvsd35F2ARutvxjZQkEII,Google
イスカンダル,千葉県木更津市潮見４−１−２,千葉県,10:00〜24:00,StarHorseParty、英傑大戦、CHUNITHM、頭文字D THE ARCADE、maimai でらっくす、StarHorse4、オンゲキ、Wonderland Wars,292-0834,,https://location.am-all.net/alm/shop?gm=96&astep=0&sid=27265,35.3696837,139.9175383,,ChIJQxvDkrcMGGARi4XQVQMIuA0,
ソユーゲームフィールド木更津店,千葉県木更津市築地１−４イオンモール木更津２F,千葉県,10:00〜21:00,CHUNITHM、maimai でらっくす、オンゲキ,292-0835,,https://location.am-all.net/alm/shop?gm=96&astep=0&sid=21599,35.3660728,139.9083423,,ChIJgw8beM8MGGARanGe7CB2eio,Google
ゲームランド千葉ニュータウン店,千葉県印西市中央北３丁目２番イオンモール千葉ＮＴモール棟３階,千葉県,10:00〜21:00,CHUNITHM、maimai でらっくす、オンゲキ,270-1392,,https://location.am-all.net/alm/shop?gm=96&astep=0&sid=25740,35.8029522,140.1136873,,ChIJoe36vDx8ImARYu2p48z4LT8,Google
パラボランド東金店,千葉県東金市東岩崎8-10サンピア3Ｆ,千葉県,10:00〜19:00,maimai でらっくす,283-0068,,https://location.am-all.net/alm/shop?gm=96&astep=0&sid=25656,35.558644,140.364698,,ChIJ5QeoRKHqImARKs7lLnfExPI,Google
ＧｉＧＯイオンモール銚子,千葉県銚子市三崎町２−２６６０−１イオンモール銚子２Ｆ,千葉県,10:00〜22:00,NICO MAKE、CHUNITHM、頭文字D THE ARCADE、maimai でらっくす、オンゲキ、HOUSE OF THE DEAD: SCARLET DAWN、初音ミク Project DIVA Arcade Future Tone,288-0815,,https://location.am-all.net/alm/shop?gm=96&astep=0&sid=23139,35.7098939,140.7876201,,ChIJcQ2_km0iI2ARYWLHP-tnAEM,
八街ヤングボウル,千葉県八街市八街ほ-380番地11,千葉県,10:00〜24:00,CHUNITHM、頭文字D THE ARCADE、lalamee、maimai でらっくす、オンゲキ、HOUSE OF THE DEAD: SCARLET DAWN,289-1115,,https://location.am-all.net/alm/shop?gm=96&astep=0&sid=23090,35.6520813451458,140.319536668717,,ChIJCXZQeeOSImARL_UIEtYyE_k,Google
プラサカプコン富津店,千葉県富津市青木1-5-1イオンモール富津内ゲームコーナー,千葉県,10:00〜21:00,CHUNITHM、maimai でらっくす、オンゲキ、HOUSE OF THE DEAD: SCARLET DAWN,293-0012,,https://location.am-all.net/alm/shop?gm=96&astep=0&sid=26709,35.3300727669381,139.846870478821,,ChIJF5N0DpgSGGAR3DNX-tPM1Hg,
千葉レジャーランド成東店,千葉県山武市姫島111-1,千葉県,09:00〜23:50,StarHorseParty、英傑大戦、CHUNITHM、頭文字D THE ARCADE、maimai でらっくす、StarHorse4、オンゲキ、StarHorse3 SeasonVII GREAT JOURNEY、セガNET麻雀 MJ Arcade,289-1327,,https://location.am-all.net/alm/shop?gm=96&astep=0&sid=28825,35.5884397023033,140.390199263754,,ChIJzWzBuljqImAR1lexgXXZNGY,Google
フリスポ佐原,千葉県香取市佐原イ−４２００,千葉県,10:00〜24:00,英傑大戦、CHUNITHM、頭文字D THE ARCADE、maimai でらっくす、StarHorse4、オンゲキ、セガNET麻雀 MJ Arcade,287-0003,,https://location.am-all.net/alm/shop?gm=96&astep=0&sid=25697,35.9011456391801,140.493510670639,,ChIJGXhZpQpYImARUUKVhMtXsZ8,Google
ラウンドワン池袋店,東京都豊島区東池袋１−１４−１,東京都,10:00〜24:50,StarHorseParty、英傑大戦、CHUNITHM、頭文字D THE ARCADE、maimai でらっくす、StarHorse4、オンゲキ、HOUSE OF THE DEAD: SCARLET DAWN、占いコレクション トロッテ、初音ミク Project DIVA Arcade Future Tone,170-0013,,https://location.am-all.net/alm/shop?gm=96&astep=0&sid=22899,35.7301352452916,139.715204892031,,ChIJOUanpmiNGGARfhMszWbnyEg,
ＧｉＧＯ総本店,東京都豊島区東池袋一丁目１３番６号,東京都,10:00〜23:55,cherrit、英傑大戦、CHUNITHM、頭文字D THE ARCADE、maimai でらっくす、オンゲキ、HOUSE OF THE DEAD: SCARLET DAWN、Wonderland Wars、初音ミク Project DIVA Arcade Future Tone,170-0013,,https://location.am-all.net/alm/shop?gm=96&astep=0&sid=19064,35.7295307,139.7147102,,ChIJURoUCdSNGGARSFzSzPNqUJ4,
ｎａｍｃｏ池袋店,東京都豊島区東池袋１ー２２ー１０ヒューマックスパビリオン１Ｆ,東京都,10:00〜23:00,cherrit、NICO MAKE、CHUNITHM、maimai でらっくす,170-0013,,https://location.am-all.net/alm/shop?gm=96&astep=0&sid=19743,35.7296795,139.7157691,,ChIJ0Z1Tw6KNGGAR4G5ia-ty5TE,
東京レジャーランド池袋店,東京都豊島区東池袋１−２９−１サントロペ池袋２階３階,東京都,10:00〜23:45,CHUNITHM、頭文字D THE ARCADE、maimai でらっくす、オンゲキ、初音ミク Project DIVA Arcade Future Tone,170-0013,,https://location.am-all.net/alm/shop?gm=96&astep=0&sid=19396,35.7304886851516,139.716444530124,,ChIJU_OCKbONGGAREK-wWlnascs,
タイトーステーション 池袋西口店,東京都豊島区西池袋１−１５−９第一西池ビル,東京都,10:00〜24:00,cherrit、英傑大戦、CHUNITHM、頭文字D THE ARCADE、maimai でらっくす、オンゲキ、HOUSE OF THE DEAD: SCARLET DAWN、Wonderland Wars,171-0021,,https://location.am-all.net/alm/shop?gm=96&astep=0&sid=20932,35.7305503,139.7097415,,ChIJq6raul2NGGARMZA6Ezw3xoQ,Google
ゲームＷ,東京都豊島区南長崎5-27-6,東京都,11:00〜23:30,CHUNITHM、maimai でらっくす,171-0052,,https://location.am-all.net/alm/shop?gm=96&astep=0&sid=25687,35.7292369543395,139.682871476652,,ChIJA-bWGVftGGARAiydD7Adwf0,Google
タイトーステーション 秋葉原店,東京都千代田区外神田４−２−２貴三ビル,東京都,10:00〜24:00,CHUNITHM、maimai でらっくす、オンゲキ、HOUSE OF THE DEAD: SCARLET DAWN,101-0021,,https://location.am-all.net/alm/shop?gm=96&astep=0&sid=26725,35.7002219283158,139.771717850315,,ChIJwQY4mB2MGGARgn-IBKS98Q8,
東京レジャーランド秋葉原2号店,東京都千代田区外神田4-3-3ミナミビル6F・7F,東京都,10:00〜25:00,英傑大戦、CHUNITHM、頭文字D THE ARCADE、maimai でらっくす、オンゲキ,101-0021,,https://location.am-all.net/alm/shop?gm=96&astep=0&sid=24994,35.7008302,139.7718494,,ChIJ7S15lB2MGGARAvllcjonjBk,
ＧｉＧＯ秋葉原３号館,東京都千代田区外神田１‐１１‐１１外神田１丁目ビルディング,東京都,10:00〜23:30,CHUNITHM、頭文字D THE ARCADE、maimai でらっくす、オンゲキ、初音ミク Project DIVA Arcade Future Tone,101-0021,,https://location.am-all.net/alm/shop?gm=96&astep=0&sid=24413,35.6992572709625,139.770903803319,,ChIJR-PMBx2MGGARPFrgtULaJB0,
ゲームパニック秋葉原,東京都千代田区外神田1-13-1　Akihabara ex,東京都,10:00〜00:45,CHUNITHM、maimai でらっくす、オンゲキ,101-0021,,https://location.am-all.net/alm/shop?gm=96&astep=0&sid=19379,35.6988516,139.7716001,,ChIJFVzkTIqNGGARaqIbSyYE54g,
ｎａｍｃｏ秋葉原店,東京都千代田区外神田１丁目１５番９号,東京都,10:00〜23:00,CHUNITHM、maimai でらっくす,101-0021,,https://location.am-all.net/alm/shop?gm=96&astep=0&sid=19134,35.6980094,139.7724164,,ChIJDY7V5aeNGGAR1pouLzCIcbA,
シルクハット秋葉原,東京都千代田区外神田１丁目１０番地９号,東京都,10:00〜00:00,英傑大戦、CHUNITHM、maimai でらっくす、オンゲキ,101-0021,,https://location.am-all.net/alm/shop?gm=96&astep=0&sid=18554,35.698716,139.7710022,,ChIJ08fzNQCNGGARV8ACdk-1CXE,
東京レジャーランド秋葉原店,東京都千代田区外神田1-9-5,東京都,10:00〜23:55,英傑大戦、CHUNITHM、頭文字D THE ARCADE、maimai でらっくす、ALL.Net P-ras MULTI バージョン３、オンゲキ、初音ミク Project DIVA Arcade Future Tone、セガNET麻雀 MJ Arcade,101-0021,,https://location.am-all.net/alm/shop?gm=96&astep=0&sid=26726,35.6987469073879,139.770147045404,,ChIJjZKF_hyMGGARanh_doTkfyk,Google
ＧｉＧＯ渋谷宮益坂,東京都渋谷区渋谷１−１４−１４ＥＳＴ１階・７階,東京都,10:00〜23:30,英傑大戦、CHUNITHM、頭文字D THE ARCADE、maimai でらっくす、ALL.Net P-ras MULTI バージョン３、オンゲキ、HOUSE OF THE DEAD: SCARLET DAWN、Wonderland Wars、初音ミク Project DIVA Arcade Future Tone、セガNET麻雀 MJ Arcade,150-0002,,https://location.am-all.net/alm/shop?gm=96&astep=0&sid=29331,35.6600164,139.7025897,,ChIJI4dScliLGGARG3a9gLuJMOI,
タイトーステーション 渋谷店,東京都渋谷区渋谷１−２４−１２渋谷東映プラザ,東京都,10:00〜24:00,StarHorseParty、英傑大戦、CHUNITHM、maimai でらっくす、StarHorse4,150-0002,,https://location.am-all.net/alm/shop?gm=96&astep=0&sid=28575,35.6598520400219,139.701992837434,,ChIJR9ZvD1iLGGARSkBDXxV-nrQ,Google
アドアーズ渋谷,東京都渋谷区宇田川町１３−１１　ＫＮ渋谷１ビル,東京都,10:00〜23:45,maimai でらっくす、StarHorse4、HOUSE OF THE DEAD: SCARLET DAWN,150-0042,,https://location.am-all.net/alm/shop?gm=96&astep=0&sid=28754,35.6612470983557,139.698232071164,,ChIJmztqBqmMGGARJPqlFxCLaj8,
アミューズメントスペースASO：VIBA！,東京都渋谷区恵比寿1-10-5三恵エビスビル2F,東京都,10:00〜23:50,英傑大戦、CHUNITHM、maimai でらっくす、ALL.Net P-ras MULTI バージョン３、オンゲキ、Wonderland Wars、セガNET麻雀 MJ Arcade,150-0013,,https://location.am-all.net/alm/shop?gm=96&astep=0&sid=28785,35.6467821,139.7110171,,ChIJ9-C9IkCLGGARw_lPK0Xlej0,
ＧｉＧＯ新宿西口,東京都新宿区西新宿１−１２−５Ｂ１Ｆ・１Ｆ,東京都,10:00〜23:00,英傑大戦、CHUNITHM、頭文字D THE ARCADE、maimai でらっくす、ALL.Net P-ras MULTI バージョン３、オンゲキ、Wonderland Wars、セガNET麻雀 MJ Arcade,160-0023,,https://location.am-all.net/alm/shop?gm=96&astep=0&sid=29330,35.6895292415694,139.697369995701,,ChIJ_Xf_QNGMGGAR1b1aSWyoN7Y,
タイトー新宿南口ゲームワールド店,東京都新宿区新宿３−３５−８,東京都,10:00〜23:55,cherrit、英傑大戦、CHUNITHM、maimai でらっくす、StarHorse4、ALL.Net P-ras MULTI バージョン３、オンゲキ,160-0022,,https://location.am-all.net/alm/shop?gm=96&astep=0&sid=28576,35.6898659632407,139.702254238029,,ChIJpai7jtqMGGAR_kpulDewfSU,
新宿スポーツランド本館,東京都新宿区新宿3-22-12,東京都,10:00〜24:00,英傑大戦、CHUNITHM、頭文字D THE ARCADE、maimai でらっくす、StarHorse4、ALL.Net P-ras MULTI バージョン３、オンゲキ、HOUSE OF THE DEAD: SCARLET DAWN、占いコレクション トロッテ、Wonderland Wars、セガNET麻雀 MJ Arcade、ALL.Net P-ras MULTI,160-0022,,https://location.am-all.net/alm/shop?gm=96&astep=0&sid=29326,35.6931259664747,139.701829483432,,ChIJpSzL5dmMGGAR0VTOJtCk2XA,
タイトーステーション新宿東口店,東京都新宿区新宿３−２２−７　指田ビル,東京都,10:00〜25:00,cherrit、CHUNITHM、頭文字D THE ARCADE、maimai でらっくす,160-0022,,https://location.am-all.net/alm/shop?gm=96&astep=0&sid=28560,35.6932801915072,139.7015307669,,ChIJz9Zh4NmMGGARbmv1N4RHIPc,
ゲームパニック新宿歌舞伎町,東京都新宿区歌舞伎町1-20-1　ﾋｭｰﾏｯｸｽﾊﾟﾋﾞﾘｵﾝ1階2階,東京都,,CHUNITHM、頭文字D THE ARCADE、maimai でらっくす、オンゲキ、Wonderland Wars、初音ミク Project DIVA Arcade Future Tone,160-0021,,https://location.am-all.net/alm/shop?gm=96&astep=0&sid=19405,35.6958088,139.7015128,,ChIJ52IyKCyNGGARx_n-18vUNyo,
タイトーステーション新宿歌舞伎町店,東京都新宿区歌舞伎町１の２３の１,東京都,10:00〜01:00,CHUNITHM、頭文字D THE ARCADE、maimai でらっくす、オンゲキ、HOUSE OF THE DEAD: SCARLET DAWN,160-0021,,https://location.am-all.net/alm/shop?gm=96&astep=0&sid=18392,35.6939836,139.7008881,,ChIJ2xhOr8eNGGAReME12P-59Cg,Google
ＧｉＧＯ新大久保,東京都新宿区百人町２丁目１０−１南雲ビルＢ１Ｆ,東京都,10:00〜22:00,cherrit、maimai でらっくす,169-0073,,https://location.am-all.net/alm/shop?gm=96&astep=0&sid=19746,35.7017862,139.6995136,,ChIJRUMQg1CNGGARv5bE4_DHOEg,
ＧｉＧＯ高田馬場,東京都新宿区高田馬場４−７−５高田馬場グランド東京,東京都,10:00〜23:30,英傑大戦、CHUNITHM、頭文字D THE ARCADE、maimai でらっくす、オンゲキ,169-0075,,https://location.am-all.net/alm/shop?gm=96&astep=0&sid=19390,35.7136018,139.7037221,,ChIJzWmEQjCNGGAR16NinJ6ZYZc,
タイトーＢＩＧＢＯＸ高田馬場店,東京都新宿区高田馬場１−３５−３　ＢＩＧＢＯＸ６Ｆ,東京都,10:00〜24:00,ビンゴシアター、英傑大戦、CHUNITHM、頭文字D THE ARCADE、maimai でらっくす、StarHorse4、オンゲキ、HOUSE OF THE DEAD: SCARLET DAWN、StarHorse3 SeasonVII GREAT JOURNEY,169-0075,,https://location.am-all.net/alm/shop?gm=96&astep=0&sid=28570,35.7129463,139.7042567,,ChIJr3rrczmNGGARgdLL-ZkohqA,
ＧｉＧＯ神楽坂,東京都新宿区神楽坂２−１１第２カグラヒルズ１Ｆ,東京都,10:00〜24:00,英傑大戦、CHUNITHM、頭文字D THE ARCADE、maimai でらっくす、StarHorse4、ALL.Net P-ras MULTI バージョン３、オンゲキ、HOUSE OF THE DEAD: SCARLET DAWN、Wonderland Wars、セガNET麻雀 MJ Arcade,162-0825,,https://location.am-all.net/alm/shop?gm=96&astep=0&sid=29315,35.7010372,139.7420111,,ChIJkUqaLVuMGGAR42mrWoKyrMM,
シルクハット蒲田西口,東京都大田区西蒲田７−２−３第二醍醐ビル地下１階〜２階,東京都,10:00〜24:45,英傑大戦、CHUNITHM、頭文字D THE ARCADE、maimai でらっくす、StarHorse4、オンゲキ,144-0051,,https://location.am-all.net/alm/shop?gm=96&astep=0&sid=28728,35.563073,139.715965,,ChIJA_6criFhGGARoLgZeF0-qdQ,
ＧｉＧＯ大森,東京都大田区山王２−１−５大森駅ララビル２Ｆ,東京都,10:00〜24:00,英傑大戦、CHUNITHM、頭文字D THE ARCADE、maimai でらっくす、StarHorse4、ALL.Net P-ras MULTI バージョン３、オンゲキ、Wonderland Wars、初音ミク Project DIVA Arcade Future Tone、セガNET麻雀 MJ Arcade,143-0023,,https://location.am-all.net/alm/shop?gm=96&astep=0&sid=29307,35.5900117,139.7284234,,ChIJCUGgty1gGGAR8BdXScHmVQk,
ＧｉＧＯ池上,東京都大田区池上６−２−３松山ビル２Ｆ,東京都,10:00〜24:00,英傑大戦、CHUNITHM、頭文字D THE ARCADE、maimai でらっくす、StarHorse4、オンゲキ、Wonderland Wars、セガNET麻雀 MJ Arcade,146-0082,,https://location.am-all.net/alm/shop?gm=96&astep=0&sid=29051,35.5726635,139.7021271,,ChIJ_d-SGhJgGGARSu_iXTuC62I,
SOYU ZAURUS WORLD 大森店,東京都大田区大森北2-13-1イトーヨーカドー大森店3F,東京都,10:00〜21:00,CHUNITHM、maimai でらっくす、オンゲキ,143-0016,,https://location.am-all.net/alm/shop?gm=96&astep=0&sid=23868,35.5864789,139.7330455,,ChIJIUhlv8xhGGAR2iyQWXO7GW4,Google
タイトーステーションＢＩＧＦＵＮ平和島店,東京都大田区平和島１丁目１−１ＢＩＧＦＵＮ平和島,東京都,10:00〜24:00,ビンゴシアター、maimai でらっくす、StarHorse4,143-0006,,https://location.am-all.net/alm/shop?gm=96&astep=0&sid=20213,35.5843551808618,139.740851887836,,ChIJJzlYzgBhGGARTENShkD2cao,Google
タイトーステーション 上野アメ横店,東京都台東区上野４−１０−１７,東京都,10:00〜23:30,CHUNITHM、頭文字D THE ARCADE、maimai でらっくす、ALL.Net P-ras MULTI バージョン３,110-0005,,https://location.am-all.net/alm/shop?gm=96&astep=0&sid=26165,35.7105338482931,139.774424171164,,ChIJ3SaeSJ6OGGAREH7TqD4hgnQ,Google
世田谷オークラボウル,東京都世田谷区桜３−２４−１,東京都,10:00〜23:00,CHUNITHM、頭文字D THE ARCADE、maimai でらっくす、ALL.Net P-ras MULTI バージョン３、オンゲキ、Wonderland Wars,156-0053,,https://location.am-all.net/alm/shop?gm=96&astep=0&sid=21892,35.64052,139.6386376,,ChIJMbIwPo_zGGARAV_b3mPk294,Google
アミュージアムＯＳＣ店,東京都練馬区東大泉２−３４−１オズスタジオシティ２Ｆ,東京都,10:00〜24:00,英傑大戦、CHUNITHM、頭文字D THE ARCADE、maimai でらっくす、オンゲキ,178-0063,,https://location.am-all.net/alm/shop?gm=96&astep=0&sid=27604,35.7530405887275,139.594834873016,,ChIJ7WgYOrruGGARCN2KRPMSfXk,
ＧｉＧＯ船堀,東京都江戸川区船堀１ー６ー１１,東京都,10:00〜24:00,英傑大戦、CHUNITHM、頭文字D THE ARCADE、maimai でらっくす、StarHorse4、オンゲキ、Wonderland Wars、初音ミク Project DIVA Arcade Future Tone、セガNET麻雀 MJ Arcade,134-0091,,https://location.am-all.net/alm/shop?gm=96&astep=0&sid=29316,35.6848536,139.8638638,,ChIJ7UTnFNKHGGARHwP7PirNV4I,
ＧｉＧＯ西葛西,東京都江戸川区西葛西５−１−１４第一保志ビル,東京都,10:00〜01:00,英傑大戦、CHUNITHM、maimai でらっくす、オンゲキ,134-0088,,https://location.am-all.net/alm/shop?gm=96&astep=0&sid=29317,35.6652968451398,139.859268782209,,ChIJtbTmL-GHGGARfvyB1DqcPzA,
キャッツアイ西葛西店,東京都江戸川区西葛西４−２−２８,東京都,10:00〜21:00,NICO MAKE、CHUNITHM、頭文字D THE ARCADE、maimai でらっくす,134-0088,,https://location.am-all.net/alm/shop?gm=96&astep=0&sid=25096,,,,,
ＧｉＧＯアリオ葛西,東京都江戸川区東葛西９−３−３イトーヨーカドー３Ｆ,東京都,10:00〜23:30,CHUNITHM、頭文字D THE ARCADE、maimai でらっくす、オンゲキ、初音ミク Project DIVA Arcade Future Tone,134-0084,,https://location.am-all.net/alm/shop?gm=96&astep=0&sid=25773,35.6525142654189,139.881787155959,,ChIJtfJoRmR9GGAR4fO6sCR3ESI,
ＧｉＧＯラパーク瑞江,東京都江戸川区瑞江２−１−２ドン・キホーテラパーク瑞江店４Ｆ,東京都,10:00〜21:00,CHUNITHM、頭文字D THE ARCADE、maimai でらっくす、オンゲキ,132-0011,,https://location.am-all.net/alm/shop?gm=96&astep=0&sid=24193,35.6928467300096,139.896752924537,,ChIJ1fg25AeHGGARgNbNNmVygBI,Google
江戸川ヤングボウル,東京都江戸川区中央4-22-25,東京都,24時間,CHUNITHM、頭文字D THE ARCADE、maimai でらっくす,132-0021,,https://location.am-all.net/alm/shop?gm=96&astep=0&sid=24077,35.7112564,139.8694347,,ChIJk5urYhaGGGAROTDlA-r9cLM,Google
アミューズランドモナコ調布駅前店,東京都調布市布田４−２−２２,東京都,10:00〜24:00,CHUNITHM、maimai でらっくす、オンゲキ,182-0024,,https://location.am-all.net/alm/shop?gm=96&astep=0&sid=28792,35.6512163258339,139.544351735582,,ChIJS1EwRmvwGGARLUyH9OiHtbg,
ＧｉＧＯ調布,東京都調布市布田４丁目２ー４,東京都,10:00〜23:30,英傑大戦、CHUNITHM、頭文字D THE ARCADE、maimai でらっくす、StarHorse4、オンゲキ、HOUSE OF THE DEAD: SCARLET DAWN、セガNET麻雀 MJ Arcade,182-0024,,https://location.am-all.net/alm/shop?gm=96&astep=0&sid=18653,35.6509849,139.5442311,,ChIJ36fOXgDxGGAROCus4EZRyv8,
アピナ荻窪店,東京都杉並区上荻１−１３−１０ハクサンビル,東京都,10:00〜24:00,英傑大戦、CHUNITHM、頭文字D THE ARCADE、maimai でらっくす、StarHorse4、オンゲキ,167-0043,,https://location.am-all.net/alm/shop?gm=96&astep=0&sid=20086,35.7050135,139.6181738,,ChIJTV273xrtGGARRMeVtSdWBnA,Google
ゲームプラザセントラル八王子店,東京都八王子市東町12-15第5セントラル,東京都,10:00〜01:00,英傑大戦、CHUNITHM、頭文字D THE ARCADE、maimai でらっくす,192-0082,,https://location.am-all.net/alm/shop?gm=96&astep=0&sid=28788,35.6580006308157,139.338176209822,,ChIJr3Vl5dgdGWARUxQMQl0vd_o,Google
ＧｉＧＯ八王子高倉,東京都八王子市高倉町５５‐４,東京都,10:00〜24:00,英傑大戦、CHUNITHM、頭文字D THE ARCADE、maimai でらっくす、StarHorse4、ALL.Net P-ras MULTI バージョン３、オンゲキ、StarHorse3 SeasonVII GREAT JOURNEY、占いコレクション トロッテ、Wonderland Wars、初音ミク Project DIVA Arcade Future Tone、セガNET麻雀 MJ Arcade,192-0033,,https://location.am-all.net/alm/shop?gm=96&astep=0&sid=26071,35.6650608,139.3664651,,ChIJO3hvbQfiGGAR3ejfCRGRvvk,Google
シルクハット八王子,東京都八王子市旭町２−５　八王子ツインタワービル３階,東京都,10:00〜24:45,cherrit、英傑大戦、CHUNITHM、頭文字D THE ARCADE、maimai でらっくす、StarHorse4、オンゲキ、HOUSE OF THE DEAD: SCARLET DAWN、Wonderland Wars,192-0083,,https://location.am-all.net/alm/shop?gm=96&astep=0&sid=26064,35.6564020837934,139.338406510433,,ChIJz50Ya9kdGWARC3j-q_bUiJw,
アピナ八王子みなみ野店,東京都八王子市みなみ野１−２−１アクロスモール３Ｆ,東京都,10:00〜22:00,CHUNITHM、頭文字D THE ARCADE、maimai でらっくす、オンゲキ,192-0916,,https://location.am-all.net/alm/shop?gm=96&astep=0&sid=25506,35.6306169542114,139.329272010381,,ChIJq6JGJrIdGWARc38K3yKKf5s,Google
ソユーゲームフィールド南大沢店,東京都八王子市南大沢２−２８−１イトーヨーカドー南大沢店２Ｆ,東京都,10:00〜21:00,maimai でらっくす、オンゲキ,192-0364,,https://location.am-all.net/alm/shop?gm=96&astep=0&sid=23849,35.6132282443671,139.379479661377,,ChIJsQv4ErriGGARCaZhcIVKVVo,Google
ＧｉＧＯイトーヨーカドー八王子,東京都八王子市狭間町１４６２番地１　ＩＹ八王子３階,東京都,10:00〜23:00,CHUNITHM、maimai でらっくす、オンゲキ,193-0941,,https://location.am-all.net/alm/shop?gm=96&astep=0&sid=18652,35.6380448,139.293491,,ChIJ9cNhOgAdGWARF7UkXp7uuAQ,
ＮＩＣＯＰＡ高尾店,東京都八王子市東浅川町550-1イーアス高尾2F,東京都,,CHUNITHM、頭文字D THE ARCADE、maimai でらっくす、オンゲキ,193-0834,,https://location.am-all.net/alm/shop?gm=96&astep=0&sid=20628,35.645164,139.2912724,,,
ＧｉＧＯイトーヨーカドー武蔵小金井,東京都小金井市本町６‐１４‐９ＩＹ武蔵小金井店４Ｆ,東京都,10:00〜21:00,maimai でらっくす,184-0004,,https://location.am-all.net/alm/shop?gm=96&astep=0&sid=23842,35.7004955,139.504814410451,,ChIJ3Rud0LzlGGAR8RXSZuqTfB0,Google
ＧｉＧＯ自由が丘,東京都目黒区自由が丘２ー１０ー９,東京都,10:00〜24:00,英傑大戦、CHUNITHM、頭文字D THE ARCADE、maimai でらっくす、StarHorse4、オンゲキ,152-0035,,https://location.am-all.net/alm/shop?gm=96&astep=0&sid=29301,35.6084440743956,139.667565739881,,ChIJgdt7SB71GGARBWNzzd8HnU8,
ＧｉＧＯ赤羽,東京都北区赤羽１−７−９赤羽第一葉山ビルＢ１,東京都,10:00〜24:00,英傑大戦、CHUNITHM、頭文字D THE ARCADE、maimai でらっくす、StarHorse4、ALL.Net P-ras MULTI バージョン３、オンゲキ、Wonderland Wars、セガNET麻雀 MJ Arcade,115-0045,,https://location.am-all.net/alm/shop?gm=96&astep=0&sid=24180,35.7789607235346,139.722284168088,,ChIJTR-vrwKTGGARzinfEL8pnHA,
ＧｉＧＯ赤羽駅前,東京都北区赤羽１−２−４,東京都,10:00〜23:30,英傑大戦、CHUNITHM、頭文字D THE ARCADE、maimai でらっくす、オンゲキ、Wonderland Wars、セガNET麻雀 MJ Arcade,115-0045,,https://location.am-all.net/alm/shop?gm=96&astep=0&sid=20162,35.7782507,139.7215917,,ChIJWbzkhRGTGGARImiRee2WeqU,Google
ｎａｍｃｏ王子サンスクエア店,東京都北区王子１ー４ー１サンスクエア２階,東京都,10:00〜23:00,英傑大戦、CHUNITHM、maimai でらっくす、StarHorse4、ALL.Net P-ras MULTI バージョン３、オンゲキ、HOUSE OF THE DEAD: SCARLET DAWN、Wonderland Wars、セガNET麻雀 MJ Arcade,114-0002,,https://location.am-all.net/alm/shop?gm=96&astep=0&sid=25689,35.7529737,139.7389579,,ChIJw1IJY3mSGGARjiSmp2sxbm8,
東京ジョイポリス,東京都港区台場1-6-1デックス東京ビーチ4F,東京都,11:00〜19:00,maimai でらっくす、HOUSE OF THE DEAD: SCARLET DAWN、占いコレクション トロッテ,135-0091,,https://location.am-all.net/alm/shop?gm=96&astep=0&sid=23278,35.6289143760236,139.775390293115,,ChIJuTdPXvaJGGARJhT_Ai6urFQ,Google
ラウンドワン町田ジョルナ店,東京都町田市原町田六丁目６番１４号　町田ジョルナ３階フロア,東京都,10:00〜01:00,NICO MAKE、CHUNITHM、maimai でらっくす,194-0013,,https://location.am-all.net/alm/shop?gm=96&astep=0&sid=18923,35.5422264,139.4471637,,ChIJLwtv67T5GGARvGKb6ZYEaC8,Google
タイトーステーション 町田店,東京都町田市原町田６−２１−２３　松山ビル１階,東京都,10:00〜24:00,NICO MAKE、英傑大戦、CHUNITHM、頭文字D THE ARCADE、maimai でらっくす、ALL.Net P-ras MULTI バージョン３、オンゲキ、HOUSE OF THE DEAD: SCARLET DAWN、Wonderland Wars、ALL.Net P-ras MULTI,194-0013,,https://location.am-all.net/alm/shop?gm=96&astep=0&sid=27107,35.5427132441421,139.448486052779,,ChIJ-6EsEEv5GGAR-xglwOhDvwQ,Google
ＧｉＧＯ町田,東京都町田市原町田６−１３ー１７アーバンミサワビルＢ１,東京都,10:00〜23:45,英傑大戦、CHUNITHM、頭文字D THE ARCADE、maimai でらっくす、オンゲキ、Wonderland Wars、初音ミク Project DIVA Arcade Future Tone,194-0013,,https://location.am-all.net/alm/shop?gm=96&astep=0&sid=20225,35.5438675,139.4469818,,ChIJnQzJWWj5GGARZeHl695bwpo,
ラウンドワン町田店,東京都町田市森野１−１３−１４,東京都,10:00〜24:50,StarHorseParty、英傑大戦、CHUNITHM、頭文字D THE ARCADE、maimai でらっくす、StarHorse4、オンゲキ、HOUSE OF THE DEAD: SCARLET DAWN、StarHorse3 SeasonVII GREAT JOURNEY、初音ミク Project DIVA Arcade Future Tone,194-0022,,https://location.am-all.net/alm/shop?gm=96&astep=0&sid=26267,35.5439664667499,139.443230834988,,ChIJ_b_ysLP-GGAR15UBGj14kBY,
ＧｉＧＯ南町田グランベリーパークシアター,東京都町田市鶴間３‐４‐１　ワンダーシアター１Ｆ,東京都,10:00〜22:00,CHUNITHM、maimai でらっくす、オンゲキ、HOUSE OF THE DEAD: SCARLET DAWN,194-8589,,https://location.am-all.net/alm/shop?gm=96&astep=0&sid=19978,35.5098378,139.4699593,,ChIJVSQRfgD5GGARmRpBe1_hxLQ,
タイトーステーション国分寺店,東京都国分寺市本町３−５−１１,東京都,10:00〜23:30,NICO MAKE、英傑大戦、CHUNITHM、頭文字D THE ARCADE、maimai でらっくす、StarHorse4、オンゲキ、Wonderland Wars,185-0012,,https://location.am-all.net/alm/shop?gm=96&astep=0&sid=28549,35.7018475,139.479889,,ChIJR-Uj-zbkGGARrTpEzIDAd8k,Google
ｎａｍｃｏ中野店,東京都中野区中野５ー５２ー１５中野ブロードウェイ別館,東京都,10:00〜23:00,英傑大戦、CHUNITHM、頭文字D THE ARCADE、maimai でらっくす、ALL.Net P-ras MULTI バージョン３、オンゲキ,164-0001,,https://location.am-all.net/alm/shop?gm=96&astep=0&sid=26307,35.709127585926,139.666137068106,,ChIJ03nvSJfyGGARBo4VexbiuUk,
アドアーズ中野,東京都中野区中野５−５２−１５　ブロードウェイ１８５,東京都,10:00〜23:45,英傑大戦、CHUNITHM、maimai でらっくす、StarHorse4,164-0001,,https://location.am-all.net/alm/shop?gm=96&astep=0&sid=28752,35.7091923792691,139.665693833066,,ChIJY5HfTJfyGGAR1p4W8Y78HiE,
アミューズメントゲーム　マグレブ,東京都多摩市落合１−３９−２マグレブビル１階,東京都,10:00〜24:00,StarHorseParty、英傑大戦、CHUNITHM、頭文字D THE ARCADE、maimai でらっくす、StarHorse4、ALL.Net P-ras MULTI バージョン３、オンゲキ、StarHorse3 SeasonVII GREAT JOURNEY、Wonderland Wars、セガNET麻雀 MJ Arcade,206-0033,,https://location.am-all.net/alm/shop?gm=96&astep=0&sid=22923,35.6245439,139.4256174,,ChIJxR1PgjXjGGARzHP37AFBKnA,Google
ＧｉＧＯヴィータモールせいせき,東京都多摩市関戸４丁目７２番地,東京都,10:00〜23:30,CHUNITHM、頭文字D THE ARCADE、maimai でらっくす、オンゲキ,206-0011,,https://location.am-all.net/alm/shop?gm=96&astep=0&sid=18581,35.6486018,139.447236,,ChIJaTFZmI3lGGARbsHA_LQiUDw,
アミューズメントスペースカプセル,東京都多摩市永山１−３−４ヒューマックスパビリオン永山B1-2F,東京都,10:00〜23:45,CHUNITHM、maimai でらっくす、占いコレクション トロッテ,206-0025,,https://location.am-all.net/alm/shop?gm=96&astep=0&sid=27872,35.6314344435615,139.447925050926,,ChIJI2rZyarkGGARe5xC6fqeTEc,
ゲームサファリ大山,東京都板橋区大山東町60-10やすだ大山駅前店2F,東京都,10:00〜00:00,NICO MAKE、CHUNITHM、maimai でらっくす、オンゲキ、StarHorse3 SeasonVII GREAT JOURNEY、Wonderland Wars、セガNET麻雀 MJ Arcade,173-0014,,https://location.am-all.net/alm/shop?gm=96&astep=0&sid=26018,35.7490329686356,139.702239217179,,ChIJ050RxLmSGGARSJPZUK-C1is,
ＧｉＧＯ成増,東京都板橋区成増２ー１７ー２４五曠第６ビル,東京都,10:00〜00:00,英傑大戦、CHUNITHM、頭文字D THE ARCADE、maimai でらっくす、オンゲキ、HOUSE OF THE DEAD: SCARLET DAWN、Wonderland Wars、初音ミク Project DIVA Arcade Future Tone,175-0094,,https://location.am-all.net/alm/shop?gm=96&astep=0&sid=18787,35.7774582,139.6312607,,ChIJc-A-WwDtGGAR7KplDsWkDOk,
アピナ成増店,東京都板橋区成増二丁目２１番２号　メガドンキホーテ成増店５階,東京都,10:00〜00:00,CHUNITHM、maimai でらっくす,175-0094,,https://location.am-all.net/alm/shop?gm=96&astep=0&sid=18928,35.7781263,139.6304404,,ChIJgU5SUgDtGGARr4c_Nvvh-NQ,
ラウンドワン板橋店,東京都板橋区相生町１６−１３,東京都,10:00〜06:00,StarHorseParty、英傑大戦、CHUNITHM、頭文字D THE ARCADE、maimai でらっくす、StarHorse4、オンゲキ、HOUSE OF THE DEAD: SCARLET DAWN、セガNET麻雀 MJ Arcade,174-0044,,https://location.am-all.net/alm/shop?gm=96&astep=0&sid=25739,35.7766273,139.6786153,,ChIJ6WLIVsbsGGARXoI_hCRieW0,Google
ＧｉＧＯ立川,東京都立川市柴崎町３−２−１サザンビル１・２Ｆ,東京都,10:00〜23:00,英傑大戦、CHUNITHM、頭文字D THE ARCADE、maimai でらっくす、StarHorse4、オンゲキ、HOUSE OF THE DEAD: SCARLET DAWN、セガNET麻雀 MJ Arcade,190-0023,,https://location.am-all.net/alm/shop?gm=96&astep=0&sid=29305,35.6975103818561,139.414619516533,,ChIJa_nDHnvhGGARn6-ysVCdj4o,
タイトーステーション立川北口店,東京都立川市曙町２−４−５クリサス立川２・３Ｆ,東京都,10:00〜24:00,英傑大戦、CHUNITHM、頭文字D THE ARCADE、maimai でらっくす、ALL.Net P-ras MULTI バージョン３、オンゲキ、初音ミク Project DIVA Arcade Future Tone,190-0012,,https://location.am-all.net/alm/shop?gm=96&astep=0&sid=20644,35.6991102,139.4120958,,ChIJ5Y2ZCnrhGGAR_LaeW_gszs8,Google
ＷＯＲＬＤ　ＧＡＭＥ　ＣＩＲＣＵＳ,東京都立川市羽衣町２−４−１３羽衣長田ビル１０１ＷＧＣ,東京都,10:00〜00:00,CHUNITHM、頭文字D THE ARCADE、maimai でらっくす、オンゲキ、初音ミク Project DIVA Arcade Future Tone,190-0021,,https://location.am-all.net/alm/shop?gm=96&astep=0&sid=19698,35.6964221,139.4288034,,ChIJwz00s7uSGGARikuuUVflpsY,
タイトーステーション錦糸町楽天地店,東京都墨田区江東橋４−２７−１４楽天地ビルＢ１Ｆ,東京都,10:00〜24:00,NICO MAKE、CHUNITHM、頭文字D THE ARCADE、maimai でらっくす、オンゲキ,130-0022,,https://location.am-all.net/alm/shop?gm=96&astep=0&sid=23989,35.6964979,139.815807,,ChIJlwBIJdiIGGARD9STlXojhbs,Google
タイトーＦステーションオリナス錦糸町店,東京都墨田区太平４ー１ー２　オリナスモール地下１Ｆ,東京都,10:00〜23:45,StarHorseParty、英傑大戦、CHUNITHM、頭文字D THE ARCADE、maimai でらっくす、StarHorse4、オンゲキ、占いコレクション トロッテ、Wonderland Wars、セガNET麻雀 MJ Arcade,130-0012,,https://location.am-all.net/alm/shop?gm=96&astep=0&sid=25741,35.7003101052259,139.81526531157,,ChIJmXU3ZtaIGGARDDj3Yz9qaWc,Google
東京レジャーランド亀有店,東京都葛飾区亀有3-21-2,東京都,10:00〜23:50,英傑大戦、CHUNITHM、頭文字D THE ARCADE、maimai でらっくす、StarHorse4、オンゲキ,125-0061,,https://location.am-all.net/alm/shop?gm=96&astep=0&sid=21690,35.7654165,139.8480115,,ChIJlyjZbo-PGGAR-lup4A8UaPA,
ＧｉＧＯ立石,東京都葛飾区立石７丁目３番６号リ・セブン,東京都,10:00〜23:59,NICO MAKE、英傑大戦、CHUNITHM、頭文字D THE ARCADE、maimai でらっくす、ALL.Net P-ras MULTI バージョン３、オンゲキ、セガNET麻雀 MJ Arcade,124-0012,,https://location.am-all.net/alm/shop?gm=96&astep=0&sid=18735,35.7396004,139.8494377,,ChIJUYRQXQCPGGARC9x1hcCjoBI,
アドアーズ亀戸店,東京都江東区亀戸５−２−６サンエービル１〜５階,東京都,10:00〜23:45,英傑大戦、CHUNITHM、頭文字D THE ARCADE、maimai でらっくす、StarHorse4,136-0071,,https://location.am-all.net/alm/shop?gm=96&astep=0&sid=26738,35.6989635198675,139.825903655225,,ChIJxT_IGsWIGGAR8X17MkVERFI,
ラウンドワン南砂店,東京都江東区南砂６−７−１５トピレックプラザ４Ｆ,東京都,10:00〜23:50,StarHorseParty、ビンゴシアター、英傑大戦、CHUNITHM、頭文字D THE ARCADE、maimai でらっくす、StarHorse4、オンゲキ、StarHorse3 SeasonVII GREAT JOURNEY、Wonderland Wars、セガNET麻雀 MJ Arcade,136-0076,,https://location.am-all.net/alm/shop?gm=96&astep=0&sid=28637,35.6718430895165,139.836978146697,,ChIJ792H4GaIGGARjrDzoR4Flhs,
ラウンドワンダイバーシティ東京プラザ店,東京都江東区青海1-1-10ダイバーシティ東京プラザ6階61000,東京都,10:00〜23:50,cherrit、StarHorseParty、NICO MAKE、英傑大戦、CHUNITHM、頭文字D THE ARCADE、maimai でらっくす、StarHorse4、オンゲキ、HOUSE OF THE DEAD: SCARLET DAWN、占いコレクション トロッテ,135-0064,,https://location.am-all.net/alm/shop?gm=96&astep=0&sid=23048,35.6256893666879,139.776308565221,,ChIJS1Sp2fmJGGARowlHP9l5X44,
プラサカプコン吉祥寺店,東京都武蔵野市吉祥寺本町１−１０−１いなりやビル地下１階,東京都,10:00〜23:00,cherrit、英傑大戦、CHUNITHM、maimai でらっくす,180-0004,,https://location.am-all.net/alm/shop?gm=96&astep=0&sid=28714,35.705361,139.5790984,,ChIJ80-AKEbuGGAReiwmDdqnIq0,
東京レジャーランド吉祥寺店,東京都武蔵野市吉祥寺本町1-3-7　YSビル地下１階〜4階,東京都,10:00〜24:50,英傑大戦、CHUNITHM、頭文字D THE ARCADE、maimai でらっくす、オンゲキ,180-0004,,https://location.am-all.net/alm/shop?gm=96&astep=0&sid=19353,35.703598,139.5787046,,ChIJlb9phYjvGGARWH5jCgcNDV0,
ラウンドワン吉祥寺店,東京都武蔵野市吉祥寺本町1-11-22,東京都,10:00〜24:50,StarHorseParty、NICO MAKE、英傑大戦、CHUNITHM、maimai でらっくす、StarHorse4、オンゲキ、StarHorse3 SeasonVII GREAT JOURNEY,180-0004,,https://location.am-all.net/alm/shop?gm=96&astep=0&sid=20571,35.7063019987024,139.580779910555,,ChIJH97KREbuGGAR3EU4xyN9HSg,
ＧｉＧＯ府中,東京都府中市西原町１−６−２フレスポ府中１Ｆ・２Ｆ,東京都,10:00〜24:00,英傑大戦、CHUNITHM、頭文字D THE ARCADE、maimai でらっくす、StarHorse4、オンゲキ、StarHorse3 SeasonVII GREAT JOURNEY、セガNET麻雀 MJ Arcade,183-0046,,https://location.am-all.net/alm/shop?gm=96&astep=0&sid=26097,35.6824046,139.4603984,,ChIJeYjwZm_kGGARLYWB93I0mHs,
ラウンドワン府中本町駅前,東京都府中市本町１−１３−３カネタビル,東京都,10:00〜23:50,StarHorseParty、ビンゴシアター、英傑大戦、CHUNITHM、頭文字D THE ARCADE、maimai でらっくす、StarHorse4、オンゲキ、HOUSE OF THE DEAD: SCARLET DAWN、StarHorse3 SeasonVII GREAT JOURNEY、Wonderland Wars、セガNET麻雀 MJ Arcade,183-0027,,https://location.am-all.net/alm/shop?gm=96&astep=0&sid=24147,35.6672709,139.4774004,,ChIJq-pRi-XkGGARbVsLXvNPqCY,
ＧｉＧＯ福生,東京都福生市福生１０７６−１,東京都,11:00〜24:00,英傑大戦、CHUNITHM、頭文字D THE ARCADE、maimai でらっくす、StarHorse4、オンゲキ、初音ミク Project DIVA Arcade Future Tone、セガNET麻雀 MJ Arcade,197-0011,,https://location.am-all.net/alm/shop?gm=96&astep=0&sid=29291,35.7446999852177,139.324286957672,,ChIJtZzPtsohGWARKZGcQaf0QGs,
ウェアハウス入谷店,東京都足立区入谷７ー８ー１１,東京都,10:00〜23:45,英傑大戦、CHUNITHM、頭文字D THE ARCADE、maimai でらっくす、StarHorse4、オンゲキ、占いコレクション トロッテ、セガNET麻雀 MJ Arcade、ALL.Net P-ras MULTI,121-0836,,https://location.am-all.net/alm/shop?gm=96&astep=0&sid=28301,35.8011191704712,139.761003363195,,ChIJARxvjuiTGGARWhdL7phZiRU,
ウェアハウス保木間店,東京都足立区保木間１ー１ー１９,東京都,10:00〜23:45,英傑大戦、CHUNITHM、maimai でらっくす、StarHorse4、オンゲキ、セガNET麻雀 MJ Arcade,121-0064,,https://location.am-all.net/alm/shop?gm=96&astep=0&sid=28300,35.7891796,139.8033169,,ChIJ3bYuH8aRGGAR_2tolvPeZBU,
ＧｉＧＯ竹の塚,東京都足立区竹の塚６−８−６ピーくんＰｌａｚａ−ｂ,東京都,10:00〜24:00,英傑大戦、CHUNITHM、頭文字D THE ARCADE、maimai でらっくす、StarHorse4、オンゲキ、Wonderland Wars、セガNET麻雀 MJ Arcade,121-0813,,https://location.am-all.net/alm/shop?gm=96&astep=0&sid=22528,35.7947505591882,139.792496776057,,ChIJDznXNpaRGGARVCl3m4LBYxY,
キャロム青梅店,東京都青梅市千ケ瀬町4-326-1,東京都,10:00〜24:00,CHUNITHM、頭文字D THE ARCADE、maimai でらっくす、ALL.Net P-ras MULTI バージョン３、オンゲキ、Wonderland Wars、セガNET麻雀 MJ Arcade,198-0043,,https://location.am-all.net/alm/shop?gm=96&astep=0&sid=25786,35.7860653,139.2699665,,ChIJDbOaaw4kGWARIMhVP42MpmA,Google
ウェアハウス一橋学園店,東京都小平市学園東町１丁目４番３９号平山ビル３Ｆ,東京都,10:00〜23:45,英傑大戦、CHUNITHM、maimai でらっくす、オンゲキ、初音ミク Project DIVA Arcade Future Tone,187-0043,,https://location.am-all.net/alm/shop?gm=96&astep=0&sid=19776,,,,,
ユーズランド日の出店,東京都西多摩郡日の出町大字平井237-3イオンモール日の出３Ｆ,東京都,10:00〜21:00,英傑大戦、CHUNITHM、頭文字D THE ARCADE、maimai でらっくす、オンゲキ,190-0182,,https://location.am-all.net/alm/shop?gm=96&astep=0&sid=25093,35.7348560644049,139.275244578574,,ChIJPQXWWCUiGWARKIJnpGBmDrQ,Google
ＧｉＧＯイオンモールむさし村山,東京都武蔵村山市榎１−１−３−２０５９,東京都,10:00〜22:00,CHUNITHM、頭文字D THE ARCADE、maimai でらっくす、オンゲキ、HOUSE OF THE DEAD: SCARLET DAWN,208-0022,,https://location.am-all.net/alm/shop?gm=96&astep=0&sid=25518,35.7467413461998,139.385066501852,,ChIJM1h_sAzgGGARunscTMQxonc,
ラウンドワン武蔵村山店,東京都武蔵村山市伊奈平３−１−１,東京都,10:00〜23:50,StarHorseParty、英傑大戦、CHUNITHM、頭文字D THE ARCADE、maimai でらっくす、StarHorse4、オンゲキ、StarHorse3 SeasonVII GREAT JOURNEY,208-0023,,https://location.am-all.net/alm/shop?gm=96&astep=0&sid=24782,35.7353290526025,139.382361879099,,ChIJqwNoThTgGGARn5SG9s-A_tY,
タイトーステーション横浜西口五番街店,神奈川県横浜市西区南幸１−１２ー９,神奈川県,10:00〜23:50,cherrit、英傑大戦、CHUNITHM、頭文字D THE ARCADE、maimai でらっくす、オンゲキ,220-0005,,https://location.am-all.net/alm/shop?gm=96&astep=0&sid=24363,35.4646858,139.6195818,,ChIJVY3Xhw1cGGARjFBPjpAZzek,Google
ラウンドワン横浜駅西口店,神奈川県横浜市西区南幸２−８−１６,神奈川県,08:00〜23:50,StarHorseParty、ビンゴシアター、英傑大戦、CHUNITHM、頭文字D THE ARCADE、maimai でらっくす、StarHorse4、オンゲキ、HOUSE OF THE DEAD: SCARLET DAWN、StarHorse3 SeasonVII GREAT JOURNEY、初音ミク Project DIVA Arcade Future Tone,220-0005,,https://location.am-all.net/alm/shop?gm=96&astep=0&sid=27485,35.4639294,139.6179961,,ChIJj3GIpA1cGGARPCknODhdx14,
イトーヨーカドーららぽーと横浜２Ｆ,神奈川県横浜市都筑区池辺町４０３５‐１,神奈川県,10:00〜21:00,totolu、CHUNITHM、頭文字D THE ARCADE、maimai でらっくす,224-0053,,https://location.am-all.net/alm/shop?gm=96&astep=0&sid=25366,35.5179093,139.5663144,,ChIJA_3RgmFYGGAR8EDW01z2l-o,Google
サープラ横浜あそびタウン,神奈川県横浜市都筑区中川中央１−２５−１ＮＰモール６Ｆ,神奈川県,10:00〜22:00,cherrit、StarHorseParty、ビンゴシアター、CHUNITHM、頭文字D THE ARCADE、maimai でらっくす,224-0003,,https://location.am-all.net/alm/shop?gm=96&astep=0&sid=25414,35.5516442,139.579457,,ChIJVdIL5Tn2GGARD9HOinvj8JY,Google
ＧｉＧＯ港北インター,神奈川県横浜市都筑区東方町３２１‐６,神奈川県,10:00〜24:00,英傑大戦、CHUNITHM、頭文字D THE ARCADE、maimai でらっくす、StarHorse4、オンゲキ、StarHorse3 SeasonVII GREAT JOURNEY、Wonderland Wars、セガNET麻雀 MJ Arcade,224-0045,,https://location.am-all.net/alm/shop?gm=96&astep=0&sid=26112,35.5192486,139.5847936,,ChIJJQYkd-tYGGARntcN27evk7Q,Google
ＧｉＧＯセンター南,神奈川県横浜市都筑区茅ヶ崎中央３−２５,神奈川県,10:00〜22:00,英傑大戦、CHUNITHM、頭文字D THE ARCADE、maimai でらっくす、オンゲキ、HOUSE OF THE DEAD: SCARLET DAWN,224-0032,,https://location.am-all.net/alm/shop?gm=96&astep=0&sid=20122,35.5446019,139.5746394,,ChIJk7wcBJz3GGARAOlqkp___ZE,Google
ＧｉＧＯ横浜中華街,神奈川県横浜市中区山下町８０−１,神奈川県,10:00〜23:00,CHUNITHM、maimai でらっくす、オンゲキ、HOUSE OF THE DEAD: SCARLET DAWN、セガNET麻雀 MJ Arcade,231-0023,,https://location.am-all.net/alm/shop?gm=96&astep=0&sid=22799,35.443812996498,139.648076115344,,ChIJsxaC_OJcGGARjtKnpsMA-ZI,
シルクハット伊勢佐木町,神奈川県横浜市中区伊勢佐木町３—９６日活会館３階,神奈川県,09:00〜23:45,NICO MAKE、英傑大戦、CHUNITHM、頭文字D THE ARCADE、maimai でらっくす、StarHorse4、ALL.Net P-ras MULTI バージョン３、オンゲキ,231-0045,,https://location.am-all.net/alm/shop?gm=96&astep=0&sid=28719,35.4426850039516,139.630083119049,,ChIJS6oBc_RcGGARAD7WeHxnBs4,
ラウンドワン横浜綱島店,神奈川県横浜市港北区樽町２−６−４０Ｔ-PLATZ内,神奈川県,09:00〜06:00,StarHorseParty、英傑大戦、CHUNITHM、頭文字D THE ARCADE、maimai でらっくす、StarHorse4、オンゲキ、StarHorse3 SeasonVII GREAT JOURNEY,222-0001,,https://location.am-all.net/alm/shop?gm=96&astep=0&sid=27522,35.5319981,139.6371792,,ChIJx9TsXRpfGGARcdEWRhizsVQ,Google
イミグランデ日吉店３,神奈川県横浜市港北区日吉2−2−4,神奈川県,09:00〜24:00,CHUNITHM、maimai でらっくす、オンゲキ,223-0061,,https://location.am-all.net/alm/shop?gm=96&astep=0&sid=21264,35.5544916,139.646611,,ChIJn8t18IFfGGARDW7SSWg0kEE,Google
ＧｉＧＯ綱島,神奈川県横浜市港北区綱島西２−６−２９,神奈川県,10:00〜24:00,英傑大戦、CHUNITHM、頭文字D THE ARCADE、maimai でらっくす、StarHorse4、ALL.Net P-ras MULTI バージョン３、オンゲキ、Wonderland Wars、初音ミク Project DIVA Arcade Future Tone、セガNET麻雀 MJ Arcade,223-0053,,https://location.am-all.net/alm/shop?gm=96&astep=0&sid=27002,35.5363864131927,139.632878168717,,ChIJzyTPLhRfGGARyGqMUsJ46nw,
タイトーステーション戸塚西口店,神奈川県横浜市戸塚区戸塚町４０２３,神奈川県,10:00〜24:00,英傑大戦、CHUNITHM、maimai でらっくす、ALL.Net P-ras MULTI バージョン３、オンゲキ、Wonderland Wars,244-0003,,https://location.am-all.net/alm/shop?gm=96&astep=0&sid=28552,35.3995319,139.5318297,,ChIJVzr6R4NaGGARgZfmd0H2rf8,
ソユーゲームフィールド上大岡店,神奈川県横浜市港南区上大岡西１−１８−３　ミオカリスト館６階,神奈川県,10:00〜23:00,CHUNITHM、maimai でらっくす、オンゲキ,233-0002,,https://location.am-all.net/alm/shop?gm=96&astep=0&sid=19970,35.4077804,139.5952989,,ChIJFQ9QFGZbGGARs9NlyziIpPw,
ＧｉＧＯ新杉田,神奈川県横浜市磯子区杉田１−１−１らびすた新杉田２Ｆ,神奈川県,10:00〜23:30,英傑大戦、CHUNITHM、頭文字D THE ARCADE、maimai でらっくす、ALL.Net P-ras MULTI バージョン３、オンゲキ、初音ミク Project DIVA Arcade Future Tone、セガNET麻雀 MJ Arcade,235-0033,,https://location.am-all.net/alm/shop?gm=96&astep=0&sid=26452,35.3860688514946,139.618888458197,,ChIJ-Quj0mdDGGARtDj_KrutfCs,
パラダイス・シティ,神奈川県横浜市旭区二俣川1-43-28,神奈川県,10:00〜21:00,CHUNITHM、頭文字D THE ARCADE、maimai でらっくす,241-0821,,https://location.am-all.net/alm/shop?gm=96&astep=0&sid=23230,35.4648265,139.5318128,,ChIJFeq5ad5ZGGARopbiu0mnLPc,Google
タイトーステーション 藤沢店,神奈川県藤沢市南藤沢２１−１,神奈川県,10:00〜23:50,NICO MAKE、英傑大戦、CHUNITHM、maimai でらっくす、オンゲキ,251-0055,,https://location.am-all.net/alm/shop?gm=96&astep=0&sid=24289,35.3372817,139.4873362,,ChIJxflKKstPGGARXYFcMYaNH8I,Google
ＧｉＧＯ本藤沢,神奈川県藤沢市本藤沢５‐６‐８,神奈川県,10:00〜24:00,StarHorseParty、totolu、ビンゴシアター、英傑大戦、CHUNITHM、頭文字D THE ARCADE、maimai でらっくす、StarHorse4、ALL.Net P-ras MULTI バージョン３、オンゲキ、HOUSE OF THE DEAD: SCARLET DAWN、StarHorse3 SeasonVII GREAT JOURNEY、Wonderland Wars、セガNET麻雀 MJ Arcade,251-0875,,https://location.am-all.net/alm/shop?gm=96&astep=0&sid=26268,35.3580369,139.4681074,,ChIJ3WJoasJRGGARTTOfh0Skaxs,Google
ＳＯＹＵGAME　FIELD湘南店,神奈川県藤沢市辻堂新町4-1-1湘南モールＦＩＬＬ2F,神奈川県,10:00〜21:00,CHUNITHM、maimai でらっくす、オンゲキ,251-0042,,https://location.am-all.net/alm/shop?gm=96&astep=0&sid=23857,35.3391335,139.4645105,,ChIJX5a61xhOGGARtroeFSRGClE,Google
楽市楽座湘南藤沢店,神奈川県藤沢市辻堂新町4-3-5ﾐｽﾀｰﾏｯｸｽ湘南藤沢SC２F,神奈川県,09:00〜22:00,英傑大戦、CHUNITHM、頭文字D THE ARCADE、maimai でらっくす、StarHorse4、HOUSE OF THE DEAD: SCARLET DAWN,251-0042,,https://location.am-all.net/alm/shop?gm=96&astep=0&sid=25712,35.3397223,139.4640911,,ChIJtYGsLx9OGGAR5XZSs5IXI3M,Google
アドアーズ大和店Ａ館,神奈川県大和市大和東１−４−３大黒屋ビル１、２階,神奈川県,10:00〜23:45,英傑大戦、CHUNITHM、maimai でらっくす、StarHorse4,242-0017,,https://location.am-all.net/alm/shop?gm=96&astep=0&sid=28746,35.4705555,139.462345,,ChIJcfCJZmtWGGARWX_imGtj3Xc,
プレイランド大和鶴間,神奈川県大和市下鶴間１−３−１イトーヨーカドー大和鶴間店３Ｆ,神奈川県,09:00〜21:00,CHUNITHM、maimai でらっくす、オンゲキ,242-0001,,https://location.am-all.net/alm/shop?gm=96&astep=0&sid=24375,35.4905089,139.457133,,ChIJN1CWLKb4GGARtFs_yAXZQ3g,Google
シルクハット川崎ダイス,神奈川県川崎市川崎区駅前本町８番地ダイスビル地下２階,神奈川県,09:00〜24:45,StarHorseParty、ビンゴシアター、英傑大戦、CHUNITHM、頭文字D THE ARCADE、maimai でらっくす、StarHorse4、オンゲキ、HOUSE OF THE DEAD: SCARLET DAWN、StarHorse3 SeasonVII GREAT JOURNEY,210-0007,,https://location.am-all.net/alm/shop?gm=96&astep=0&sid=26765,35.5314724,139.7003541,,ChIJzRulcphgGGARysDb2dXF7lQ,
ラウンドワン川崎大師店,神奈川県川崎市川崎区殿町１−５−１,神奈川県,10:00〜23:50,StarHorseParty、英傑大戦、CHUNITHM、maimai でらっくす、StarHorse4、オンゲキ、HOUSE OF THE DEAD: SCARLET DAWN、StarHorse3 SeasonVII GREAT JOURNEY,210-0821,,https://location.am-all.net/alm/shop?gm=96&astep=0&sid=26367,35.5380415,139.7416951,,ChIJy2UR-y9hGGARgAOU28qx0ZM,
プレイランド川崎,神奈川県川崎市川崎区小田栄2-2-1-3F,神奈川県,10:00〜20:00,CHUNITHM、maimai でらっくす、オンゲキ,210-0843,,https://location.am-all.net/alm/shop?gm=96&astep=0&sid=24046,35.5146280044839,139.708778067073,,ChIJZd0eHEtnGGARrM5J6t4dhqU,Google
イミグランデ溝口店２,神奈川県川崎市高津区溝口1-14-7第2カスタムビル,神奈川県,09:00〜24:00,英傑大戦、CHUNITHM、maimai でらっくす、StarHorse4、オンゲキ、StarHorse3 SeasonVII GREAT JOURNEY、セガNET麻雀 MJ Arcade,213-0001,,https://location.am-all.net/alm/shop?gm=96&astep=0&sid=22665,35.6004909,139.6144708,,ChIJD3QFnSb0GGARKLIdwEocLX0,Google
タイトーステーション溝の口,神奈川県川崎市高津区溝口１−１１−８ＯＫＫＡ６３４ビル３階,神奈川県,09:00〜24:00,cherrit、StarHorseParty、英傑大戦、CHUNITHM、頭文字D THE ARCADE、maimai でらっくす、StarHorse4、ALL.Net P-ras MULTI バージョン３、オンゲキ、HOUSE OF THE DEAD: SCARLET DAWN、Wonderland Wars、初音ミク Project DIVA Arcade Future Tone、ALL.Net P-ras MULTI,213-0001,,https://location.am-all.net/alm/shop?gm=96&astep=0&sid=28577,35.6002204,139.6124232,,ChIJHWEi5yb0GGARhGf3WrabAMo,Google
タイトーFステーション向ヶ丘遊園店,神奈川県川崎市多摩区登戸2718-1,神奈川県,10:00〜23:00,NICO MAKE、英傑大戦、CHUNITHM、maimai でらっくす、ALL.Net P-ras MULTI バージョン３、オンゲキ、HOUSE OF THE DEAD: SCARLET DAWN、Wonderland Wars,214-0014,,https://location.am-all.net/alm/shop?gm=96&astep=0&sid=20019,35.6164678,139.5650747,,ChIJp_FlIZvxGGARYzjE0RER7Os,Google
モーリーファンタジークロスガーデン川崎,神奈川県川崎市幸区小倉5-19-23,神奈川県,10:00〜22:00,CHUNITHM、頭文字D THE ARCADE、maimai でらっくす、オンゲキ,212-0054,,https://location.am-all.net/alm/shop?gm=96&astep=0&sid=19474,35.5392911,139.6676904,,,
ＧｉＧＯ相模原,神奈川県相模原市中央区中央２−１−５,神奈川県,10:00〜23:30,英傑大戦、CHUNITHM、頭文字D THE ARCADE、maimai でらっくす、StarHorse4、ALL.Net P-ras MULTI バージョン３、オンゲキ、初音ミク Project DIVA Arcade Future Tone、セガNET麻雀 MJ Arcade、ALL.Net P-ras MULTI,252-0239,,https://location.am-all.net/alm/shop?gm=96&astep=0&sid=28955,35.5735451,139.3710572,,ChIJQzpNvWT9GGAROSGLOAWfUec,Google
ＧｉＧＯ相模原ラクーン,神奈川県相模原市中央区小山１ー１ー１４,神奈川県,10:00〜23:00,CHUNITHM、頭文字D THE ARCADE、maimai でらっくす、オンゲキ、セガNET麻雀 MJ Arcade,252-0205,,https://location.am-all.net/alm/shop?gm=96&astep=0&sid=19110,35.584314,139.362142,,ChIJjVQ97N4DGWAR5NdI0uy7Qn0,
ＧｉＧＯイトーヨーカドー古淵,神奈川県相模原市南区古淵３−１３−３３イトーヨーカドー３Ｆ,神奈川県,09:00〜21:00,CHUNITHM、maimai でらっくす、オンゲキ,252-0344,,https://location.am-all.net/alm/shop?gm=96&astep=0&sid=23320,35.5530135,139.4186535,,ChIJJW4nACX8GGARvgwCA-ARNYI,
ＧｉＧＯ相模大野,神奈川県相模原市南区相模大野３−１３−２東和ビル２Ｆ・３Ｆ,神奈川県,10:00〜24:00,英傑大戦、CHUNITHM、頭文字D THE ARCADE、maimai でらっくす、StarHorse4、ALL.Net P-ras MULTI バージョン３、オンゲキ、Wonderland Wars、初音ミク Project DIVA Arcade Future Tone、セガNET麻雀 MJ Arcade、ALL.Net P-ras MULTI,252-0303,,https://location.am-all.net/alm/shop?gm=96&astep=0&sid=28844,35.5321942,139.4358387,,ChIJfeV6Lcb-GGARxS_OzVy8BGM,
ソユーゲームフィールド橋本店,神奈川県相模原市緑区西橋本５丁目４番３号　コトエ橋本２Ｆ,神奈川県,10:00〜21:00,CHUNITHM、maimai でらっくす、オンゲキ,252-0131,,https://location.am-all.net/alm/shop?gm=96&astep=0&sid=18373,35.5969268,139.3343864,,ChIJOwwEogwdGWARzbOWz9ByMaM,Google
アピナ橋本店,神奈川県相模原市緑区西橋本５−１−１ラ・フロール駐車場棟１階,神奈川県,10:00〜24:00,ビンゴシアター、英傑大戦、CHUNITHM、頭文字D THE ARCADE、maimai でらっくす、StarHorse4、ALL.Net P-ras MULTI バージョン３、オンゲキ、Wonderland Wars、初音ミク Project DIVA Arcade Future Tone、セガNET麻雀 MJ Arcade,252-0131,,https://location.am-all.net/alm/shop?gm=96&astep=0&sid=22430,35.5973213872592,139.337313921218,,ChIJSxIIVTodGWARYPjhXEv3kqE,Google
アドアーズ橋本,神奈川県相模原市緑区橋本３−３−１ＳＩＮＧビル２Ｆ,神奈川県,10:00〜23:30,StarHorseParty、英傑大戦、CHUNITHM、maimai でらっくす、StarHorse4、HOUSE OF THE DEAD: SCARLET DAWN,252-0143,,https://location.am-all.net/alm/shop?gm=96&astep=0&sid=25967,35.5945224,139.3488614,,ChIJ8_HW6ksdGWARB4X8OmK4PLc,
プラサカプコン横須賀店,神奈川県横須賀市若松町2-30モアーズシティ4F,神奈川県,10:00〜24:00,英傑大戦、CHUNITHM、頭文字D THE ARCADE、maimai でらっくす、StarHorse4、オンゲキ,238-0007,,https://location.am-all.net/alm/shop?gm=96&astep=0&sid=28451,35.2782938191884,139.670040944093,,ChIJxdpuuIo_GGARvCFvhEtEWPE,
アドアーズ横須賀,神奈川県横須賀市本町３−２７横須賀ＡＰＴ１階,神奈川県,10:00〜23:00,CHUNITHM、maimai でらっくす、StarHorse4,238-0041,,https://location.am-all.net/alm/shop?gm=96&astep=0&sid=26825,35.2806952941997,139.662279349004,,ChIJ0_ieMXdAGGARl-4AUCScQRs,
ｎａｍｃｏコースカベイサイドストアーズ,神奈川県横須賀市本町２−１−１２　コースカベイサイド５Ｆ,神奈川県,10:00〜21:00,maimai でらっくす、HOUSE OF THE DEAD: SCARLET DAWN,238-0041,,https://location.am-all.net/alm/shop?gm=96&astep=0&sid=19778,35.2832417,139.662747,,ChIJ6aUNpyxBGGARVX3eqWJIr9Y,
ラウンドワンさいか屋横須賀店,神奈川県横須賀市大滝町１丁目１３番,神奈川県,10:00〜06:00,StarHorseParty、英傑大戦、CHUNITHM、頭文字D THE ARCADE、maimai でらっくす、StarHorse4、オンゲキ、初音ミク Project DIVA Arcade Future Tone,238-0008,,https://location.am-all.net/alm/shop?gm=96&astep=0&sid=18382,35.2822031,139.6696839,,ChIJVf39KwBBGGAREUPQrSkBX3Y,Google
ＧｉＧＯ海老名,神奈川県海老名市中央一丁目４番３１号海老名プラザビル１階,神奈川県,10:00〜23:00,英傑大戦、CHUNITHM、頭文字D THE ARCADE、maimai でらっくす、ALL.Net P-ras MULTI バージョン３、オンゲキ、Wonderland Wars、初音ミク Project DIVA Arcade Future Tone,243-0432,,https://location.am-all.net/alm/shop?gm=96&astep=0&sid=20123,35.4515535,139.3925418,,ChIJGbDFRCxVGGARiuXAHzCCkFk,Google
シルクハット海老名マルイ,神奈川県海老名市中央１ー６ー１海老名マルイ３階,神奈川県,10:30〜22:30,CHUNITHM、maimai でらっくす,243-0483,,https://location.am-all.net/alm/shop?gm=96&astep=0&sid=18871,35.4527279,139.3934008,,ChIJodOJnZVVGGARR8lqFCeGIxk,
タイトーステーション海老名ビナウォーク店,神奈川県海老名市中央１−１８−１　ビナウォーク６番館２Ｆ,神奈川県,10:00〜24:00,cherrit、CHUNITHM、頭文字D THE ARCADE、maimai でらっくす、オンゲキ、HOUSE OF THE DEAD: SCARLET DAWN,243-0432,,https://location.am-all.net/alm/shop?gm=96&astep=0&sid=26157,35.4527589,139.3956832,,ChIJi2dR2W9VGGARguJts-Dryro,
シルクハット本厚木,神奈川県厚木市中町３−４−２２第二会田ビル２階,神奈川県,09:00〜23:45,英傑大戦、CHUNITHM、頭文字D THE ARCADE、maimai でらっくす、StarHorse4、オンゲキ,243-0018,,https://location.am-all.net/alm/shop?gm=96&astep=0&sid=28730,35.4400309,139.3630066,,ChIJDS4my7KqGWARENLCS26l5D8,
ＧｉＧＯ本厚木,神奈川県厚木市中町４−１５−９,神奈川県,08:00〜24:00,英傑大戦、CHUNITHM、頭文字D THE ARCADE、maimai でらっくす、ALL.Net P-ras MULTI バージョン３、オンゲキ、Wonderland Wars、セガNET麻雀 MJ Arcade,243-0018,,https://location.am-all.net/alm/shop?gm=96&astep=0&sid=29322,35.4390462,139.3619056,,ChIJ8x7pQ7KqGWARsoJuGNiJb6A,
神奈川レジャーランド厚木店,神奈川県厚木市戸室5-31-1,神奈川県,24時間,StarHorseParty、英傑大戦、CHUNITHM、頭文字D THE ARCADE、maimai でらっくす、StarHorse4、ALL.Net P-ras MULTI バージョン３、オンゲキ、Wonderland Wars、初音ミク Project DIVA Arcade Future Tone、ALL.Net P-ras MULTI,243-0031,,https://location.am-all.net/alm/shop?gm=96&astep=0&sid=26944,35.4481119525927,139.343176990807,,ChIJiz_BEXMAGWAR8yzbgFYAvqQ,Google
テクモピア座間店,神奈川県座間市ひばりが丘４−１１−４８,神奈川県,10:00〜24:00,英傑大戦、CHUNITHM、maimai でらっくす、オンゲキ,252-0003,,https://location.am-all.net/alm/shop?gm=96&astep=0&sid=27072,35.4800807,139.4320181,,ChIJvbQisVb_GGAR5kQ-QegDpG4,
シルクハット大船,神奈川県鎌倉市大船１−２４　大船駅前ビル１〜３Ｆ,神奈川県,09:00〜23:45,英傑大戦、CHUNITHM、maimai でらっくす、StarHorse4、オンゲキ,247-0056,,https://location.am-all.net/alm/shop?gm=96&astep=0&sid=26488,35.353223871709,139.532526274747,,ChIJzdUfqGBFGGARNmy2VRZGqZk,
メルヘンランド　コーナン鎌倉大船店,神奈川県鎌倉市岡本１１８８番地１　コーナン鎌倉大船店,神奈川県,10:00〜21:00,CHUNITHM、maimai でらっくす、StarHorse4、オンゲキ,247-0072,,https://location.am-all.net/alm/shop?gm=96&astep=0&sid=18698,35.3472054,139.5168641,,ChIJBXxmSABPGGARQ_gZvmTwAIM,Google
ｎａｍｃｏＯＳＣ湘南シティ店,神奈川県平塚市代官町３３番１号ＯＳＣ湘南シティ内,神奈川県,10:00〜21:00,CHUNITHM、頭文字D THE ARCADE、maimai でらっくす,254-0807,,https://location.am-all.net/alm/shop?gm=96&astep=0&sid=26337,35.3287148683895,139.357282941525,,ChIJEUal2zGtGWARiqanSqYZw3w,
ラウンドワンららぽーと湘南平塚店,神奈川県平塚市天沼１０−１３階 ３３２８０番,神奈川県,10:00〜23:50,cherrit、StarHorseParty、NICO MAKE、英傑大戦、CHUNITHM、maimai でらっくす、StarHorse4、オンゲキ,254-8510,,https://location.am-all.net/alm/shop?gm=96&astep=0&sid=20851,35.3379406,139.3560477,,ChIJ-8Sj7tesGWARe6VMNpO2J20,
ＧｉＧＯ　ＢＬｉＸ茅ヶ崎,神奈川県茅ヶ崎市新栄町１１ー８,神奈川県,09:00〜21:00,CHUNITHM、頭文字D THE ARCADE、maimai でらっくす、オンゲキ,253-0044,,https://location.am-all.net/alm/shop?gm=96&astep=0&sid=18579,35.3318835481175,139.405095190352,,ChIJ3-v9PflTGGAR0Rt6mKdxWDY,
タイトーステーション 小田原店,神奈川県小田原市栄町１−３−１２,神奈川県,10:00〜24:00,NICO MAKE、英傑大戦、CHUNITHM、頭文字D THE ARCADE、maimai でらっくす、ALL.Net P-ras MULTI バージョン３、オンゲキ、Wonderland Wars、初音ミク Project DIVA Arcade Future Tone,250-0011,,https://location.am-all.net/alm/shop?gm=96&astep=0&sid=27738,35.2549374,139.1561373,,ChIJefivlfikGWARk5mnyibpzl4,
ＧｉＧＯダイナシティ小田原,神奈川県小田原市中里２９６−１ダイナシティイーストモール３Ｆ,神奈川県,10:00〜20:00,CHUNITHM、maimai でらっくす、オンゲキ,250-0872,,https://location.am-all.net/alm/shop?gm=96&astep=0&sid=23321,35.2818014,139.1886624,,ChIJQwZ3OJGlGWARrvc22VBWNC0,
メジャーロード見附店,新潟県見附市上新田町字下野沖516番地1,新潟県,09:00〜24:00,英傑大戦、CHUNITHM、頭文字D THE ARCADE、maimai でらっくす、オンゲキ、StarHorse3 SeasonVII GREAT JOURNEY,954-0112,,https://location.am-all.net/alm/shop?gm=96&astep=0&sid=28954,37.5430983311063,138.89144702563,,ChIJ77seDiwC9V8RK2yeiV4cRx8,
タイトーＦステーション燕三条店,新潟県燕市井土巻３−１５０イオン県央店アメニティ棟１Ｆ,新潟県,10:00〜24:00,NICO MAKE、CHUNITHM、頭文字D THE ARCADE、maimai でらっくす、StarHorse4,959-1232,,https://location.am-all.net/alm/shop?gm=96&astep=0&sid=27073,37.6513037371758,138.934961276532,,ChIJGyz-HJXj9F8RjC6rfFdxEns,
カプコサーカス新潟東店,新潟県新潟市東区大形本町３−１−２　ジャスコシティ新潟東,新潟県,10:00〜23:45,英傑大戦、CHUNITHM、頭文字D THE ARCADE、maimai でらっくす、StarHorse4、ALL.Net P-ras MULTI バージョン３、オンゲキ、HOUSE OF THE DEAD: SCARLET DAWN、Wonderland Wars、セガNET麻雀 MJ Arcade,950-0813,,https://location.am-all.net/alm/shop?gm=96&astep=0&sid=28713,37.9248691,139.1146199,,ChIJ3Urdeq3L9F8R97e-X22z8J8,
ｎａｍｃｏ新潟店,新潟県新潟市中央区南笹口１ー１ー１　ひもろぎビル２Ｆ,新潟県,10:00〜23:00,cherrit、英傑大戦、CHUNITHM、頭文字D THE ARCADE、maimai でらっくす、ALL.Net P-ras MULTI バージョン３、オンゲキ、HOUSE OF THE DEAD: SCARLET DAWN,950-0912,,https://location.am-all.net/alm/shop?gm=96&astep=0&sid=26720,37.9083797877037,139.063909385548,,ChIJw9e2MJzJ9F8RqUn03TDBtsg,
ラウンドワン新潟店,新潟県新潟市中央区美咲町２−１−３８,新潟県,10:00〜23:50,StarHorseParty、NICO MAKE、totolu、英傑大戦、CHUNITHM、頭文字D THE ARCADE、maimai でらっくす、StarHorse4、オンゲキ、HOUSE OF THE DEAD: SCARLET DAWN、StarHorse3 SeasonVII GREAT JOURNEY,950-0954,,https://location.am-all.net/alm/shop?gm=96&astep=0&sid=25898,37.8881095828438,139.017686740091,,ChIJG7tv01_I9F8RJq4VAtqST6c,
ＧｉＧＯ万代シテイバスセンタービル,新潟県新潟市中央区万代１丁目６番１号,新潟県,10:00〜23:00,totolu、CHUNITHM、maimai でらっくす、オンゲキ,950-0088,,https://location.am-all.net/alm/shop?gm=96&astep=0&sid=18896,37.9163632,139.0556101,,ChIJ3QliQwDJ9F8RVv_gzdfkbLY,
メジャーロード黒埼,新潟県新潟市西区山田３３０３番地（３３０２番地）,新潟県,09:30〜24:00,英傑大戦、CHUNITHM、頭文字D THE ARCADE、maimai でらっくす、オンゲキ、Wonderland Wars、セガNET麻雀 MJ Arcade,950-1101,,https://location.am-all.net/alm/shop?gm=96&astep=0&sid=26218,37.8682204,139.0173416,,ChIJ-_mE5p_I9F8RXTHrv2-yrUA,Google
メジャーロード白根,新潟県新潟市南区上下諏訪木論地９４８−２,新潟県,09:30〜24:00,英傑大戦、CHUNITHM、頭文字D THE ARCADE、maimai でらっくす、オンゲキ、セガNET麻雀 MJ Arcade,950-1214,,https://location.am-all.net/alm/shop?gm=96&astep=0&sid=25079,37.7605971339601,139.022213941833,,ChIJvQ_tlsHc9F8RgCPdCVTbRxk,Google
ＧｉＧＯイオンモール新発田,新潟県新発田市住吉町５‐１１‐５イオンモール新発田店２Ｆ,新潟県,10:00〜21:00,CHUNITHM、頭文字D THE ARCADE、maimai でらっくす、オンゲキ、HOUSE OF THE DEAD: SCARLET DAWN,957-0061,,https://location.am-all.net/alm/shop?gm=96&astep=0&sid=19089,37.942552,139.3088201,,ChIJk9nhiF4zi18Rl48HOIKX14M,
ＨａｐｉｐｉＬａｎｄ十日町,新潟県十日町市丑７３５−１,新潟県,,CHUNITHM、頭文字D THE ARCADE、maimai でらっくす、オンゲキ,948-0000,,https://location.am-all.net/alm/shop?gm=96&astep=0&sid=19637,,,,,
上越レジャーランボウル,新潟県上越市下門前薬島827-2,新潟県,24時間,英傑大戦、CHUNITHM、頭文字D THE ARCADE、maimai でらっくす、StarHorse4、オンゲキ,942-0063,,https://location.am-all.net/alm/shop?gm=96&astep=0&sid=27205,37.1641021026108,138.248978351669,,ChIJq66zmRl49l8Re4jyEpVzD-0,
アピナ上越インター店,新潟県上越市富岡３４３９,新潟県,10:00〜24:00,NICO MAKE、英傑大戦、CHUNITHM、頭文字D THE ARCADE、maimai でらっくす、オンゲキ,943-0173,,https://location.am-all.net/alm/shop?gm=96&astep=0&sid=25051,37.1542725,138.2556584,,ChIJ5z6SiYx39l8Rg67WZ-I2HoM,
タイトーＦステーション上越店,新潟県上越市富岡３５２４　Ｊーｍａｘシアター内１Ｆ,新潟県,10:00〜24:00,CHUNITHM、頭文字D THE ARCADE、maimai でらっくす、StarHorse4、オンゲキ、初音ミク Project DIVA Arcade Future Tone,943-0173,,https://location.am-all.net/alm/shop?gm=96&astep=0&sid=21481,37.1481919629344,138.259046798027,,ChIJJ4FlJZF39l8RdnwSudaN4DA,Google
ＧｉＧＯリバーサイド千秋,新潟県長岡市千秋２‐２７８　アピタリバーサイド千秋長岡店２Ｆ,新潟県,09:00〜21:00,NICO MAKE、CHUNITHM、maimai でらっくす,940-2108,,https://location.am-all.net/alm/shop?gm=96&astep=0&sid=25367,37.4607294,138.8267708,,ChIJoZwzE5mp9V8RBWcA8PHAg10,
アピナ長岡店,新潟県長岡市堺東町２２,新潟県,10:00〜24:00,英傑大戦、CHUNITHM、頭文字D THE ARCADE、maimai でらっくす、StarHorse4、ALL.Net P-ras MULTI バージョン３、オンゲキ、占いコレクション トロッテ、Wonderland Wars、初音ミク Project DIVA Arcade Future Tone、セガNET麻雀 MJ Arcade、ALL.Net P-ras MULTI,940-2026,,https://location.am-all.net/alm/shop?gm=96&astep=0&sid=24861,37.4579741,138.8131975,,ChIJITZR3Xap9V8Ra23TsdfsRK0,
トヤマレジャーランド呉羽店,富山県富山市高木字貝塚2054,富山県,24時間,StarHorseParty、ビンゴシアター、英傑大戦、CHUNITHM、頭文字D THE ARCADE、maimai でらっくす、StarHorse4、ALL.Net P-ras MULTI バージョン３、オンゲキ、StarHorse3 SeasonVII GREAT JOURNEY、Wonderland Wars、初音ミク Project DIVA Arcade Future Tone,930-0106,,https://location.am-all.net/alm/shop?gm=96&astep=0&sid=28833,36.7154245668972,137.157995182993,,ChIJyX3QMv6a918RSrpRAvdgMGY,
アピナ富山豊田店,富山県富山市豊田町２丁目１２−６６,富山県,10:00〜24:00,英傑大戦、CHUNITHM、頭文字D THE ARCADE、maimai でらっくす、ALL.Net P-ras MULTI バージョン３、オンゲキ、占いコレクション トロッテ、Wonderland Wars、初音ミク Project DIVA Arcade Future Tone、セガNET麻雀 MJ Arcade,931-8313,,https://location.am-all.net/alm/shop?gm=96&astep=0&sid=25525,36.721018079919,137.235504644983,,ChIJg6ZqzfuZ918RaVB47F9OTGI,
アピナ富山新庄店,富山県富山市荒川３−２−１２,富山県,10:00〜24:00,NICO MAKE、romakyun、CHUNITHM、頭文字D THE ARCADE、maimai でらっくす、StarHorse4、オンゲキ、Wonderland Wars、セガNET麻雀 MJ Arcade,930-0982,,https://location.am-all.net/alm/shop?gm=96&astep=0&sid=25578,36.6953333,137.2480711,,ChIJuyemfcSQ918R7VlT7HK0Ias,
富山レジャーランド掛尾店,富山県富山市掛尾町３６０−１,富山県,09:00〜23:50,英傑大戦、CHUNITHM、頭文字D THE ARCADE、maimai でらっくす、StarHorse4,939-8212,,https://location.am-all.net/alm/shop?gm=96&astep=0&sid=18841,36.6660317,137.2088901,,ChIJFYcuHwCR918RyOBv0pfHh8c,Google
ＧｉＧＯマリエとやま,富山県富山市桜町１丁目１番６１号マリエとやま４Ｆ,富山県,10:00〜21:00,CHUNITHM、maimai でらっくす、オンゲキ、HOUSE OF THE DEAD: SCARLET DAWN,930-0003,,https://location.am-all.net/alm/shop?gm=96&astep=0&sid=19173,36.7003922,137.2141065,,ChIJ8fwjzV6R918RZIO1t9bIWVw,
キッズサーカス五福店,富山県富山市五福1143-1,富山県,10:00〜20:00,CHUNITHM、maimai でらっくす、オンゲキ,930-0887,,https://location.am-all.net/alm/shop?gm=96&astep=0&sid=23442,36.6955623,137.1925382,,ChIJCaOA_oGa918RcGKMsfdr4eg,Google
アピナ富山南店,富山県富山市堀川町３５５−３　マイプラザ内,富山県,10:00〜23:00,CHUNITHM、頭文字D THE ARCADE、maimai でらっくす、ALL.Net P-ras MULTI バージョン３、オンゲキ、占いコレクション トロッテ、Wonderland Wars、初音ミク Project DIVA Arcade Future Tone、セガNET麻雀 MJ Arcade,939-8072,,https://location.am-all.net/alm/shop?gm=96&astep=0&sid=22978,36.664937,137.2173196,,ChIJnVnma8mR918RZQWKmWeGiA4,Google
ユーズランド高岡店,富山県高岡市下伏間江３８３イオンモール高岡２Ｆ,富山県,10:00〜21:00,英傑大戦、CHUNITHM、頭文字D THE ARCADE、maimai でらっくす、オンゲキ,933-0813,,https://location.am-all.net/alm/shop?gm=96&astep=0&sid=27187,36.7241122685236,137.01701942632,,ChIJRV_SzwKD918RyanaRLFG5T8,Google
バンダイナムコＣｒｏｓｓＳｔｏｒｅ高岡店,富山県高岡市下伏間江３８３イオンモール高岡西棟２階２００１Ａ,富山県,10:00〜21:00,NICO MAKE、CHUNITHM、maimai でらっくす、HOUSE OF THE DEAD: SCARLET DAWN,933-0813,,https://location.am-all.net/alm/shop?gm=96&astep=0&sid=18409,36.7238143,137.0172591,,ChIJg2aaNmaD918ROaamoSTsnHM,
モーリーファンタジーとなみ,富山県砺波市中神１丁目１７４番地１イオンモール２Ｆ,富山県,10:00〜21:00,CHUNITHM、maimai でらっくす、オンゲキ,939-1344,,https://location.am-all.net/alm/shop?gm=96&astep=0&sid=21293,36.6412276745227,136.946981365516,,ChIJR2rsFF6H918RXYgSccM-W8w,Google
クァトロブーム小杉,富山県射水市三ケ2602,富山県,10:00〜26:00,CHUNITHM、maimai でらっくす、オンゲキ,939-0341,,https://location.am-all.net/alm/shop?gm=96&astep=0&sid=24187,36.7193930141032,137.091663342749,,ChIJ4ZyMolab918RHKSvVjMNNvs,
バイパスレジャーランド藤江新館,石川県金沢市藤江南2-105,石川県,24時間,英傑大戦、CHUNITHM、頭文字D THE ARCADE、maimai でらっくす、ALL.Net P-ras MULTI バージョン３、オンゲキ、Wonderland Wars、セガNET麻雀 MJ Arcade,920-0346,,https://location.am-all.net/alm/shop?gm=96&astep=0&sid=28408,36.5837814915492,136.62068552943,,ChIJ-QhKS1Mz-F8RLqnEqJhnKe4,Google
ＧｉＧＯアルプラザ金沢,石川県金沢市諸江町３０−１,石川県,10:00〜22:00,NICO MAKE、CHUNITHM、頭文字D THE ARCADE、maimai でらっくす、オンゲキ,920-0015,,https://location.am-all.net/alm/shop?gm=96&astep=0&sid=29045,36.591086786329,136.643154012689,,ChIJHzZLlzMz-F8RPm_tVyzqKJo,
タイトーステーション 金沢店,石川県金沢市片町２−１−７宇都宮片町ビル,石川県,10:00〜24:00,NICO MAKE、CHUNITHM、maimai でらっくす、ALL.Net P-ras MULTI バージョン３,920-0981,,https://location.am-all.net/alm/shop?gm=96&astep=0&sid=28078,36.5613365,136.6529997,,ChIJkWns8n80-F8R4jL6ReoRKsQ,Google
ラウンドワン金沢店,石川県金沢市横川6-120-1,石川県,10:00〜23:50,StarHorseParty、ビンゴシアター、英傑大戦、CHUNITHM、頭文字D THE ARCADE、maimai でらっくす、StarHorse4、オンゲキ、HOUSE OF THE DEAD: SCARLET DAWN、Wonderland Wars、セガNET麻雀 MJ Arcade,921-8163,,https://location.am-all.net/alm/shop?gm=96&astep=0&sid=25714,36.542063,136.6259888,,ChIJG3X5F1I0-F8R3ROL9sP6lzk,
楽市楽座イオンモール新小松店,石川県小松市清六町３１５イオンモール新小松店２Ｆ,石川県,10:00〜21:00,CHUNITHM、頭文字D THE ARCADE、maimai でらっくす,923-0862,,https://location.am-all.net/alm/shop?gm=96&astep=0&sid=20730,36.3950960886131,136.466996485611,,ChIJjVgl3fdQ-F8RBNJ3NiREMNk,Google
バイパスレジャーランド加賀店,石川県加賀市箱宮町ヲ1-1,石川県,24時間,StarHorseParty、ビンゴシアター、英傑大戦、CHUNITHM、頭文字D THE ARCADE、maimai でらっくす、StarHorse4、StarHorse3 SeasonVII GREAT JOURNEY、Wonderland Wars、セガNET麻雀 MJ Arcade,922-0303,,https://location.am-all.net/alm/shop?gm=96&astep=0&sid=27516,36.3251943937006,136.411386633135,,ChIJuQYZZGtY-F8RLBaLY5AICpo,Google
ゲームセンターベティ,石川県七尾市舟尾町ウ-38,石川県,10:00〜24:00,CHUNITHM、maimai でらっくす、オンゲキ,929-2102,,https://location.am-all.net/alm/shop?gm=96&astep=0&sid=27601,37.067194940451,136.906991485558,,ChIJWUlxR2U8918RhWR7AGY0TiQ,
ＭＩＲＡＩＮＯイオンモール白山店,石川県白山市横江町５００１番地,石川県,10:00〜21:00,CHUNITHM、頭文字D THE ARCADE、maimai でらっくす、オンゲキ,924-8777,,https://location.am-all.net/alm/shop?gm=96&astep=0&sid=19514,36.543113,136.585317,,,
アピナ野々市店,石川県野々市市白山町４−１イオンタウン野々市店内,石川県,10:00〜22:00,英傑大戦、CHUNITHM、頭文字D THE ARCADE、maimai でらっくす、オンゲキ,921-8821,,https://location.am-all.net/alm/shop?gm=96&astep=0&sid=21538,36.5273856104381,136.612196891332,,ChIJ8R-pwb81-F8R7_mFoqMbkck,Google
フクイレジャーランドワイプラザ店,福井県福井市新保北1-303　ヤスサキワイプラザＢ棟2Ｆ,福井県,06:00〜24:00,NICO MAKE、英傑大戦、CHUNITHM、頭文字D THE ARCADE、maimai でらっくす、オンゲキ,910-0838,,https://location.am-all.net/alm/shop?gm=96&astep=0&sid=28821,36.0861835507284,136.249364426636,,ChIJq3qw-C2--F8Rwrucz0UEbpg,Google
ｎａｍｃｏフェアモール福井大和田店,福井県福井市大和田２ー１２３０アピタ福井大和田店２Ｆ,福井県,10:00〜21:00,CHUNITHM、maimai でらっくす,910-0836,,https://location.am-all.net/alm/shop?gm=96&astep=0&sid=26175,36.0969584485378,136.250354133282,,ChIJRxqi_X2V-F8RNXwqca2eOYs,
Ｌｅｔ’ｓ　ＷＡＫＵ２　エルパ,福井県福井市大和田2-1212,福井県,,CHUNITHM、maimai でらっくす,910-0836,,https://location.am-all.net/alm/shop?gm=96&astep=0&sid=23262,,,,,
ＧｉＧＯ福井,福井県福井市丸山１−４１０,福井県,10:00〜24:00,英傑大戦、CHUNITHM、頭文字D THE ARCADE、maimai でらっくす、StarHorse4、オンゲキ、Wonderland Wars、初音ミク Project DIVA Arcade Future Tone、セガNET麻雀 MJ Arcade,910-0835,,https://location.am-all.net/alm/shop?gm=96&astep=0&sid=29275,36.0733530852084,136.242989355505,,ChIJUxISIUO--F8RiwLpMFM8y7o,
福井レジャーランド板垣店,福井県福井市下馬３−１０２,福井県,09:00〜24:00,StarHorseParty、ビンゴシアター、英傑大戦、CHUNITHM、頭文字D THE ARCADE、maimai でらっくす、StarHorse4、オンゲキ,918-8112,,https://location.am-all.net/alm/shop?gm=96&astep=0&sid=20603,36.0423089201766,136.23376256218,,ChIJry31Ahu8-F8R06Uh5lcA9lY,Google
ＧｉＧＯ武生,福井県越前市新町３−１３−４,福井県,10:00〜24:00,英傑大戦、CHUNITHM、頭文字D THE ARCADE、maimai でらっくす、StarHorse4、オンゲキ、セガNET麻雀 MJ Arcade,915-0883,,https://location.am-all.net/alm/shop?gm=96&astep=0&sid=29255,35.9051868,136.1534092,,ChIJRfnmy0qs-F8RESdcukVgNUI,
タイトーＦステーションアル・プラザ鯖江店,福井県鯖江市下河端町１６−１６−１アルプラザ鯖江アミューズ棟内,福井県,10:00〜22:00,CHUNITHM、maimai でらっくす、HOUSE OF THE DEAD: SCARLET DAWN,916-0038,,https://location.am-all.net/alm/shop?gm=96&astep=0&sid=19607,35.9693068,136.1895131,,ChIJReud5hCw-F8RcvnMnDFuLw8,Google
ＪＯＹＬＡＮＤ敦賀店,福井県敦賀市木崎４０ー１２,福井県,09:00〜24:00,totolu、英傑大戦、CHUNITHM、頭文字D THE ARCADE、maimai でらっくす、ALL.Net P-ras MULTI バージョン３、オンゲキ、Wonderland Wars、セガNET麻雀 MJ Arcade,914-0814,,https://location.am-all.net/alm/shop?gm=96&astep=0&sid=25068,35.6447456817417,136.043158358166,,ChIJRTVs4NjkAWARh5wit4cAkGo,Google
キッズサーカスシピィ店,福井県越前市新町７−８シピィ２階,福井県,11:00〜19:00,NICO MAKE、totolu、CHUNITHM、maimai でらっくす,915-0883,,https://location.am-all.net/alm/shop?gm=96&astep=0&sid=23007,35.9043403368129,136.152181897345,,ChIJ4w2jG0us-F8RdLyHdrtbNhk,Google
ゲームパニック甲府,山梨県甲府市国母5-20-24,山梨県,10:00〜24:00,英傑大戦、CHUNITHM、頭文字D THE ARCADE、maimai でらっくす、StarHorse4、オンゲキ、Wonderland Wars,400-0043,,https://location.am-all.net/alm/shop?gm=96&astep=0&sid=26365,35.6420401681367,138.547361297553,,ChIJL1sn6kL3G2AR_nBQENX0BNg,
ＧｉＧＯ　ＭＥＧＡドンキＵＮＹ石和,山梨県笛吹市石和町窪中島１５４,山梨県,10:00〜21:00,CHUNITHM、頭文字D THE ARCADE、maimai でらっくす、オンゲキ,406-0036,,https://location.am-all.net/alm/shop?gm=96&astep=0&sid=22790,35.6457934,138.632153,,ChIJj7ZRuPP7G2ARszHBgaxF-MI,Google
プラサカプコン甲府店,山梨県中巨摩郡昭和町西条３７１７,山梨県,11:00〜24:00,totolu、英傑大戦、CHUNITHM、頭文字D THE ARCADE、maimai でらっくす、StarHorse4、オンゲキ、初音ミク Project DIVA Arcade Future Tone、セガNET麻雀 MJ Arcade,409-3866,,https://location.am-all.net/alm/shop?gm=96&astep=0&sid=25072,35.6428959383204,138.546250933096,,ChIJm8x5gEL3G2ARG08p01kIH5s,Google
楽市楽座イオンモール甲府店,山梨県中巨摩郡昭和町飯喰１５０５−１イオンモール２０１１,山梨県,10:00〜21:00,CHUNITHM、頭文字D THE ARCADE、maimai でらっくす,409-3852,,https://location.am-all.net/alm/shop?gm=96&astep=0&sid=24125,35.6232207769273,138.527575997653,,ChIJyWo6Ri73G2AR4y_Alzbu-6Q,Google
アピナ長野大橋店,長野県長野市若里７−９−１２,長野県,10:00〜24:00,英傑大戦、CHUNITHM、頭文字D THE ARCADE、maimai でらっくす、StarHorse4、ALL.Net P-ras MULTI バージョン３、オンゲキ、Wonderland Wars、セガNET麻雀 MJ Arcade,380-0928,,https://location.am-all.net/alm/shop?gm=96&astep=0&sid=28507,36.6265335,138.2002093,,ChIJGacjONOFHWAR8MKxDxytmvw,
アピナ長野川中島店,長野県長野市川中島町御厨９６７−１,長野県,10:00〜24:00,英傑大戦、CHUNITHM、頭文字D THE ARCADE、maimai でらっくす、ALL.Net P-ras MULTI バージョン３、オンゲキ、占いコレクション トロッテ,381-2221,,https://location.am-all.net/alm/shop?gm=96&astep=0&sid=24044,36.5980241,138.1574813,,ChIJ2Vf8t_WDHWARwx00dIVdAoA,Google
ラウンドワン長野店,長野県長野市大字東和田８２７番地６,長野県,10:00〜23:50,StarHorseParty、英傑大戦、CHUNITHM、頭文字D THE ARCADE、maimai でらっくす、StarHorse4、オンゲキ、HOUSE OF THE DEAD: SCARLET DAWN、StarHorse3 SeasonVII GREAT JOURNEY、Wonderland Wars,381-0038,,https://location.am-all.net/alm/shop?gm=96&astep=0&sid=25511,36.6511150569859,138.225405765697,,ChIJN1moFg6GHWAR8WsAzuVAWAE,
ソユーゲームフィールド長野店,長野県長野市三輪９−４３−２４イオンタウン長野三輪店,長野県,10:00〜21:00,CHUNITHM、maimai でらっくす、オンゲキ,380-0803,,https://location.am-all.net/alm/shop?gm=96&astep=0&sid=22437,36.6695676295793,138.207274855545,,ChIJhX-l5lKGHWARSDdfYOxwS9I,Google
アピナ塩尻店,長野県塩尻市広丘野村１７９４−１,長野県,10:00〜24:00,NICO MAKE、英傑大戦、CHUNITHM、頭文字D THE ARCADE、maimai でらっくす、StarHorse4、ALL.Net P-ras MULTI バージョン３、オンゲキ、占いコレクション トロッテ、Wonderland Wars、初音ミク Project DIVA Arcade Future Tone、セガNET麻雀 MJ Arcade,399-0702,,https://location.am-all.net/alm/shop?gm=96&astep=0&sid=25235,36.1415524,137.9538308,,ChIJZyjNgw8FHWAR4SPmjN_8YAo,
アピナ上田店,長野県上田市秋和３５９−１,長野県,10:00〜23:00,NICO MAKE、CHUNITHM、頭文字D THE ARCADE、maimai でらっくす、ALL.Net P-ras MULTI バージョン３、オンゲキ、セガNET麻雀 MJ Arcade,386-0041,,https://location.am-all.net/alm/shop?gm=96&astep=0&sid=21523,36.4159916926608,138.223510521332,,ChIJm4n-ibyiHWARwmkNCDObQro,Google
ＧｉＧＯイオンスタイル上田,長野県上田市常田２丁目１２ー１８,長野県,10:00〜21:00,CHUNITHM、頭文字D THE ARCADE、maimai でらっくす,386-0018,,https://location.am-all.net/alm/shop?gm=96&astep=0&sid=18644,36.3921441,138.257705,,ChIJ9xAnOgC9HWART0YhyXI9sH0,
楽市楽座イオンモール松本店,長野県松本市中央四丁目９番５１号,長野県,10:00〜21:00,CHUNITHM、頭文字D THE ARCADE、maimai でらっくす、HOUSE OF THE DEAD: SCARLET DAWN,390-0811,,https://location.am-all.net/alm/shop?gm=96&astep=0&sid=20590,36.2340216271784,137.978153242467,,ChIJ-2BI0ZQOHWARZg5vU4hY59I,Google
アピナ松本店,長野県松本市双葉１９−１０,長野県,10:00〜24:00,英傑大戦、CHUNITHM、頭文字D THE ARCADE、maimai でらっくす、ALL.Net P-ras MULTI バージョン３、オンゲキ、占いコレクション トロッテ、Wonderland Wars、初音ミク Project DIVA Arcade Future Tone、セガNET麻雀 MJ Arcade,390-0833,,https://location.am-all.net/alm/shop?gm=96&astep=0&sid=26277,36.2105026,137.9615503,,ChIJN4yeYf8OHWARO-ueAnWfG6U,
ゲームゾーン岡谷店,長野県岡谷市中央町２−２−１イルプラザ１Ｆ,長野県,11:00〜22:00,CHUNITHM、頭文字D THE ARCADE、maimai でらっくす、初音ミク Project DIVA Arcade Future Tone,394-0027,,https://location.am-all.net/alm/shop?gm=96&astep=0&sid=23053,36.0600624,138.0486341,,ChIJLxY_xdD_HGARSvqAcE4YVBk,
ＧｉＧＯ岡谷,長野県岡谷市塚間町２−１−２１,長野県,10:00〜24:00,CHUNITHM、頭文字D THE ARCADE、maimai でらっくす、StarHorse4、オンゲキ、占いコレクション トロッテ、Wonderland Wars、初音ミク Project DIVA Arcade Future Tone、セガNET麻雀 MJ Arcade,394-0026,,https://location.am-all.net/alm/shop?gm=96&astep=0&sid=26012,36.0652154969002,138.053026855246,,ChIJ5WzqV9j_HGAREYxjlX5Lhv8,
アピナ伊那店,長野県伊那市大字西町５０９３,長野県,10:00〜24:00,英傑大戦、CHUNITHM、頭文字D THE ARCADE、maimai でらっくす、ALL.Net P-ras MULTI バージョン３、オンゲキ、占いコレクション トロッテ、Wonderland Wars、初音ミク Project DIVA Arcade Future Tone、セガNET麻雀 MJ Arcade,396-0026,,https://location.am-all.net/alm/shop?gm=96&astep=0&sid=26870,35.8328702226578,137.949986073955,,ChIJ5Q18lLrxHGARegesEWDa4EE,
アピナ佐久インター店,長野県佐久市岩村田北１−１３−１,長野県,10:00〜24:00,英傑大戦、CHUNITHM、頭文字D THE ARCADE、maimai でらっくす、ALL.Net P-ras MULTI バージョン３、オンゲキ、占いコレクション トロッテ、Wonderland Wars、セガNET麻雀 MJ Arcade,385-0023,,https://location.am-all.net/alm/shop?gm=96&astep=0&sid=24043,36.2844797195288,138.482337456967,,ChIJ5c21lYDMHWARj27jgzG2fCI,
ＧｉＧＯ豊科,長野県安曇野市豊科南穂高１１１５,長野県,10:00〜24:00,英傑大戦、CHUNITHM、頭文字D THE ARCADE、maimai でらっくす、StarHorse4、オンゲキ、Wonderland Wars、初音ミク Project DIVA Arcade Future Tone、セガNET麻雀 MJ Arcade,399-8201,,https://location.am-all.net/alm/shop?gm=96&astep=0&sid=27347,36.3031121815203,137.922714401253,,ChIJEfy38alyHWARl6rgGf_yGZk,
アピナ飯田店,長野県飯田市座光寺３７２８−１,長野県,10:00〜24:00,英傑大戦、CHUNITHM、頭文字D THE ARCADE、maimai でらっくす、ALL.Net P-ras MULTI バージョン３、オンゲキ、占いコレクション トロッテ、Wonderland Wars、初音ミク Project DIVA Arcade Future Tone、セガNET麻雀 MJ Arcade、ALL.Net P-ras MULTI,395-0001,,https://location.am-all.net/alm/shop?gm=96&astep=0&sid=25122,35.529973826052,137.859701244754,,ChIJAwsB3D6aHGARzvbdf52xBws,
Ａ．Ｃ．グランド,岐阜県岐阜市茜部大川1-77,岐阜県,09:00〜24:00,StarHorseParty、ビンゴシアター、英傑大戦、CHUNITHM、頭文字D THE ARCADE、maimai でらっくす、StarHorse4、ALL.Net P-ras MULTI バージョン３、オンゲキ、HOUSE OF THE DEAD: SCARLET DAWN、占いコレクション トロッテ、Wonderland Wars、初音ミク Project DIVA Arcade Future Tone、セガNET麻雀 MJ Arcade,500-8282,,https://location.am-all.net/alm/shop?gm=96&astep=0&sid=28503,35.3830948,136.7461877,,ChIJIQKl4yyvA2ARE6RlF7vvxbU,
ＧｉＧＯ柳津,岐阜県岐阜市柳津町上佐波西３‐６８,岐阜県,09:00〜24:00,英傑大戦、CHUNITHM、頭文字D THE ARCADE、maimai でらっくす、StarHorse4、オンゲキ、StarHorse3 SeasonVII GREAT JOURNEY、セガNET麻雀 MJ Arcade,501-6121,,https://location.am-all.net/alm/shop?gm=96&astep=0&sid=28618,35.375969055727,136.71455995541,,ChIJ2TFk-v2uA2ARiubrEWb-jQc,Google
モーリーファンタジーｆ 岐阜,岐阜県岐阜市正木中１−２−１マーサ２１北館３Ｆ,岐阜県,10:00〜22:00,CHUNITHM、頭文字D THE ARCADE、maimai でらっくす、オンゲキ,502-0857,,https://location.am-all.net/alm/shop?gm=96&astep=0&sid=25303,35.4484474,136.7449465,,ChIJ6Xb48nasA2ARLWcgjLH_DBM,Google
コミ丸アリババ大垣店,岐阜県大垣市池尻町９４０−１,岐阜県,10:00〜24:00,英傑大戦、CHUNITHM、頭文字D THE ARCADE、maimai でらっくす、ALL.Net P-ras MULTI バージョン３、オンゲキ、Wonderland Wars、セガNET麻雀 MJ Arcade、ALL.Net P-ras MULTI,503-2204,,https://location.am-all.net/alm/shop?gm=96&astep=0&sid=27703,35.3840722,136.5956108,,ChIJTWd3YIizA2ARUcv_91WvL3U,
大垣メトロポリス,岐阜県大垣市三塚町西沼５２３−１,岐阜県,10:00〜23:50,ビンゴシアター、CHUNITHM、頭文字D THE ARCADE、maimai でらっくす、オンゲキ、HOUSE OF THE DEAD: SCARLET DAWN,503-0808,,https://location.am-all.net/alm/shop?gm=96&astep=0&sid=25834,35.3670652023352,136.629233287199,,ChIJuTmOA3mxA2ARj6zll1Rj87M,Google
ＧｉＧＯアクアウォーク大垣,岐阜県大垣市林町６ー８０ー２１アクアウォーク大垣２Ｆ,岐阜県,09:30〜22:00,NICO MAKE、CHUNITHM、頭文字D THE ARCADE、maimai でらっくす、StarHorse4、オンゲキ,503-0015,,https://location.am-all.net/alm/shop?gm=96&astep=0&sid=25129,35.3687855907603,136.616647167235,,ChIJSVIuNt-zA2ARBkAIIltK4Xo,
オリエンタルバッティング可児店,岐阜県可児市今渡６９５−１,岐阜県,10:00〜22:00,CHUNITHM、頭文字D THE ARCADE、maimai でらっくす、オンゲキ、Wonderland Wars,509-0207,,https://location.am-all.net/alm/shop?gm=96&astep=0&sid=25605,35.4295361,137.0390542,,ChIJ-2Vh_z8RA2ARBA3Nl0dTCk8,Google
ｎａｍｃｏイオンモール各務原インター店,岐阜県各務原市那加萱場町３ー８イオンモール各務原店２Ｆ,岐阜県,09:00〜21:00,CHUNITHM、maimai でらっくす、オンゲキ,504-0943,,https://location.am-all.net/alm/shop?gm=96&astep=0&sid=25227,35.3925385387642,136.82306713731,,ChIJm6dOKgKoA2ARFS1Q0tX8_kA,
ゲームピコ鵜沼店,岐阜県各務原市鵜沼西町３丁目３０９　イオンタウン各務原鵜沼内,岐阜県,09:00〜00:00,英傑大戦、CHUNITHM、頭文字D THE ARCADE、maimai でらっくす、StarHorse4、ALL.Net P-ras MULTI バージョン３、Wonderland Wars,509-0132,,https://location.am-all.net/alm/shop?gm=96&astep=0&sid=19674,35.4016224,136.933771,,ChIJ-SbLZuIPA2ARERlGdVelHOs,
アピナ各務原店,岐阜県各務原市蘇原花園町２丁目９番地１,岐阜県,10:00〜22:00,NICO MAKE、英傑大戦、CHUNITHM、頭文字D THE ARCADE、maimai でらっくす、オンゲキ,504-0832,,https://location.am-all.net/alm/shop?gm=96&astep=0&sid=19657,35.4120854,136.848068,,ChIJy5CYMtgHA2ARf9pJAnFcbLM,Google
ＧｉＧＯ高山,岐阜県高山市上岡本町７−７,岐阜県,10:00〜24:00,英傑大戦、CHUNITHM、頭文字D THE ARCADE、maimai でらっくす、StarHorse4、オンゲキ、Wonderland Wars、初音ミク Project DIVA Arcade Future Tone、セガNET麻雀 MJ Arcade,506-0055,,https://location.am-all.net/alm/shop?gm=96&astep=0&sid=29229,36.1426267,137.2436265,,ChIJ2Q3dhy27AmARPMj9mAREL_c,
ＭＩＲＡＩＮＯイオンモール土岐店,岐阜県土岐市土岐津町土岐口中山１３７２番１,岐阜県,10:00〜20:00,StarHorseParty、CHUNITHM、頭文字D THE ARCADE、maimai でらっくす、オンゲキ、HOUSE OF THE DEAD: SCARLET DAWN,509-5122,,https://location.am-all.net/alm/shop?gm=96&astep=0&sid=19212,35.3472649224465,137.154147213237,,ChIJASDVpbxBA2AR3S0zKvFAPy4,Google
ＧｉＧＯマーゴ関,岐阜県関市倉知５１６,岐阜県,10:00〜24:00,英傑大戦、CHUNITHM、頭文字D THE ARCADE、maimai でらっくす、StarHorse4、オンゲキ、HOUSE OF THE DEAD: SCARLET DAWN、Wonderland Wars、初音ミク Project DIVA Arcade Future Tone、セガNET麻雀 MJ Arcade,501-3936,,https://location.am-all.net/alm/shop?gm=96&astep=0&sid=26836,35.4796477730566,136.900680231476,,ChIJNTxS2aAGA2ARearJ-DkwBjE,
バローランド中津川,岐阜県中津川市淀川町３‐８　ルビットタウン中津川店２Ｆ　ゲームコーナー,岐阜県,10:00〜20:00,NICO MAKE、maimai でらっくす,508-0034,,https://location.am-all.net/alm/shop?gm=96&astep=0&sid=20542,35.4982192,137.5077693,,ChIJl2nU9Ee0HGARYfQ6ckqVPJc,Google
岐阜レジャーランド穂積店,岐阜県瑞穂市稲里630番地,岐阜県,07:00〜23:55,NICO MAKE、totolu、英傑大戦、CHUNITHM、頭文字D THE ARCADE、maimai でらっくす、StarHorse4、ALL.Net P-ras MULTI バージョン３、オンゲキ、占いコレクション トロッテ、Wonderland Wars、初音ミク Project DIVA Arcade Future Tone、セガNET麻雀 MJ Arcade,501-0224,,https://location.am-all.net/alm/shop?gm=96&astep=0&sid=28823,35.3843321676822,136.684663877254,,ChIJE8qmrhauA2ARWzD82Dyao0g,
ラウンドワンモレラ岐阜店,岐阜県本巣市三橋１１００,岐阜県,10:00〜23:50,StarHorseParty、NICO MAKE、ビンゴシアター、英傑大戦、CHUNITHM、頭文字D THE ARCADE、maimai でらっくす、StarHorse4、オンゲキ、HOUSE OF THE DEAD: SCARLET DAWN、StarHorse3 SeasonVII GREAT JOURNEY、占いコレクション トロッテ,501-0497,,https://location.am-all.net/alm/shop?gm=96&astep=0&sid=23964,35.4552105808625,136.672765688491,,ChIJy2mXLFitA2ARqty_R2LeL_0,
ラウンドワン静岡・駿河店,静岡県静岡市駿河区向手越１丁目１０−１,静岡県,10:00〜23:50,StarHorseParty、NICO MAKE、totolu、ビンゴシアター、英傑大戦、CHUNITHM、頭文字D THE ARCADE、maimai でらっくす、StarHorse4、オンゲキ、HOUSE OF THE DEAD: SCARLET DAWN、StarHorse3 SeasonVII GREAT JOURNEY,421-0107,,https://location.am-all.net/alm/shop?gm=96&astep=0&sid=24543,34.9509792708932,138.360522375274,,ChIJi5WT251JGmAR2-r2n3N3vQo,
スーパーウェーブ静岡,静岡県静岡市清水区鳥坂８６０,静岡県,10:00〜00:00,CHUNITHM、maimai でらっくす、StarHorse4、オンゲキ、StarHorse3 SeasonVII GREAT JOURNEY,424-0067,,https://location.am-all.net/alm/shop?gm=96&astep=0&sid=19515,35.0132017,138.4341497,,ChIJQcElies1GmARuRJ6Sh0rTEg,
ゲームインプリンス,静岡県静岡市清水区天神1-2-6,静岡県,10:00〜24:00,英傑大戦、CHUNITHM、頭文字D THE ARCADE、maimai でらっくす、ALL.Net P-ras MULTI バージョン３、セガNET麻雀 MJ Arcade,424-0809,,https://location.am-all.net/alm/shop?gm=96&astep=0&sid=28401,35.0241515385013,138.479809599361,,ChIJ88mr6_czGmARr5xa-w00xIk,
ＧｉＧＯベイドリーム清水,静岡県静岡市清水区駒越北８−１ベイドリーム清水２Ｆ,静岡県,10:00〜21:00,CHUNITHM、maimai でらっくす、オンゲキ,424-0906,,https://location.am-all.net/alm/shop?gm=96&astep=0&sid=23859,34.984874351405,138.49946066627,,ChIJbS-7EeAwGmARVLtsVrZO0dg,
ＧｉＧＯ静岡,静岡県静岡市葵区七間町４番地,静岡県,10:00〜23:30,英傑大戦、CHUNITHM、頭文字D THE ARCADE、maimai でらっくす、オンゲキ、HOUSE OF THE DEAD: SCARLET DAWN,420-0035,,https://location.am-all.net/alm/shop?gm=96&astep=0&sid=19391,34.9740698,138.3815063,,ChIJWfkxNx5KGmARaI7PW1uoRIc,
タイトーＦステーション静岡,静岡県静岡市葵区呉服町２−５−４　ふしみや第２ビル,静岡県,10:00〜22:00,英傑大戦、CHUNITHM、頭文字D THE ARCADE、maimai でらっくす、オンゲキ,420-0031,,https://location.am-all.net/alm/shop?gm=96&astep=0&sid=21488,34.9744540996151,138.383243101189,,ChIJocDpBR5KGmARHc2ggAoT_qo,Google
アップル新北街道店,静岡県静岡市葵区沓谷5-13-4,静岡県,10:00〜24:00,英傑大戦、CHUNITHM、頭文字D THE ARCADE、maimai でらっくす、StarHorse4、ALL.Net P-ras MULTI バージョン３、オンゲキ、Wonderland Wars、初音ミク Project DIVA Arcade Future Tone、セガNET麻雀 MJ Arcade,420-0816,,https://location.am-all.net/alm/shop?gm=96&astep=0&sid=27583,34.9982996537866,138.413449766182,,ChIJMyx60u41GmAR2h7g9OLenEc,
アミューズメントパーク静岡店,静岡県静岡市葵区柚木１０２６番地３階,静岡県,10:00〜20:00,CHUNITHM、maimai でらっくす、オンゲキ,420-0821,,https://location.am-all.net/alm/shop?gm=96&astep=0&sid=22782,34.9844378302527,138.4104108825,,ChIJHwbZGgg2GmARdsU91HkDmkw,Google
ポート２４浜松店,静岡県浜松市中央区坪井町4183-1,静岡県,09:00〜24:00,英傑大戦、CHUNITHM、頭文字D THE ARCADE、maimai でらっくす、StarHorse4、ALL.Net P-ras MULTI バージョン３、オンゲキ、HOUSE OF THE DEAD: SCARLET DAWN、StarHorse3 SeasonVII GREAT JOURNEY、Wonderland Wars、初音ミク Project DIVA Arcade Future Tone、セガNET麻雀 MJ Arcade、ALL.Net P-ras MULTI,431-0202,,https://location.am-all.net/alm/shop?gm=96&astep=0&sid=28610,34.680146688872,137.644358107149,,ChIJT3Aw9Z_ZGmARKjs7X3PEPDM,Google
タイトーFSイオンモール浜松市野店,静岡県浜松市中央区天王町字諏訪１９８１−３,静岡県,10:00〜21:00,CHUNITHM、maimai でらっくす,435-0052,,https://location.am-all.net/alm/shop?gm=96&astep=0&sid=22187,34.7398608540346,137.763109449951,,ChIJ83ShCCjeGmAR8Ftp2OD5JTw,Google
アピナ浜松店,静岡県浜松市中央区葵西２−２７−１０,静岡県,10:00〜23:00,NICO MAKE、英傑大戦、CHUNITHM、頭文字D THE ARCADE、maimai でらっくす、ALL.Net P-ras MULTI バージョン３、オンゲキ、Wonderland Wars、セガNET麻雀 MJ Arcade,433-8111,,https://location.am-all.net/alm/shop?gm=96&astep=0&sid=25318,34.7674101365686,137.708184774955,,ChIJj5RuF5kgG2AROM6B7U_f448,Google
タイトーステーション新浜松ザザシティ店,静岡県浜松市中央区鍛冶町１５サザンシティ西館２Ｆ,静岡県,10:00〜21:00,cherrit、CHUNITHM、頭文字D THE ARCADE、maimai でらっくす、オンゲキ,430-0933,,https://location.am-all.net/alm/shop?gm=96&astep=0&sid=25283,34.7049378265073,137.729330974632,,ChIJ7xDRpnveGmARbos1elVSsR0,Google
プラサカプコン志都呂店,静岡県浜松市中央区志都呂２丁目３７番１号,静岡県,10:00〜21:00,CHUNITHM、maimai でらっくす、オンゲキ,432-8066,,https://location.am-all.net/alm/shop?gm=96&astep=0&sid=25221,34.6966884038722,137.650923244427,,ChIJoxru9wPZGmARJ_5w97oZsyg,Google
サープラＯＺ浜松あそびタウン,静岡県浜松市中央区宮竹町３２２−１,静岡県,11:00〜24:00,英傑大戦、頭文字D THE ARCADE、maimai でらっくす、ALL.Net P-ras MULTI バージョン３、オンゲキ、Wonderland Wars、セガNET麻雀 MJ Arcade,435-0043,,https://location.am-all.net/alm/shop?gm=96&astep=0&sid=28980,34.7222912443228,137.76549036611,,ChIJF9JRcKjgGmAR3-Tboc1RHdE,Google
ラウンドワン浜松店,静岡県浜松市中央区天王町諏訪１９８１−１７,静岡県,10:00〜23:50,StarHorseParty、英傑大戦、CHUNITHM、頭文字D THE ARCADE、maimai でらっくす、StarHorse4、オンゲキ、HOUSE OF THE DEAD: SCARLET DAWN、StarHorse3 SeasonVII GREAT JOURNEY、Wonderland Wars、セガNET麻雀 MJ Arcade,435-0052,,https://location.am-all.net/alm/shop?gm=96&astep=0&sid=25038,34.737903590641,137.764171604721,,ChIJK-OZg53gGmAR7e4lIpw2rL4,
楽市楽座サンストリート浜北店,静岡県浜松市浜名区平口２８６１サンストリート浜北,静岡県,10:00〜22:00,英傑大戦、CHUNITHM、頭文字D THE ARCADE、maimai でらっくす、オンゲキ、初音ミク Project DIVA Arcade Future Tone,434-0041,,https://location.am-all.net/alm/shop?gm=96&astep=0&sid=25196,34.7957493573924,137.761109198387,,ChIJGWil_RwgG2ARXBAjVJPR7vs,Google
ラウンドワン富士店,静岡県富士市八代町４−１５,静岡県,08:00〜23:50,StarHorseParty、NICO MAKE、ビンゴシアター、英傑大戦、CHUNITHM、頭文字D THE ARCADE、maimai でらっくす、StarHorse4、オンゲキ、StarHorse3 SeasonVII GREAT JOURNEY,417-0024,,https://location.am-all.net/alm/shop?gm=96&astep=0&sid=28658,35.1531225476295,138.693812276589,,ChIJiUG4VOkqGmARPhyBiCh7eEY,
モーリーファンタジーｆ富士南,静岡県富士市鮫島１１８−１０　イオンタウン富士南２Ｆ,静岡県,10:00〜21:00,NICO MAKE、CHUNITHM、頭文字D THE ARCADE、maimai でらっくす、オンゲキ,416-0934,,https://location.am-all.net/alm/shop?gm=96&astep=0&sid=25082,35.1397245587637,138.675802201272,,ChIJlxZ2GgMrGmARBgYtNuawKFA,Google
サープラ沼津あそびタウン,静岡県沼津市大手町１ー１ー５,静岡県,10:00〜23:00,英傑大戦、CHUNITHM、頭文字D THE ARCADE、maimai でらっくす、StarHorse4、オンゲキ、Wonderland Wars,410-0801,,https://location.am-all.net/alm/shop?gm=96&astep=0&sid=25753,35.1040523613766,138.861107068889,,ChIJo89d6l2FGWARn6LHpO1ALbE,Google
サープラ焼津あそびタウン,静岡県焼津市八楠３—１８—５,静岡県,11:00〜23:00,頭文字D THE ARCADE、maimai でらっくす、StarHorse4、オンゲキ,425-0091,,https://location.am-all.net/alm/shop?gm=96&astep=0&sid=28978,34.8785023,138.307772,,ChIJ15WaNUVPGmARZUrayfQ1xGQ,Google
アピナ焼津店,静岡県焼津市道原５８５,静岡県,10:00〜24:00,英傑大戦、CHUNITHM、頭文字D THE ARCADE、maimai でらっくす、StarHorse4、ALL.Net P-ras MULTI バージョン３、オンゲキ、Wonderland Wars、セガNET麻雀 MJ Arcade,425-0055,,https://location.am-all.net/alm/shop?gm=96&astep=0&sid=27245,34.833566698541,138.305979945498,,ChIJvela5cxFGmARaYFT4D_m9WY,Google
タイトーＦステーションイオンモール富士宮,静岡県富士宮市浅間町１−８　イオンモール富士宮３Ｆ,静岡県,10:00〜21:00,NICO MAKE、CHUNITHM、maimai でらっくす、オンゲキ、HOUSE OF THE DEAD: SCARLET DAWN,418-0032,,https://location.am-all.net/alm/shop?gm=96&astep=0&sid=20134,35.2204706,138.6119827,,ChIJG8Aub2TRG2ARxsY5ltbMaqQ,Google
ＧｉＧＯ掛川,静岡県掛川市細田２４８,静岡県,10:00〜24:00,英傑大戦、CHUNITHM、頭文字D THE ARCADE、maimai でらっくす、StarHorse4、オンゲキ、Wonderland Wars、セガNET麻雀 MJ Arcade,436-0048,,https://location.am-all.net/alm/shop?gm=96&astep=0&sid=28378,34.7738744,137.9853301,,ChIJUZtb7Mv7GmARA8oXA9A0HAY,
ＧｉＧＯサントムーン柿田川,静岡県駿東郡清水町玉川６１−２サントムーン柿田川２Ｆ,静岡県,10:00〜24:00,英傑大戦、CHUNITHM、頭文字D THE ARCADE、maimai でらっくす、StarHorse4、ALL.Net P-ras MULTI バージョン３、オンゲキ、HOUSE OF THE DEAD: SCARLET DAWN、Wonderland Wars,411-0902,,https://location.am-all.net/alm/shop?gm=96&astep=0&sid=26731,35.1097737486597,138.903000758326,,ChIJ1VJDCXOQGWARChwTLq_3x5U,
アップルグランリバー大井川店,静岡県焼津市下江留１３２７,静岡県,10:00〜24:00,英傑大戦、CHUNITHM、頭文字D THE ARCADE、maimai でらっくす、StarHorse4、ALL.Net P-ras MULTI バージョン３、オンゲキ、HOUSE OF THE DEAD: SCARLET DAWN、初音ミク Project DIVA Arcade Future Tone、セガNET麻雀 MJ Arcade,421-0218,,https://location.am-all.net/alm/shop?gm=96&astep=0&sid=24823,34.8097010320539,138.27332463839,,ChIJTZDmEfpEGmARMvdcLVM65ao,
アピナ磐田店,静岡県磐田市西貝塚横須賀道北3690イオンタウン磐田内,静岡県,10:00〜22:00,英傑大戦、CHUNITHM、maimai でらっくす、オンゲキ,438-0026,,https://location.am-all.net/alm/shop?gm=96&astep=0&sid=21042,34.7270625168425,137.877265425656,,ChIJdZJ89FPkGmAREW_VH7uvzgs,Google
ＧｉＧＯ春日井,愛知県春日井市岩野町４１８０,愛知県,10:00〜24:00,英傑大戦、CHUNITHM、頭文字D THE ARCADE、maimai でらっくす、StarHorse4、ALL.Net P-ras MULTI バージョン３、オンゲキ、Wonderland Wars、初音ミク Project DIVA Arcade Future Tone、セガNET麻雀 MJ Arcade,486-0805,,https://location.am-all.net/alm/shop?gm=96&astep=0&sid=29267,35.2695445950536,136.960514630164,,ChIJ400LUPVyA2ARCc-aQnxxO1w,
ラウンドワンヨロッカ春日井店,愛知県春日井市六軒屋町東丘２２テナント区画番号３０１０,愛知県,09:00〜23:50,StarHorseParty、英傑大戦、CHUNITHM、maimai でらっくす、StarHorse4、オンゲキ、HOUSE OF THE DEAD: SCARLET DAWN,486-0842,,https://location.am-all.net/alm/shop?gm=96&astep=0&sid=19421,35.2587361,136.9816772,,ChIJt_SlQ-ptA2AROC369oN4xoY,
ＡＤＸマミー出川店,愛知県春日井市不二ヶ丘１丁目５番地,愛知県,09:00〜00:00,CHUNITHM、maimai でらっくす、ALL.Net P-ras MULTI バージョン３、オンゲキ、Wonderland Wars,487-0023,,https://location.am-all.net/alm/shop?gm=96&astep=0&sid=24867,35.2673215,137.0126718,,ChIJBVNGI5ZtA2ARnwNV8xddx-c,
アピナ豊橋,愛知県豊橋市藤沢町１４１ホリデイ・スクエアＡＭ棟１階,愛知県,10:00〜23:00,CHUNITHM、maimai でらっくす、オンゲキ,441-8061,,https://location.am-all.net/alm/shop?gm=96&astep=0&sid=19395,34.7445532,137.3713362,,ChIJ2cqtxDfTBGARUM7vgEETEqs,Google
ＧｉＧＯ豊橋飯村,愛知県豊橋市飯村町字西山２５−１２１,愛知県,10:00〜24:00,英傑大戦、CHUNITHM、頭文字D THE ARCADE、maimai でらっくす、StarHorse4、オンゲキ、Wonderland Wars、セガNET麻雀 MJ Arcade,440-0833,,https://location.am-all.net/alm/shop?gm=96&astep=0&sid=29234,34.7490943,137.4138729,,ChIJOVchsf7SBGAR9b2GinChzhc,
ラウンドワン豊橋店,愛知県豊橋市大岩町字岩田２７−２,愛知県,10:00〜23:50,StarHorseParty、英傑大戦、CHUNITHM、頭文字D THE ARCADE、maimai でらっくす、StarHorse4、オンゲキ、HOUSE OF THE DEAD: SCARLET DAWN、StarHorse3 SeasonVII GREAT JOURNEY,441-3147,,https://location.am-all.net/alm/shop?gm=96&astep=0&sid=25110,34.7237006,137.4326113,,ChIJ8-zp91zTBGARwFRoBEV53_U,
ＧｉＧＯ金山,愛知県名古屋市熱田区金山１−１９ー２,愛知県,10:00〜23:00,英傑大戦、CHUNITHM、頭文字D THE ARCADE、maimai でらっくす、StarHorse4、オンゲキ,456-0001,,https://location.am-all.net/alm/shop?gm=96&astep=0&sid=29277,35.1426808139245,136.902152217791,,ChIJr5Nm2FJ3A2AR8PRXp-k2obQ,
ソユーゲームフィールド鳴海店,名古屋市緑区鳴海町字伝治山３番地９　アピタ鳴海店２Ｆ,愛知県,09:00〜21:00,CHUNITHM、maimai でらっくす、オンゲキ,458-0844,,https://location.am-all.net/alm/shop?gm=96&astep=0&sid=23866,35.0941212637578,136.95934499259,,ChIJr4CrMWd7A2ARyLVj6uo0Hxo,Google
プラサカプコン徳重店,愛知県名古屋市緑区元徳重１丁目５０５ビルズウォーク徳重２階,愛知県,10:00〜22:00,CHUNITHM、maimai でらっくす、オンゲキ,458-0852,,https://location.am-all.net/alm/shop?gm=96&astep=0&sid=20706,35.0943886,136.9992084,,ChIJI4n9i0JjA2ARJyRT4vS9JLI,Google
ラウンドワン鳴海店,愛知県名古屋市緑区鳴海町杜若２８,愛知県,10:00〜06:00,StarHorseParty、ビンゴシアター、英傑大戦、CHUNITHM、頭文字D THE ARCADE、maimai でらっくす、StarHorse4、オンゲキ、StarHorse3 SeasonVII GREAT JOURNEY、Wonderland Wars、セガNET麻雀 MJ Arcade,458-0801,,https://location.am-all.net/alm/shop?gm=96&astep=0&sid=28642,35.0989113,136.9527377,,ChIJae-Ma257A2ARQ761zoi0k3E,Google
ゲームパニック大高,愛知県名古屋市緑区忠治山２０１番地,愛知県,09:00〜24:00,StarHorseParty、英傑大戦、CHUNITHM、頭文字D THE ARCADE、maimai でらっくす、StarHorse4、ALL.Net P-ras MULTI バージョン３、オンゲキ、占いコレクション トロッテ、Wonderland Wars、初音ミク Project DIVA Arcade Future Tone、セガNET麻雀 MJ Arcade,459-8014,,https://location.am-all.net/alm/shop?gm=96&astep=0&sid=28834,35.0485212,136.9497129,,ChIJu4AomwJ9A2ARDkGmHgLagkA,
名古屋レジャーランド内田橋店,愛知県名古屋市南区内田橋2-26-22,愛知県,24時間,英傑大戦、CHUNITHM、頭文字D THE ARCADE、maimai でらっくす、StarHorse4、ALL.Net P-ras MULTI バージョン３、オンゲキ、Wonderland Wars、初音ミク Project DIVA Arcade Future Tone、セガNET麻雀 MJ Arcade,457-0862,,https://location.am-all.net/alm/shop?gm=96&astep=0&sid=28829,35.1137608,136.9098442,,ChIJDztQoSV6A2AR1-_hsbw7Qw0,
モーリーファンタジー新瑞橋,愛知県名古屋市南区菊住１丁目７ー１０イオンモール新瑞橋店３階,愛知県,10:00〜22:00,CHUNITHM、頭文字D THE ARCADE、maimai でらっくす、オンゲキ,457-0012,,https://location.am-all.net/alm/shop?gm=96&astep=0&sid=24393,35.1147088,136.93525,,ChIJPeSfyqx7A2ARSmDGUOhuA90,Google
タイトーステーションフェドラ大須店,愛知県名古屋市中区大須３−３０−３１,愛知県,10:00〜23:30,英傑大戦、CHUNITHM、頭文字D THE ARCADE、maimai でらっくす、StarHorse4、ALL.Net P-ras MULTI バージョン３、オンゲキ、Wonderland Wars、初音ミク Project DIVA Arcade Future Tone、ALL.Net P-ras MULTI,460-0011,,https://location.am-all.net/alm/shop?gm=96&astep=0&sid=20221,35.1594771,136.9054347,,ChIJ8WWyg8twA2ARsjNXBUBnOHA,Google
ゲームキングジョイ,愛知県名古屋市中区栄３‐３‐３２,愛知県,09:00〜00:00,cherrit、StarHorseParty、NICO MAKE、英傑大戦、CHUNITHM、頭文字D THE ARCADE、maimai でらっくす、StarHorse4、ALL.Net P-ras MULTI バージョン３、オンゲキ、占いコレクション トロッテ、Wonderland Wars、セガNET麻雀 MJ Arcade、ALL.Net P-ras MULTI,460-0008,,https://location.am-all.net/alm/shop?gm=96&astep=0&sid=28592,35.1679815,136.9049511,,ChIJ4Sa7dtNwA2ARaQ9op2cblIg,
コムテックスクウェア,愛知県名古屋市中区金山1-16-8,愛知県,09:00〜24:00,英傑大戦、CHUNITHM、頭文字D THE ARCADE、maimai でらっくす、ALL.Net P-ras MULTI バージョン３、オンゲキ、Wonderland Wars、初音ミク Project DIVA Arcade Future Tone、セガNET麻雀 MJ Arcade,460-0022,,https://location.am-all.net/alm/shop?gm=96&astep=0&sid=28328,35.1439706,136.8999023,,ChIJpwOWh013A2ARrZLKQDQEWZ0,
ゲームパニック大須,愛知県名古屋市中区大須3-30-93　メガタウンB1F,愛知県,09:00〜23:45,CHUNITHM、maimai でらっくす、オンゲキ,460-0011,,https://location.am-all.net/alm/shop?gm=96&astep=0&sid=19086,35.1600309,136.9053767,,ChIJ8YXzog9xA2AR79Ox5gNfg-Q,Google
アピナ名古屋栄店,愛知県名古屋市中区錦３‐１７‐１５ドン・キホーテ栄本店Ｂ１,愛知県,10:00〜23:00,CHUNITHM、maimai でらっくす,460-0003,,https://location.am-all.net/alm/shop?gm=96&astep=0&sid=19016,35.1702098,136.9063906,,ChIJubpUVVFxA2AR25OoQaXYe4k,Google
ラウンドワン中川１号線店,愛知県名古屋市中川区法蔵町２−２３,愛知県,10:00〜23:50,StarHorseParty、ビンゴシアター、英傑大戦、CHUNITHM、頭文字D THE ARCADE、maimai でらっくす、StarHorse4、オンゲキ、HOUSE OF THE DEAD: SCARLET DAWN、StarHorse3 SeasonVII GREAT JOURNEY、Wonderland Wars,454-0859,,https://location.am-all.net/alm/shop?gm=96&astep=0&sid=26102,35.1236443,136.8636045,,ChIJ_6J_BIJ3A2ARXM7MXmch8aI,
コムテックタワー,愛知県名古屋市中村区名駅４−１０−２０,愛知県,10:00〜24:00,英傑大戦、CHUNITHM、頭文字D THE ARCADE、maimai でらっくす、ALL.Net P-ras MULTI バージョン３、オンゲキ、Wonderland Wars,450-0002,,https://location.am-all.net/alm/shop?gm=96&astep=0&sid=28486,35.1694446,136.8859667,,ChIJq7ByK9x2A2AR_0DCID9jmyA,Google
ＧｉＧＯマーケットスクエアささしま,愛知県名古屋市中村区平池町４丁目６０番地１４号,愛知県,10:00〜23:00,英傑大戦、CHUNITHM、頭文字D THE ARCADE、maimai でらっくす、ALL.Net P-ras MULTI バージョン３、オンゲキ,453-0872,,https://location.am-all.net/alm/shop?gm=96&astep=0&sid=19745,35.162623,136.8849364,,ChIJDSM44RJ3A2AR_lu66PLuslM,
ファンタジープラザ名古屋,愛知県名古屋市北区玄馬町２３４−１ﾄﾞﾝｷﾎｰﾃ名古屋本店２階,愛知県,10:00〜02:30,CHUNITHM、頭文字D THE ARCADE、lalamee、maimai でらっくす、StarHorse4、ALL.Net P-ras MULTI バージョン３、オンゲキ、HOUSE OF THE DEAD: SCARLET DAWN、Wonderland Wars,462-0018,,https://location.am-all.net/alm/shop?gm=96&astep=0&sid=24992,35.2264606,136.9089964,,ChIJn7BAovNzA2ARhHi6Gee3v7s,Google
ポート２４八事店,愛知県名古屋市昭和区広路町北石坂102番地4,愛知県,09:00〜24:00,CHUNITHM、maimai でらっくす、オンゲキ,466-0834,,https://location.am-all.net/alm/shop?gm=96&astep=0&sid=25114,35.1371096689953,136.964140052115,,ChIJHWVSI8N6A2ARqVodwq8ABWg,Google
楽市楽座イオンモール名古屋茶屋店,愛知県名古屋市港区西茶屋２−１１イオンモール名古屋茶屋３階,愛知県,10:00〜21:00,CHUNITHM、頭文字D THE ARCADE、maimai でらっくす,455-0858,,https://location.am-all.net/alm/shop?gm=96&astep=0&sid=22335,35.1036419,136.8248297,,ChIJNSRTYlWdA2ARCNNffHBjf5M,Google
ｎａｍｃｏイオンモールナゴヤドーム前店,名古屋市東区矢田南４ー１０２ー３イオンモールナゴヤドーム３Ｆ,愛知県,10:00〜21:00,CHUNITHM、maimai でらっくす、オンゲキ、HOUSE OF THE DEAD: SCARLET DAWN,461-0048,,https://location.am-all.net/alm/shop?gm=96&astep=0&sid=25500,35.1871751,136.9440943,,ChIJRYLuN1RwA2ARvDC-LnEVWxo,
バンダイナムコＣｒｏｓｓＳｔｏｒｅ名古屋,愛知県名古屋市西区二方町４０番本棟４階,愛知県,10:00〜21:00,cherrit、CHUNITHM、maimai でらっくす,452-0817,,https://location.am-all.net/alm/shop?gm=96&astep=0&sid=18710,35.2254187,136.8843421,,ChIJebG7AAB1A2AROvNQIKbhdL8,
ＧｉＧＯイオンタウン名西,愛知県名古屋市西区香呑町６−４９−１イオンタウン名西２Ｆ,愛知県,09:00〜21:00,英傑大戦、CHUNITHM、頭文字D THE ARCADE、maimai でらっくす、StarHorse4、オンゲキ、Wonderland Wars,451-0015,,https://location.am-all.net/alm/shop?gm=96&astep=0&sid=22660,35.2041270320315,136.892598499445,,ChIJxfoNUR10A2ARYxAwlGa7a3c,
アミューズメントワールドメトロポリス小牧,愛知県小牧市村中新町３３,愛知県,10:00〜23:50,英傑大戦、CHUNITHM、頭文字D THE ARCADE、maimai でらっくす、StarHorse4、オンゲキ,485-0083,,https://location.am-all.net/alm/shop?gm=96&astep=0&sid=26295,35.2959343275161,136.905616616641,,ChIJl4zVG6EMA2ARRXvVidgLHFc,Google
安城メトロポリス,愛知県安城市浜富町６−８,愛知県,10:00〜25:00,CHUNITHM、maimai でらっくす、StarHorse4、オンゲキ、セガNET麻雀 MJ Arcade,446-0022,,https://location.am-all.net/alm/shop?gm=96&astep=0&sid=29249,34.955195299699,137.097345503705,,ChIJjWLYUkuYBGARpWJJXQoUGt0,
ＧｉＧＯ安城,愛知県安城市百石町２−３５−１３,愛知県,10:00〜24:00,英傑大戦、CHUNITHM、頭文字D THE ARCADE、maimai でらっくす、StarHorse4、オンゲキ、セガNET麻雀 MJ Arcade,446-0044,,https://location.am-all.net/alm/shop?gm=96&astep=0&sid=29236,34.9473926,137.0731591,,ChIJ15n205aZBGARhQ0AtBTQMEU,
M's PARK豊田店,愛知県豊田市寿町３−２１、２２,愛知県,24時間,totolu、英傑大戦、CHUNITHM、頭文字D THE ARCADE、maimai でらっくす、StarHorse4、ALL.Net P-ras MULTI バージョン３、オンゲキ、HOUSE OF THE DEAD: SCARLET DAWN、占いコレクション トロッテ、Wonderland Wars、初音ミク Project DIVA Arcade Future Tone、セガNET麻雀 MJ Arcade,471-0834,,https://location.am-all.net/alm/shop?gm=96&astep=0&sid=28609,35.0566411,137.1400157,,ChIJ8cC0FdShBGARrWo1HanRsAw,
ＧｉＧＯ豊田,愛知県豊田市深田町１−６５−１,愛知県,09:00〜24:00,英傑大戦、CHUNITHM、頭文字D THE ARCADE、maimai でらっくす、StarHorse4、オンゲキ、Wonderland Wars、セガNET麻雀 MJ Arcade,471-0841,,https://location.am-all.net/alm/shop?gm=96&astep=0&sid=29259,35.0678723,137.1238001,,ChIJdaygtZOfBGARb4javvxP4fY,
タイトーステーション豊田ＧＡＺＡ,愛知県豊田市喜多町１−１４０ＧＡＺＡ３階,愛知県,10:00〜20:00,NICO MAKE、CHUNITHM、頭文字D THE ARCADE、maimai でらっくす、オンゲキ、HOUSE OF THE DEAD: SCARLET DAWN,471-0027,,https://location.am-all.net/alm/shop?gm=96&astep=0&sid=24209,35.0880302,137.1572653,,ChIJl_1G4mqgBGARJpQLYfntUqA,Google
半田メトロポリス,愛知県半田市旭町３−１１−１,愛知県,10:00〜25:00,英傑大戦、CHUNITHM、頭文字D THE ARCADE、maimai でらっくす、StarHorse4、オンゲキ、Wonderland Wars、初音ミク Project DIVA Arcade Future Tone、セガNET麻雀 MJ Arcade,475-0838,,https://location.am-all.net/alm/shop?gm=96&astep=0&sid=29285,34.8746636920531,136.921648047082,,ChIJ-eY-A8CFBGARvMCiIXIWGds,
ラウンドワン半田店,愛知県半田市瑞穂町６−７−８,愛知県,10:00〜23:50,StarHorseParty、ビンゴシアター、英傑大戦、CHUNITHM、頭文字D THE ARCADE、maimai でらっくす、StarHorse4、オンゲキ、HOUSE OF THE DEAD: SCARLET DAWN、StarHorse3 SeasonVII GREAT JOURNEY,475-0828,,https://location.am-all.net/alm/shop?gm=96&astep=0&sid=25413,34.8853760084621,136.941376219049,,ChIJl4WJfqCFBGARxYp2i51rsDA,
ムー大陸西尾シャオ店,愛知県西尾市下町御城下２３−１シャオ２Ｆ,愛知県,10:00〜20:00,CHUNITHM、頭文字D THE ARCADE、maimai でらっくす、オンゲキ,445-8585,,https://location.am-all.net/alm/shop?gm=96&astep=0&sid=25575,34.8677827673647,137.045431461902,,ChIJZ9Et-SSRBGARxylUIapZvvk,Google
ファンタジーウエストタウン西尾,愛知県西尾市高鼻町３‐２３‐９,愛知県,09:00〜21:30,NICO MAKE、maimai でらっくす,445-0064,,https://location.am-all.net/alm/shop?gm=96&astep=0&sid=22423,34.8633981,137.0593664,,ChIJl8UsoMqWBGARGA6TE6pDmJM,Google
ＡＤＸマミー岡崎店,愛知県岡崎市井田新町６−１,愛知県,09:00〜24:00,英傑大戦、CHUNITHM、頭文字D THE ARCADE、maimai でらっくす、ALL.Net P-ras MULTI バージョン３、オンゲキ、Wonderland Wars、セガNET麻雀 MJ Arcade,444-0069,,https://location.am-all.net/alm/shop?gm=96&astep=0&sid=24571,34.9770307711709,137.161719537959,,ChIJpww9ysOiBGARV6UobxqWwNM,Google
ＧｉＧＯ岡崎,愛知県岡崎市上地３−５０−４,愛知県,10:00〜24:00,NICO MAKE、英傑大戦、CHUNITHM、頭文字D THE ARCADE、maimai でらっくす、StarHorse4、ALL.Net P-ras MULTI バージョン３、オンゲキ、Wonderland Wars、初音ミク Project DIVA Arcade Future Tone、セガNET麻雀 MJ Arcade,444-0823,,https://location.am-all.net/alm/shop?gm=96&astep=0&sid=29272,34.9113546,137.169312,,ChIJ_cb3Fra9BGARxADyMZYQvy8,
ＧｉＧＯ北岡崎,愛知県岡崎市錦町２番地４,愛知県,09:00〜00:00,ビンゴシアター、英傑大戦、CHUNITHM、頭文字D THE ARCADE、maimai でらっくす、StarHorse4、ALL.Net P-ras MULTI バージョン３、オンゲキ、StarHorse3 SeasonVII GREAT JOURNEY、Wonderland Wars、初音ミク Project DIVA Arcade Future Tone、セガNET麻雀 MJ Arcade,444-0067,,https://location.am-all.net/alm/shop?gm=96&astep=0&sid=26776,34.9733728272187,137.159915860713,,ChIJJddXu8aiBGARh0wo7QARG9A,
プラサカプコン岡崎店,愛知県岡崎市戸崎町字外山３８−５イオンモール岡崎　シネコン棟,愛知県,10:00〜22:00,ビンゴシアター、CHUNITHM、頭文字D THE ARCADE、maimai でらっくす,444-0840,,https://location.am-all.net/alm/shop?gm=96&astep=0&sid=24805,34.9391444631085,137.163200193115,,ChIJ22N6_0e9BGARc47azy5hhZI,Google
アミューズメントプラザワイド,愛知県東海市名和町二番割上16-2,愛知県,10:00〜24:00,英傑大戦、CHUNITHM、頭文字D THE ARCADE、maimai でらっくす、StarHorse4、ALL.Net P-ras MULTI バージョン３、オンゲキ、Wonderland Wars、セガNET麻雀 MJ Arcade,476-0002,,https://location.am-all.net/alm/shop?gm=96&astep=0&sid=29270,35.0651865416666,136.911898700069,,ChIJb6a6PAZ8A2ARpiIcA7hOkG4,
ＭＩＲＡＩＮＯイオンモール豊川店,愛知県豊川市白鳥町兎足１丁目１６　イオンモール豊川３階,愛知県,10:00〜21:00,NICO MAKE、CHUNITHM、頭文字D THE ARCADE、maimai でらっくす、オンゲキ,442-0848,,https://location.am-all.net/alm/shop?gm=96&astep=0&sid=19123,34.8252746,137.3512726,,ChIJoadkHPXPBGARmJpvfiukWiA,Google
豊川メトロポリス,愛知県豊川市下長山町上アライ１４−１,愛知県,10:00〜23:50,NICO MAKE、英傑大戦、CHUNITHM、maimai でらっくす、StarHorse4、オンゲキ、HOUSE OF THE DEAD: SCARLET DAWN、セガNET麻雀 MJ Arcade,442-0824,,https://location.am-all.net/alm/shop?gm=96&astep=0&sid=29247,34.8025832,137.3845019,,ChIJ42PDYszNBGARBCCwB1Nfq5M,Google
ＧｉＧＯイオンモール木曽川,愛知県一宮市木曽川町黒田八ヶ池２５−１イオンモール木曽川３Ｆ,愛知県,10:00〜23:00,CHUNITHM、頭文字D THE ARCADE、maimai でらっくす、オンゲキ、HOUSE OF THE DEAD: SCARLET DAWN,493-0001,,https://location.am-all.net/alm/shop?gm=96&astep=0&sid=26046,35.3489688584511,136.773599907379,,ChIJfcpRkzimA2ARS3f-LGEX0ow,
ＧｉＧＯ尾西,愛知県一宮市篭屋３−９−７アソビックスびさい１Ｆ,愛知県,10:00〜24:00,英傑大戦、CHUNITHM、頭文字D THE ARCADE、maimai でらっくす、StarHorse4、オンゲキ、Wonderland Wars、セガNET麻雀 MJ Arcade,494-0002,,https://location.am-all.net/alm/shop?gm=96&astep=0&sid=27191,35.3092177752599,136.771520953967,,ChIJO3K-gsGmA2ARqEgruOC26Nw,
M's PARK刈谷店,愛知県刈谷市稲場町３−２０６,愛知県,10:00〜24:00,英傑大戦、CHUNITHM、頭文字D THE ARCADE、maimai でらっくす、ALL.Net P-ras MULTI バージョン３、オンゲキ、Wonderland Wars、セガNET麻雀 MJ Arcade,448-0038,,https://location.am-all.net/alm/shop?gm=96&astep=0&sid=28608,35.0054807,137.0014037,,ChIJ20rs6xidBGARqnw9dPdNJHw,
ＧｉＧＯイオンタウン刈谷,愛知県刈谷市東境町京和１,愛知県,10:00〜24:00,英傑大戦、CHUNITHM、頭文字D THE ARCADE、maimai でらっくす、StarHorse4、オンゲキ、Wonderland Wars、セガNET麻雀 MJ Arcade,448-0007,,https://location.am-all.net/alm/shop?gm=96&astep=0&sid=25497,35.0388078565412,137.026769246558,,ChIJ6RAZIIWdBGARaqphV3nto0U,
楽市楽座イオンモール扶桑店,愛知県丹羽郡扶桑町南山名高塚5番地イオンモール扶桑2階,愛知県,10:00〜21:00,NICO MAKE、CHUNITHM、頭文字D THE ARCADE、maimai でらっくす、オンゲキ、HOUSE OF THE DEAD: SCARLET DAWN,480-0105,,https://location.am-all.net/alm/shop?gm=96&astep=0&sid=25928,35.3612155469881,136.900508189966,,ChIJ53lDrU0JA2ARdJHAcAoS4VE,Google
ＧｉＧＯ東名ボール,愛知県瀬戸市西原町２−１１４,愛知県,10:00〜24:00,英傑大戦、CHUNITHM、頭文字D THE ARCADE、maimai でらっくす、StarHorse4、オンゲキ、HOUSE OF THE DEAD: SCARLET DAWN、StarHorse3 SeasonVII GREAT JOURNEY、Wonderland Wars、初音ミク Project DIVA Arcade Future Tone、セガNET麻雀 MJ Arcade、ALL.Net P-ras MULTI,489-0972,,https://location.am-all.net/alm/shop?gm=96&astep=0&sid=29266,35.2092202,137.0628682,,ChIJn0LT0KtoA2ARK5eIdAFDkv8,
ＧｉＧＯギャラリエアピタ知立,愛知県知立市長篠町大山１８−１ギャラリエアピタ１Ｆ,愛知県,10:00〜21:30,CHUNITHM、頭文字D THE ARCADE、maimai でらっくす、StarHorse4、オンゲキ,472-0045,,https://location.am-all.net/alm/shop?gm=96&astep=0&sid=29237,34.9991237069351,137.052842080951,,ChIJtRgE8BucBGARxxeDw3IQ-3A,
ゲーム　アルカナ,愛知県稲沢市朝府町２−３３,愛知県,09:00〜00:00,英傑大戦、CHUNITHM、頭文字D THE ARCADE、maimai でらっくす、ALL.Net P-ras MULTI バージョン３、オンゲキ、Wonderland Wars、セガNET麻雀 MJ Arcade,492-8268,,https://location.am-all.net/alm/shop?gm=96&astep=0&sid=19523,35.2518633,136.7788012,,ChIJIwcIKbChA2ARkE-bBN_YTuU,
プラサカプコン稲沢店,愛知県稲沢市長野７丁目１−２リーフウォーク稲沢２Ｆ,愛知県,10:00〜21:30,totolu、CHUNITHM、maimai でらっくす、オンゲキ,492-8601,,https://location.am-all.net/alm/shop?gm=96&astep=0&sid=24644,35.2607481321662,136.819040386536,,ChIJl5RoywygA2ARs8_MivT2fxY,Google
ダイナソアエイジ,愛知県大府市東新町三丁目８８番地,愛知県,11:00〜24:00,CHUNITHM、maimai でらっくす、StarHorse4、ALL.Net P-ras MULTI バージョン３、セガNET麻雀 MJ Arcade,474-0073,,https://location.am-all.net/alm/shop?gm=96&astep=0&sid=19383,35.0310079641722,136.956274471406,,ChIJI7_7d2x9A2AR0wqNjT3uBKA,Google
ｎａｍｃｏエアポートウォーク名古屋店,愛知県西春日井郡豊山町大字豊場字林先１ー８エアポートＷ３Ｆ,愛知県,10:00〜21:30,CHUNITHM、maimai でらっくす、HOUSE OF THE DEAD: SCARLET DAWN,480-0288,,https://location.am-all.net/alm/shop?gm=96&astep=0&sid=24838,35.2462056,136.9248662,,ChIJX8ipI6NzA2ARKPnZP6g5XzQ,
ソユーゲームフィールド赤池店,愛知県日進市赤池町箕ノ手１番プライムツリー赤池３階,愛知県,,CHUNITHM、maimai でらっくす、オンゲキ,470-0126,,https://location.am-all.net/alm/shop?gm=96&astep=0&sid=18739,35.108621,137.0243969,,,
ポート２４幸田店,愛知県額田郡幸田町相見沖原1-3,愛知県,09:00〜24:00,英傑大戦、CHUNITHM、頭文字D THE ARCADE、maimai でらっくす、StarHorse4、ALL.Net P-ras MULTI バージョン３、オンゲキ、StarHorse3 SeasonVII GREAT JOURNEY、Wonderland Wars、初音ミク Project DIVA Arcade Future Tone、セガNET麻雀 MJ Arcade、ALL.Net P-ras MULTI,444-0117,,https://location.am-all.net/alm/shop?gm=96&astep=0&sid=26823,34.8902431,137.1631359,,ChIJw8MNfdi9BGARBa5DTBhE2s0,Google
ＧｉＧＯ長久手,愛知県長久手市武蔵塚７０５,愛知県,09:00〜00:00,英傑大戦、CHUNITHM、頭文字D THE ARCADE、maimai でらっくす、StarHorse4、ALL.Net P-ras MULTI バージョン３、オンゲキ、StarHorse3 SeasonVII GREAT JOURNEY、Wonderland Wars、セガNET麻雀 MJ Arcade,480-1121,,https://location.am-all.net/alm/shop?gm=96&astep=0&sid=25081,35.1714145149511,137.045460464418,,ChIJgzRAZc9lA2AR5o7jZA4ACUY,
ユーズランド東浦店,愛知県知多郡東浦町緒川旭１３−２イオンモール東浦２Ｆ,愛知県,10:00〜21:00,英傑大戦、CHUNITHM、頭文字D THE ARCADE、maimai でらっくす、オンゲキ,470-2102,,https://location.am-all.net/alm/shop?gm=96&astep=0&sid=27354,34.9781318119209,136.974266734146,,ChIJ4RwNPi6DBGARkqAua7H6nbw,Google
アミュージアム津島店,愛知県津島市大字津島字北新開351番地ﾖｼﾂﾞﾔ津島本店ｼﾈﾏ館2F,愛知県,10:00〜23:00,CHUNITHM、頭文字D THE ARCADE、maimai でらっくす、オンゲキ,496-0027,,https://location.am-all.net/alm/shop?gm=96&astep=0&sid=20094,35.1746003,136.7464136,,ChIJ5Q6D5seZA2AR87N4SUqQfnI,Google
楽市街道 名古屋店,愛知県北名古屋市中之郷新明４５−１,愛知県,09:00〜04:00,totolu、英傑大戦、CHUNITHM、頭文字D THE ARCADE、maimai でらっくす、StarHorse4、ALL.Net P-ras MULTI バージョン３、HOUSE OF THE DEAD: SCARLET DAWN、Wonderland Wars、セガNET麻雀 MJ Arcade,481-0045,,https://location.am-all.net/alm/shop?gm=96&astep=0&sid=26751,35.239849,136.8488049,,ChIJjxscZT51A2ARr5CBGbIErd8,Google
ラウンドワン名古屋西春店,愛知県北名古屋市宇福寺神明１５,愛知県,10:00〜23:50,StarHorseParty、英傑大戦、CHUNITHM、maimai でらっくす、StarHorse4、オンゲキ、HOUSE OF THE DEAD: SCARLET DAWN、StarHorse3 SeasonVII GREAT JOURNEY,481-0035,,https://location.am-all.net/alm/shop?gm=96&astep=0&sid=25841,35.2548498,136.8436265,,ChIJRQsAQrUKA2ARqmXmwPbNQ6I,
ファンタジックランド西春店,愛知県北名古屋市鹿田若宮３９２６‐１０ヨシズヤ西春店５階,愛知県,10:00〜20:00,英傑大戦、CHUNITHM、maimai でらっくす、オンゲキ,481-0004,,https://location.am-all.net/alm/shop?gm=96&astep=0&sid=18908,35.2449611,136.8717714,,ChIJmTe9XQB1A2AR6yHuREBJj0Q,Google
アミューズファクトリー常滑店,愛知県常滑市りんくう町2-20-3イオンモール常滑2F,愛知県,10:00〜21:00,cherrit、CHUNITHM、maimai でらっくす,479-0882,,https://location.am-all.net/alm/shop?gm=96&astep=0&sid=21125,34.8823408923726,136.826091975641,,ChIJEwMDOACHBGARPiI2GqRfbVI,Google
タイトーＦステーション弥富店,愛知県弥富市五明町蒲原１３７１‐４,愛知県,10:00〜23:00,CHUNITHM、頭文字D THE ARCADE、maimai でらっくす、StarHorse4、オンゲキ,498-0014,,https://location.am-all.net/alm/shop?gm=96&astep=0&sid=18922,35.1155664,136.7178037,,ChIJCcS59cWbA2ARg87Zu85cXfI,Google
ｎａｍｃｏイオンモール長久手１号店,愛知県長久手市勝入塚５０１　イオンモール長久手３Ｆ,愛知県,10:00〜21:00,CHUNITHM、maimai でらっくす、HOUSE OF THE DEAD: SCARLET DAWN,480-1128,,https://location.am-all.net/alm/shop?gm=96&astep=0&sid=20831,35.1736725055424,137.050392583081,,ChIJg43miNBlA2ARMc_8k5lclHs,
アピナ四日市店,三重県四日市市泊小柳町４−３４,三重県,10:00〜24:00,ビンゴシアター、英傑大戦、CHUNITHM、頭文字D THE ARCADE、maimai でらっくす、StarHorse4、ALL.Net P-ras MULTI バージョン３、オンゲキ、Wonderland Wars、初音ミク Project DIVA Arcade Future Tone、セガNET麻雀 MJ Arcade,510-0883,,https://location.am-all.net/alm/shop?gm=96&astep=0&sid=25686,34.9393248,136.6068238,,ChIJ98GSPrGOA2ARNXpuxEyFlnw,Google
ＧｉＧＯ生桑,三重県四日市市生桑町字川原崎２９９−１,三重県,09:30〜24:00,英傑大戦、CHUNITHM、頭文字D THE ARCADE、maimai でらっくす、StarHorse4、ALL.Net P-ras MULTI バージョン３、オンゲキ、Wonderland Wars、初音ミク Project DIVA Arcade Future Tone、セガNET麻雀 MJ Arcade,512-0911,,https://location.am-all.net/alm/shop?gm=96&astep=0&sid=29238,34.986458956565,136.601629544146,,ChIJB7KCEw2OA2ARSpuS_oJaQT8,
ＧｉＧＯトナリエ四日市,三重県四日市市安島１丁目３番３１号トナリエ四日市５階,三重県,10:00〜21:00,英傑大戦、CHUNITHM、頭文字D THE ARCADE、maimai でらっくす、オンゲキ、HOUSE OF THE DEAD: SCARLET DAWN、Wonderland Wars、初音ミク Project DIVA Arcade Future Tone、ALL.Net P-ras MULTI,510-0075,,https://location.am-all.net/alm/shop?gm=96&astep=0&sid=26359,34.9686061,136.6166547,,ChIJr5Fa7vOOA2ARe2Hp744flCA,Google
アミューズメントスペースコミ丸四日市店,三重県四日市市鵜の森1-3-19,三重県,07:00〜24:00,CHUNITHM、maimai でらっくす、オンゲキ,510-0074,,https://location.am-all.net/alm/shop?gm=96&astep=0&sid=19389,34.9664199,136.6164714,,ChIJix4r6cCPA2ARPZ-shlidFxc,Google
ラウンドワン津・高茶屋店,三重県津市高茶屋小森町２７７−８,三重県,10:00〜23:50,StarHorseParty、英傑大戦、CHUNITHM、頭文字D THE ARCADE、maimai でらっくす、StarHorse4、オンゲキ、HOUSE OF THE DEAD: SCARLET DAWN、StarHorse3 SeasonVII GREAT JOURNEY,514-0817,,https://location.am-all.net/alm/shop?gm=96&astep=0&sid=24770,34.6724656,136.5194702,,ChIJAQAkjWINBGARu_AQMiaBpfk,
ＰＡＬＯ津南,三重県津市高茶屋小森町１４５番地　イオンモール津南３Ｆ,三重県,,CHUNITHM、頭文字D THE ARCADE、maimai でらっくす、オンゲキ、HOUSE OF THE DEAD: SCARLET DAWN,514-0817,,https://location.am-all.net/alm/shop?gm=96&astep=0&sid=20210,34.666919,136.4897805,,,
ＧｉＧＯ久居,三重県津市久居明神町字風早２５３４−１,三重県,10:00〜24:00,CHUNITHM、頭文字D THE ARCADE、maimai でらっくす、StarHorse4、オンゲキ、Wonderland Wars、初音ミク Project DIVA Arcade Future Tone、セガNET麻雀 MJ Arcade,514-1101,,https://location.am-all.net/alm/shop?gm=96&astep=0&sid=26411,34.6842047949535,136.466842795245,,ChIJy5jFQLANBGARcK0gPChR3t0,
ＧｉＧＯ桑名,三重県桑名市江場１５７８,三重県,10:00〜23:59,CHUNITHM、maimai でらっくす、オンゲキ,511-0836,,https://location.am-all.net/alm/shop?gm=96&astep=0&sid=18734,35.0531263,136.6824919,,ChIJKcLRDACbA2AR9IuRU7AAvQ4,
ｎａｍｃｏイオンモール鈴鹿店,三重県鈴鹿市庄野羽山４ー１ー２イオンモール鈴鹿２Ｆ,三重県,10:00〜21:00,CHUNITHM、maimai でらっくす,513-0834,,https://location.am-all.net/alm/shop?gm=96&astep=0&sid=25434,34.8715112162974,136.531686050926,,ChIJGUEEciOLA2AR8WyBMDVZeDg,
アピナ鈴鹿店,三重県鈴鹿市庄野羽山4-20-1イオンタウン鈴鹿2階,三重県,10:00〜24:00,英傑大戦、CHUNITHM、頭文字D THE ARCADE、maimai でらっくす、StarHorse4、ALL.Net P-ras MULTI バージョン３、オンゲキ、占いコレクション トロッテ、Wonderland Wars、セガNET麻雀 MJ Arcade,513-0834,,https://location.am-all.net/alm/shop?gm=96&astep=0&sid=22865,34.8721887795177,136.527046365047,,ChIJNSqTvzqLA2ARJT7dnRxEvwg,Google
アミパラ鈴鹿店,三重県鈴鹿市西条町字東澤430-1,三重県,10:00〜24:00,英傑大戦、CHUNITHM、頭文字D THE ARCADE、maimai でらっくす、StarHorse4、オンゲキ、Wonderland Wars、セガNET麻雀 MJ Arcade,513-0808,,https://location.am-all.net/alm/shop?gm=96&astep=0&sid=21323,34.875263768121,136.571143598703,,ChIJi7K0HUmKA2ARud1Bb3ppDio,
ＧｉＧＯアドバンスモール松阪,三重県松阪市田村町２３５−１,三重県,10:00〜24:00,totolu、英傑大戦、CHUNITHM、頭文字D THE ARCADE、maimai でらっくす、StarHorse4、オンゲキ、初音ミク Project DIVA Arcade Future Tone、セガNET麻雀 MJ Arcade,515-0055,,https://location.am-all.net/alm/shop?gm=96&astep=0&sid=26732,34.5538973748022,136.514660782031,,ChIJy8hm7zQVBGARKryivcrIzKY,
ＧｉＧＯ名張,三重県名張市希央台３番町１５,三重県,10:00〜24:00,totolu、CHUNITHM、頭文字D THE ARCADE、maimai でらっくす、StarHorse4、オンゲキ、Wonderland Wars、セガNET麻雀 MJ Arcade,518-0400,,https://location.am-all.net/alm/shop?gm=96&astep=0&sid=25177,34.6235067,136.1035133,,ChIJw7OQV9usBmARCFQl-rqd760,
ＧｉＧＯ伊勢,三重県伊勢市中須町６６６,三重県,10:00〜24:00,英傑大戦、CHUNITHM、頭文字D THE ARCADE、maimai でらっくす、StarHorse4、ALL.Net P-ras MULTI バージョン３、オンゲキ、Wonderland Wars、初音ミク Project DIVA Arcade Future Tone、セガNET麻雀 MJ Arcade,516-0053,,https://location.am-all.net/alm/shop?gm=96&astep=0&sid=23860,34.4921013,136.6780636,,ChIJxaHR1tBaBGARp7ZzrrwOTDc,
モーリーファンタジー伊勢ララパーク,三重県伊勢市小木町曽弥５３８　イオンタウン伊勢ララパーク２Ｆ,三重県,10:00〜21:00,頭文字D THE ARCADE、maimai でらっくす,516-0007,,https://location.am-all.net/alm/shop?gm=96&astep=0&sid=24335,34.5065191106269,136.722462040753,,ChIJ6dF5lEVaBGAREGgCqMlrvzc,Google
アソビックスゲームワールド,三重県三重郡朝日町小向181,三重県,09:30〜24:00,CHUNITHM、頭文字D THE ARCADE、maimai でらっくす、オンゲキ、StarHorse3 SeasonVII GREAT JOURNEY、Wonderland Wars、セガNET麻雀 MJ Arcade,510-8102,,https://location.am-all.net/alm/shop?gm=96&astep=0&sid=26887,35.0306354,136.6728597,,ChIJQQxpzlWFA2ARqr-AOMqsgHA,
ラウンドワンみえ川越インターチェンジ店,三重県三重郡川越町南福崎８５１−１,三重県,10:00〜23:50,StarHorseParty、NICO MAKE、英傑大戦、CHUNITHM、頭文字D THE ARCADE、maimai でらっくす、StarHorse4、オンゲキ、HOUSE OF THE DEAD: SCARLET DAWN、StarHorse3 SeasonVII GREAT JOURNEY、Wonderland Wars、セガNET麻雀 MJ Arcade,510-8124,,https://location.am-all.net/alm/shop?gm=96&astep=0&sid=25040,35.022901472177,136.683529919049,,ChIJh2bURUKFA2ARp-Bmb79ciA0,
ドリームキャンディ,三重県伊賀市小田町７１１−１,三重県,12:00〜24:00,totolu、英傑大戦、CHUNITHM、頭文字D THE ARCADE、maimai でらっくす、StarHorse4、ALL.Net P-ras MULTI バージョン３、オンゲキ、Wonderland Wars、セガNET麻雀 MJ Arcade,518-0825,,https://location.am-all.net/alm/shop?gm=96&astep=0&sid=27577,34.7752694,136.1227939,,ChIJ__8__7lQAWARSGp0lzxv3kE,Google
楽市楽座イオンモール東員店,三重県員弁郡東員町大字長深字築田５１０−１,三重県,10:00〜20:00,CHUNITHM、頭文字D THE ARCADE、maimai でらっくす、HOUSE OF THE DEAD: SCARLET DAWN,511-0255,,https://location.am-all.net/alm/shop?gm=96&astep=0&sid=22543,35.0617824409352,136.579355429491,,ChIJxdU8kPaTA2ARvo9cBu9K-c4,Google
ラウンドワン浜大津アーカス店,滋賀県大津市浜町２−１浜大津アーカス内,滋賀県,,StarHorseParty、NICO MAKE、英傑大戦、CHUNITHM、頭文字D THE ARCADE、maimai でらっくす、StarHorse4、オンゲキ、HOUSE OF THE DEAD: SCARLET DAWN、StarHorse3 SeasonVII GREAT JOURNEY、占いコレクション トロッテ,520-0041,,https://location.am-all.net/alm/shop?gm=96&astep=0&sid=21597,,,,,
滋賀レジャーランド大津店,滋賀県大津市におの浜３−１−４３　イオンタウンアヤハプラザ内,滋賀県,08:00〜23:55,英傑大戦、CHUNITHM、頭文字D THE ARCADE、maimai でらっくす、StarHorse4、ALL.Net P-ras MULTI バージョン３、オンゲキ、占いコレクション トロッテ、Wonderland Wars、初音ミク Project DIVA Arcade Future Tone,520-0801,,https://location.am-all.net/alm/shop?gm=96&astep=0&sid=20595,35.0039335,135.8834052,,ChIJy5l99uAMAWARHX5SOYMRdf4,Google
エースレーン堅田,滋賀県大津市今堅田２−４０−１０,滋賀県,10:00〜23:00,CHUNITHM、maimai でらっくす、ALL.Net P-ras MULTI バージョン３、オンゲキ、StarHorse3 SeasonVII GREAT JOURNEY、Wonderland Wars、セガNET麻雀 MJ Arcade,520-0241,,https://location.am-all.net/alm/shop?gm=96&astep=0&sid=24863,35.1246449,135.9194342,,ChIJu3YXYF91AWAR_rc37jVJV6Y,Google
ＧｉＧＯエイスクエア草津,滋賀県草津市西渋川１−２３−２３エイスクエアＳＡＲＡ南館２階,滋賀県,10:00〜22:00,英傑大戦、CHUNITHM、頭文字D THE ARCADE、maimai でらっくす、StarHorse4、オンゲキ、Wonderland Wars、セガNET麻雀 MJ Arcade,525-0025,,https://location.am-all.net/alm/shop?gm=96&astep=0&sid=29168,35.0242214,135.9597829,,ChIJe2HqREdyAWARX4r3U8C3nXM,
ACT草津ACTION,滋賀県草津市野路町1161-1,滋賀県,10:00〜24:00,英傑大戦、CHUNITHM、頭文字D THE ARCADE、lalamee、maimai でらっくす、StarHorse4、ALL.Net P-ras MULTI バージョン３、オンゲキ、Wonderland Wars,525-0055,,https://location.am-all.net/alm/shop?gm=96&astep=0&sid=26816,34.9991007259444,135.945903927509,,ChIJNY3dG3xyAWARLGWoM8QLTls,Google
アミパラ草津店,滋賀県草津市木川町72,滋賀県,10:00〜24:00,英傑大戦、CHUNITHM、頭文字D THE ARCADE、maimai でらっくす、StarHorse4,525-0051,,https://location.am-all.net/alm/shop?gm=96&astep=0&sid=21324,35.0200023,135.9431956,,ChIJIRe19FdyAWARbL1MMtJjixY,Google
ゲームランド草津店,滋賀県草津市新浜町３００番地イオンモール草津３階,滋賀県,,NICO MAKE、CHUNITHM、頭文字D THE ARCADE、maimai でらっくす、HOUSE OF THE DEAD: SCARLET DAWN,525-0067,,https://location.am-all.net/alm/shop?gm=96&astep=0&sid=24806,34.99784144301,135.917598434393,,,
ｎａｍｃｏビバシティ彦根店,滋賀県彦根市竹ケ鼻町４３ー１ビバシティ彦根２Ｆ,滋賀県,10:00〜21:00,cherrit、NICO MAKE、CHUNITHM、頭文字D THE ARCADE、maimai でらっくす、オンゲキ、HOUSE OF THE DEAD: SCARLET DAWN,522-0044,,https://location.am-all.net/alm/shop?gm=96&astep=0&sid=27478,35.2437061,136.2508666,,ChIJwa3ANPzUA2ARpHzr7L_YVbw,
彦根パスカ,滋賀県彦根市西沼波町１６６,滋賀県,09:00〜24:00,英傑大戦、CHUNITHM、頭文字D THE ARCADE、maimai でらっくす、StarHorse4、ALL.Net P-ras MULTI バージョン３、オンゲキ、Wonderland Wars、セガNET麻雀 MJ Arcade,522-0038,,https://location.am-all.net/alm/shop?gm=96&astep=0&sid=26757,35.2586299,136.2654728,,ChIJS4BsvezUA2ARSRntDFxqTVA,
タイトーＦステーションイオン近江八幡店,滋賀県近江八幡市鷹飼町南３−７　１階,滋賀県,10:00〜21:00,NICO MAKE、英傑大戦、CHUNITHM、頭文字D THE ARCADE、maimai でらっくす、Wonderland Wars,523-0891,,https://location.am-all.net/alm/shop?gm=96&astep=0&sid=22826,35.1218226760462,136.102973355542,,ChIJ152JMih7AWARFzNiuOiQTwc,Google
エースレーン近江八幡店,滋賀県近江八幡市出町７３６アクトビル１Ｆ,滋賀県,09:00〜24:00,CHUNITHM、頭文字D THE ARCADE、maimai でらっくす、StarHorse4、オンゲキ,523-0892,,https://location.am-all.net/alm/shop?gm=96&astep=0&sid=25722,35.1318688,136.1023034,,ChIJxafEzdB7AWAR1XkYH68Rbtw,
エースレーン守山,滋賀県守山市播磨田町２３１−４ＡＣＴ守山３番館内,滋賀県,09:00〜23:00,CHUNITHM、頭文字D THE ARCADE、maimai でらっくす、オンゲキ,524-0012,,https://location.am-all.net/alm/shop?gm=96&astep=0&sid=25021,35.0678892151174,135.995857709787,,ChIJ8VFLsWtxAWARLFMm-FyLEjg,Google
ふぇすたらんど守山店,滋賀県守山市播磨田町１８５番１号モリーブ守山２Ｆ,滋賀県,10:00〜20:00,NICO MAKE、CHUNITHM、maimai でらっくす,524-0012,,https://location.am-all.net/alm/shop?gm=96&astep=0&sid=22446,35.066592,135.9948736,,ChIJo99-WABxAWARu7iUHM8NZoM,
ＧｉＧＯ甲西,滋賀県湖南市夏見字二ツ橋３５６−１,滋賀県,10:00〜24:00,英傑大戦、CHUNITHM、頭文字D THE ARCADE、maimai でらっくす、StarHorse4、ALL.Net P-ras MULTI バージョン３、オンゲキ、Wonderland Wars、初音ミク Project DIVA Arcade Future Tone、セガNET麻雀 MJ Arcade,520-3223,,https://location.am-all.net/alm/shop?gm=96&astep=0&sid=29172,34.9949073358356,136.097213895831,,ChIJ788EoitkAWARlai1AW3jO9Q,
ラウンドワン京都河原町店,京都府京都市中京区河原町通三条下ル山崎町２５０,京都府,09:00〜23:50,cherrit、StarHorseParty、NICO MAKE、英傑大戦、CHUNITHM、頭文字D THE ARCADE、maimai でらっくす、StarHorse4、オンゲキ、HOUSE OF THE DEAD: SCARLET DAWN、StarHorse3 SeasonVII GREAT JOURNEY、占いコレクション トロッテ、Wonderland Wars、初音ミク Project DIVA Arcade Future Tone,604-8032,,https://location.am-all.net/alm/shop?gm=96&astep=0&sid=28635,35.0070243946178,135.768690190474,,ChIJ7QGJf5MIAWARvYFqYvRcfDs,
サープラ京都あそびタウン,京都府京都市中京区西ノ京栂尾町１０７,京都府,10:00〜23:00,CHUNITHM、maimai でらっくす、StarHorse4,604-8415,,https://location.am-all.net/alm/shop?gm=96&astep=0&sid=26000,35.0104305,135.7412456,,ChIJl27aF80HAWARdnUH6A7j-0A,Google
アミューズメントＣＵＥ京都円町店,京都府京都市中京区西ノ京西円町４０,京都府,10:00〜00:00,英傑大戦、CHUNITHM、頭文字D THE ARCADE、maimai でらっくす、ALL.Net P-ras MULTI バージョン３、オンゲキ、Wonderland Wars、セガNET麻雀 MJ Arcade,604-8465,,https://location.am-all.net/alm/shop?gm=96&astep=0&sid=18874,35.0188326,135.7311504,,ChIJ_cKISgAHAWAR7rNZ3sAtTAg,
ＧｉＧＯ　ＭＯＭＯテラス京都伏見,京都府京都市伏見区桃山町山ノ下３２　ＭＯＭＯテラス別館２Ｆ,京都府,10:00〜22:00,NICO MAKE、英傑大戦、CHUNITHM、頭文字D THE ARCADE、maimai でらっくす、StarHorse4、オンゲキ、HOUSE OF THE DEAD: SCARLET DAWN、Wonderland Wars、初音ミク Project DIVA Arcade Future Tone、セガNET麻雀 MJ Arcade,612-8002,,https://location.am-all.net/alm/shop?gm=96&astep=0&sid=29220,34.9373546797199,135.795122895106,,ChIJDxNBfDEOAWARwz3icx3s4nY,
ラウンドワン京都伏見店,京都府京都市伏見区下鳥羽平塚町１３１,京都府,10:00〜23:50,StarHorseParty、NICO MAKE、ビンゴシアター、英傑大戦、CHUNITHM、頭文字D THE ARCADE、maimai でらっくす、StarHorse4、オンゲキ,612-8387,,https://location.am-all.net/alm/shop?gm=96&astep=0&sid=26466,34.9359431825483,135.746320753442,,ChIJiR5hPXkFAWAREZBQksmhsIk,
プラサカプコン京都店,京都府京都市右京区西院追分町２５−１イオンモール京都五条３Ｆ,京都府,10:00〜22:00,cherrit、CHUNITHM、maimai でらっくす、オンゲキ,615-0035,,https://location.am-all.net/alm/shop?gm=96&astep=0&sid=26753,34.9974534,135.7273526,,ChIJZ7wbGEwGAWARcHkQdPl2zzs,Google
プレイランド京都店,京都府京都市右京区山ノ内池尻町1-1京都ファミリー3F,京都府,10:00〜21:00,maimai でらっくす,615-0072,,https://location.am-all.net/alm/shop?gm=96&astep=0&sid=22805,35.0046127,135.7208649,,ChIJn3C38K4HAWARSYsOyN8DKe4,Google
バンダイナムコＣｒｏｓｓＳｔｏｒｅ京都,京都市南区西九条鳥居口町イオンＭ京都ＳＡＫＵＲＡ館４階,京都府,10:00〜21:00,cherrit、英傑大戦、CHUNITHM、頭文字D THE ARCADE、maimai でらっくす、オンゲキ、HOUSE OF THE DEAD: SCARLET DAWN,601-8417,,https://location.am-all.net/alm/shop?gm=96&astep=0&sid=24284,34.9828149384342,135.754626170361,,ChIJET5BgKkIAWARbqau5iUUnF0,
楽市楽座イオンモール京都桂川店,京都府京都市南区久世高田町376-1イオンモール京都桂川店３階,京都府,10:00〜21:00,totolu、CHUNITHM、頭文字D THE ARCADE、maimai でらっくす,601-8211,,https://location.am-all.net/alm/shop?gm=96&astep=0&sid=21681,34.9633145140929,135.707719087311,,ChIJVaI5rIUGAWARGliwIdqI5UI,Google
パルケ上賀茂店,京都府京都市北区上賀茂西河原町１の１,京都府,12:00〜24:00,英傑大戦、CHUNITHM、頭文字D THE ARCADE、maimai でらっくす、オンゲキ、Wonderland Wars、セガNET麻雀 MJ Arcade,603-8036,,https://location.am-all.net/alm/shop?gm=96&astep=0&sid=25772,35.0669415,135.7460749,,ChIJRXiji1CpAWAR_HW06DJwf4A,Google
あそＶＩＶＡゲームセンター,京都府福知山市字堀小字上高田２１４６−１,京都府,10:00〜24:00,英傑大戦、CHUNITHM、頭文字D THE ARCADE、maimai でらっくす、ALL.Net P-ras MULTI バージョン３、オンゲキ、HOUSE OF THE DEAD: SCARLET DAWN、占いコレクション トロッテ、Wonderland Wars,620-0000,,https://location.am-all.net/alm/shop?gm=96&astep=0&sid=24448,35.2906139595762,135.133139576505,,ChIJ53CKOiEDAGARh25aZrbE2oc,Google
タイトーステーション 難波店,大阪府大阪市中央区難波千日前１５−１２,大阪府,09:00〜24:00,CHUNITHM、頭文字D THE ARCADE、maimai でらっくす,542-0075,,https://location.am-all.net/alm/shop?gm=96&astep=0&sid=24837,34.6633633,135.5031909,,ChIJwztH22vnAGARz3SN7JOgs_4,
ＧｉＧＯ大阪道頓堀本店,大阪府大阪市中央区道頓堀１丁目８番２２号道頓座ビル１〜３Ｆ,大阪府,09:00〜01:00,cherrit、CHUNITHM、頭文字D THE ARCADE、maimai でらっくす、オンゲキ、HOUSE OF THE DEAD: SCARLET DAWN、初音ミク Project DIVA Arcade Future Tone,542-0071,,https://location.am-all.net/alm/shop?gm=96&astep=0&sid=18818,34.6684903,135.501699,,ChIJK9UbMwDnAGAR4gWPTzxZFuU,
ラウンドワン千日前店,大阪府大阪市中央区難波１−３−１,大阪府,06:00〜24:50,cherrit、StarHorseParty、ビンゴシアター、英傑大戦、CHUNITHM、頭文字D THE ARCADE、maimai でらっくす、StarHorse4、オンゲキ、HOUSE OF THE DEAD: SCARLET DAWN、StarHorse3 SeasonVII GREAT JOURNEY、占いコレクション トロッテ,542-0076,,https://location.am-all.net/alm/shop?gm=96&astep=0&sid=23049,34.6675295,135.5027825,,ChIJqU3TtxTnAGARbMBactGzXDM,
ＧｉＧＯ難波アビオン,大阪府大阪市浪速区難波中２−３−１５　ＭＭＯビルＢ１Ｆ〜３Ｆ,大阪府,10:00〜23:30,英傑大戦、CHUNITHM、頭文字D THE ARCADE、maimai でらっくす、ALL.Net P-ras MULTI バージョン３、オンゲキ、Wonderland Wars、初音ミク Project DIVA Arcade Future Tone、セガNET麻雀 MJ Arcade,556-0011,,https://location.am-all.net/alm/shop?gm=96&astep=0&sid=29226,34.6627326708708,135.503311207935,,ChIJf1EXY2nnAGARN2otO_jFcKw,
ｎａｍｃｏなんばパークス店,大阪府大阪市浪速区難波中２ー１０ー７０　なんばパークス６Ｆ,大阪府,11:00〜22:00,maimai でらっくす,556-0011,,https://location.am-all.net/alm/shop?gm=96&astep=0&sid=25482,34.661614805418,135.501949603705,,ChIJLxikSWnnAGARANOR92TIJZ0,
タイトーステーション大阪日本橋店,大阪府大阪市浪速区日本橋４−９−１４,大阪府,10:00〜24:00,英傑大戦、CHUNITHM、頭文字D THE ARCADE、maimai でらっくす、ALL.Net P-ras MULTI バージョン３、オンゲキ、HOUSE OF THE DEAD: SCARLET DAWN、ALL.Net P-ras MULTI,556-0005,,https://location.am-all.net/alm/shop?gm=96&astep=0&sid=23077,34.6603931124344,135.506145557672,,ChIJ_ctgF2jnAGARHhfbFjsNi98,Google
ｎａｍｃｏ梅田店,大阪府大阪市北区小松原町３ー３ＯＳビル２Ｆ,大阪府,10:00〜00:00,cherrit、StarHorseParty、英傑大戦、CHUNITHM、頭文字D THE ARCADE、maimai でらっくす、ALL.Net P-ras MULTI バージョン３、オンゲキ、Wonderland Wars、初音ミク Project DIVA Arcade Future Tone,530-0018,,https://location.am-all.net/alm/shop?gm=96&astep=0&sid=26336,34.7027815174159,135.500396034254,,ChIJAVFIFZPmAGARkIfJNtCXhmY,
ラウンドワン梅田店,大阪府大阪市北区小松原町４−１６,大阪府,06:00〜24:50,StarHorseParty、NICO MAKE、英傑大戦、CHUNITHM、頭文字D THE ARCADE、maimai でらっくす、StarHorse4、オンゲキ、HOUSE OF THE DEAD: SCARLET DAWN、StarHorse3 SeasonVII GREAT JOURNEY、占いコレクション トロッテ,530-0018,,https://location.am-all.net/alm/shop?gm=96&astep=0&sid=24146,34.7030460353365,135.501068180986,,ChIJjcj6Z5PmAGARw2yhVbsJDik,
ＭＦ　ＬＩＮＫＳ　ＵＭＥＤＡ,大阪府大阪市北区大深町４−８ヨドバシカメラＬＩＮＫＳ梅田店内,大阪府,10:00〜21:00,CHUNITHM、頭文字D THE ARCADE、maimai でらっくす,530-0011,,https://location.am-all.net/alm/shop?gm=96&astep=0&sid=20000,34.7031452,135.4947306,,ChIJUwBXTtXnAGARFaNtxBahdL0,Google
ＧｉＧＯ東梅田,大阪府大阪市北区堂山町９−２８,大阪府,10:00〜23:30,英傑大戦、CHUNITHM、頭文字D THE ARCADE、maimai でらっくす、StarHorse4、オンゲキ、初音ミク Project DIVA Arcade Future Tone、セガNET麻雀 MJ Arcade,530-0027,,https://location.am-all.net/alm/shop?gm=96&astep=0&sid=29223,34.7031007,135.5039563,,ChIJX76HKuvmAGARKtQtReGDNNA,
ＧｉＧＯあべのアポロ３Ｆ,大阪府大阪市阿倍野区阿倍野筋１‐５‐３１　アポロビル３Ｆ,大阪府,10:00〜24:00,英傑大戦、CHUNITHM、頭文字D THE ARCADE、maimai でらっくす、StarHorse4、オンゲキ、HOUSE OF THE DEAD: SCARLET DAWN、Wonderland Wars、セガNET麻雀 MJ Arcade,545-0052,,https://location.am-all.net/alm/shop?gm=96&astep=0&sid=29214,34.6465681,135.5117823,,ChIJbSKFnPHdAGARJdUzLNOEKmQ,
ＧｉＧＯ今福,大阪府大阪市城東区今福東１−９−３４,大阪府,10:00〜24:00,英傑大戦、CHUNITHM、頭文字D THE ARCADE、maimai でらっくす、StarHorse4、ALL.Net P-ras MULTI バージョン３、オンゲキ、HOUSE OF THE DEAD: SCARLET DAWN、Wonderland Wars、初音ミク Project DIVA Arcade Future Tone、セガNET麻雀 MJ Arcade、ALL.Net P-ras MULTI,536-0002,,https://location.am-all.net/alm/shop?gm=96&astep=0&sid=29191,34.7009266,135.5574414,,ChIJX5fupvDgAGARk-BPMBwkcjc,
ラウンドワン城東放出店,大阪府大阪市城東区今福南3-4-38,大阪府,10:00〜23:50,StarHorseParty、NICO MAKE、英傑大戦、CHUNITHM、頭文字D THE ARCADE、maimai でらっくす、StarHorse4、オンゲキ、HOUSE OF THE DEAD: SCARLET DAWN、StarHorse3 SeasonVII GREAT JOURNEY,536-0003,,https://location.am-all.net/alm/shop?gm=96&astep=0&sid=26066,34.6964966,135.5593162,,ChIJSRaxavTgAGARbhhjlE3gHCY,
楽市楽座イオンモール大阪ドーム店,大阪府大阪市西区千代崎３−１３−１,大阪府,10:00〜21:00,CHUNITHM、頭文字D THE ARCADE、maimai でらっくす、HOUSE OF THE DEAD: SCARLET DAWN,550-0023,,https://location.am-all.net/alm/shop?gm=96&astep=0&sid=22744,34.6708752501776,135.477633750787,,ChIJtYOWdbLnAGARzMxXg-riSrc,Google
ラウンドワン東淀川店,大阪府大阪市東淀川区菅原７−１４−２８,大阪府,10:00〜23:50,StarHorseParty、NICO MAKE、英傑大戦、CHUNITHM、頭文字D THE ARCADE、maimai でらっくす、StarHorse4、オンゲキ、StarHorse3 SeasonVII GREAT JOURNEY,533-0022,,https://location.am-all.net/alm/shop?gm=96&astep=0&sid=28633,34.7427577,135.5250375,,ChIJHbQ7J_bjAGAR5CDFfvIGNm0,
ｎａｍｃｏマグスミノエ店,大阪府大阪市住之江区泉１−１−８２マグスミノエ１Ｆ,大阪府,10:00〜24:00,英傑大戦、CHUNITHM、maimai でらっくす、StarHorse4、セガNET麻雀 MJ Arcade,559-0023,,https://location.am-all.net/alm/shop?gm=96&astep=0&sid=27033,34.6099943693421,135.468288039812,,ChIJCcuNjD3dAGARYolOXQ72AuI,
ザ・インドアゲーム,大阪府大阪市旭区中宮5-6-19大阪工大正門前,大阪府,09:00〜24:00,CHUNITHM、maimai でらっくす、オンゲキ、初音ミク Project DIVA Arcade Future Tone,535-0003,,https://location.am-all.net/alm/shop?gm=96&astep=0&sid=27547,34.7295402,135.544025,,ChIJE9x6oELhAGARWNfDDy-ra60,
ｎａｍｃｏイオンモール鶴見緑地店,大阪府大阪市鶴見区鶴見４ー１７ー１ー４２１イオンモール４Ｆ,大阪府,10:00〜22:00,CHUNITHM、maimai でらっくす,538-0053,,https://location.am-all.net/alm/shop?gm=96&astep=0&sid=25484,34.7041877191851,135.566827311114,,ChIJ7fX_kVngAGAR9qNQJmbDLmI,
ＧｉＧＯ布施,大阪府東大阪市長堂１−１−１ロンモール布施内,大阪府,10:00〜24:00,ビンゴシアター、英傑大戦、CHUNITHM、頭文字D THE ARCADE、maimai でらっくす、StarHorse4、ALL.Net P-ras MULTI バージョン３、オンゲキ、HOUSE OF THE DEAD: SCARLET DAWN、占いコレクション トロッテ、Wonderland Wars、初音ミク Project DIVA Arcade Future Tone、セガNET麻雀 MJ Arcade,577-0056,,https://location.am-all.net/alm/shop?gm=96&astep=0&sid=29225,34.664111012927,135.562744872877,,ChIJpUCRTTPeAGARqmaRWr80ios,
ラウンドワン東大阪店,大阪府東大阪市若江南町１−２−１２,大阪府,10:00〜23:50,StarHorseParty、ビンゴシアター、英傑大戦、CHUNITHM、頭文字D THE ARCADE、maimai でらっくす、StarHorse4、オンゲキ、StarHorse3 SeasonVII GREAT JOURNEY,578-0943,,https://location.am-all.net/alm/shop?gm=96&astep=0&sid=28652,34.6530441,135.6063264,,ChIJcwNsuYQgAWARSZiMRvCeiSU,
ＧｉＧＯフレスポ東大阪,大阪府東大阪市稲田新町３−９−６４,大阪府,10:00〜23:00,CHUNITHM、maimai でらっくす、StarHorse4、オンゲキ,577-0004,,https://location.am-all.net/alm/shop?gm=96&astep=0&sid=24287,34.6907942588468,135.591318768787,,ChIJN6Pl4QfgAGAR6Lhfsj-ZLyM,
トップラン東大阪,大阪府東大阪市東鴻池町１−６−３０イオンタウン東大阪店２Ｆ,大阪府,10:00〜20:00,NICO MAKE、英傑大戦、CHUNITHM、頭文字D THE ARCADE、maimai でらっくす、ALL.Net P-ras MULTI バージョン３、オンゲキ、占いコレクション トロッテ、初音ミク Project DIVA Arcade Future Tone、セガNET麻雀 MJ Arcade、ALL.Net P-ras MULTI,578-0973,,https://location.am-all.net/alm/shop?gm=96&astep=0&sid=21189,34.6938172,135.6175909,,ChIJn12mkTQhAWARWeQfWuTsAcs,Google
ラウンドワン守口店,大阪府守口市佐太東町２−６−１４ジャガーグリーン２Ｆ,大阪府,10:00〜23:50,StarHorseParty、NICO MAKE、ビンゴシアター、英傑大戦、CHUNITHM、頭文字D THE ARCADE、maimai でらっくす、StarHorse4、オンゲキ、StarHorse3 SeasonVII GREAT JOURNEY、初音ミク Project DIVA Arcade Future Tone,570-0017,,https://location.am-all.net/alm/shop?gm=96&astep=0&sid=28662,34.7560954622984,135.58853144631,,ChIJsQc22vbhAGARxhXNuTabrwU,
バンダイナムコＣｒｏｓｓＳｔｏｒｅ大日店,大阪府守口市大日東町１ー１８イオンモール大日４Ｆ,大阪府,10:00〜22:00,CHUNITHM、maimai でらっくす,570-0016,,https://location.am-all.net/alm/shop?gm=96&astep=0&sid=25483,34.7486883,135.5802852,,ChIJHfRCGo3hAGARK3yZ0cLmx_c,
関大前フタバボウル,大阪府吹田市千里山東１−７−１８,大阪府,09:00〜02:00,CHUNITHM、頭文字D THE ARCADE、maimai でらっくす、オンゲキ、StarHorse3 SeasonVII GREAT JOURNEY,565-0842,,https://location.am-all.net/alm/shop?gm=96&astep=0&sid=26497,34.7728868,135.5062606,,ChIJhddiLOvkAGARtWT8aFRk0Hc,Google
ENTERTAINMENT FIELD ららぽーとEXPOCITY店,大阪府吹田市千里万博公園２−１ららぽーとＥＸＰＯＣＩＴＹ３Ｆ,大阪府,10:00〜20:00,CHUNITHM、maimai でらっくす,565-0826,,https://location.am-all.net/alm/shop?gm=96&astep=0&sid=21211,34.8054029,135.5354552,,ChIJx_dJb03jAGARU7TEM0VNJRo,Google
トムソーヤのなかまたち岸和田店,大阪府岸和田市港緑町2-1岸和田ｶﾝｶﾝﾍﾞｲｻｲﾄﾞﾓｰﾙEAST棟2階,大阪府,,頭文字D THE ARCADE、maimai でらっくす,596-0014,,https://location.am-all.net/alm/shop?gm=96&astep=0&sid=20376,,,,,
星狩物語岸和田店,大阪府岸和田市作才町1-3-2,大阪府,10:00〜24:00,英傑大戦、CHUNITHM、maimai でらっくす、ALL.Net P-ras MULTI バージョン３,596-0826,,https://location.am-all.net/alm/shop?gm=96&astep=0&sid=28392,34.4544936,135.3850002,,,
ラウンドワン岸和田店,大阪府岸和田市八阪町２−１１−１,大阪府,10:00〜23:50,StarHorseParty、NICO MAKE、英傑大戦、CHUNITHM、頭文字D THE ARCADE、maimai でらっくす、StarHorse4、オンゲキ、StarHorse3 SeasonVII GREAT JOURNEY、セガNET麻雀 MJ Arcade,596-0049,,https://location.am-all.net/alm/shop?gm=96&astep=0&sid=24775,34.4565318,135.3885664,,ChIJtSO2f_bFAGARM_mezdBKDI4,
ラウンドワン堺駅前店,大阪府堺市堺区戎島町4-44-3,大阪府,10:00〜23:50,StarHorseParty、NICO MAKE、英傑大戦、CHUNITHM、頭文字D THE ARCADE、maimai でらっくす、StarHorse4、オンゲキ、HOUSE OF THE DEAD: SCARLET DAWN,590-0985,,https://location.am-all.net/alm/shop?gm=96&astep=0&sid=25956,34.5834551,135.4684377,,ChIJ2TY63sHcAGARwrcNf8IgZOE,
SOYU GAME FIELD堺鉄砲町店,大阪府堺市堺区鉄砲町1番地イオンモール堺鉄砲町3F,大阪府,10:00〜21:00,CHUNITHM、maimai でらっくす、オンゲキ,590-0905,,https://location.am-all.net/alm/shop?gm=96&astep=0&sid=21081,34.5940463394543,135.481208639426,,ChIJD4ploPDcAGARgRWatLt8F0o,Google
ｎａｍｃｏアリオ鳳店,大阪府堺市西区鳳南町３ー１９９ー１２アリオ鳳アリオモール３Ｆ,大阪府,10:00〜21:00,NICO MAKE、CHUNITHM、頭文字D THE ARCADE、maimai でらっくす,593-8325,,https://location.am-all.net/alm/shop?gm=96&astep=0&sid=24976,34.5247853214315,135.459339838098,,ChIJi1UA1SfbAGARAqfAVEYNcNY,
ラウンドワン堺中央環状店,大阪府堺市東区石原町２−２４１,大阪府,09:00〜23:50,StarHorseParty、ビンゴシアター、英傑大戦、CHUNITHM、頭文字D THE ARCADE、maimai でらっくす、StarHorse4、オンゲキ、HOUSE OF THE DEAD: SCARLET DAWN、StarHorse3 SeasonVII GREAT JOURNEY、占いコレクション トロッテ、Wonderland Wars,599-8102,,https://location.am-all.net/alm/shop?gm=96&astep=0&sid=26271,34.5569759,135.5365126,,ChIJI1ZZcp3ZAGARuh1AzqC1crI,
ラウンドワン高槻店,大阪府高槻市辻子３−６−４,大阪府,09:00〜23:50,StarHorseParty、NICO MAKE、ビンゴシアター、英傑大戦、CHUNITHM、頭文字D THE ARCADE、maimai でらっくす、StarHorse4、オンゲキ、HOUSE OF THE DEAD: SCARLET DAWN、StarHorse3 SeasonVII GREAT JOURNEY、セガNET麻雀 MJ Arcade,569-0036,,https://location.am-all.net/alm/shop?gm=96&astep=0&sid=26366,34.8326157,135.6300541,,ChIJI9o0oiIdAWARgMkiLuEvr1k,
ゲームフェイス八尾店,大阪府八尾市天王寺屋2-68,大阪府,10:00〜06:00,NICO MAKE、英傑大戦、CHUNITHM、頭文字D THE ARCADE、maimai でらっくす、オンゲキ,581-0025,,https://location.am-all.net/alm/shop?gm=96&astep=0&sid=28528,34.6039833,135.6123516,,ChIJYWJfAG8nAWARjOdZeYVAFx4,
タイトーステーション アリオ八尾店,大阪府八尾市光町２−３　イトーヨーカドーアリオ八尾３Ｆ,大阪府,10:00〜22:00,cherrit、CHUNITHM、頭文字D THE ARCADE、maimai でらっくす,581-0803,,https://location.am-all.net/alm/shop?gm=96&astep=0&sid=25299,34.6325080428674,135.605759826984,,ChIJoyCLKa8gAWARlZitVR95K1k,Google
ＧｉＧＯ新三国アルゴ７,大阪府豊中市神州町１−１５,大阪府,10:00〜24:00,英傑大戦、CHUNITHM、頭文字D THE ARCADE、maimai でらっくす、StarHorse4、オンゲキ、Wonderland Wars、セガNET麻雀 MJ Arcade,561-0823,,https://location.am-all.net/alm/shop?gm=96&astep=0&sid=22698,34.7386679,135.4794168,,ChIJd8V1Cq_lAGAR6xVF0GwAoRw,
ラウンドワン豊中店,大阪府豊中市名神口１−１−１,大阪府,08:00〜06:00,StarHorseParty、英傑大戦、CHUNITHM、頭文字D THE ARCADE、maimai でらっくす、StarHorse4、オンゲキ、StarHorse3 SeasonVII GREAT JOURNEY,561-0841,,https://location.am-all.net/alm/shop?gm=96&astep=0&sid=28665,34.7574026419071,135.465657819049,,ChIJg85RxEHlAGARt0uYIY9IQUk,Google
ＧｉＧＯ枚方,大阪府枚方市須山町８３−１サンシャインプラザ枚方内,大阪府,10:00〜24:00,英傑大戦、CHUNITHM、頭文字D THE ARCADE、maimai でらっくす、StarHorse4、ALL.Net P-ras MULTI バージョン３、オンゲキ、Wonderland Wars、初音ミク Project DIVA Arcade Future Tone、セガNET麻雀 MJ Arcade,573-1164,,https://location.am-all.net/alm/shop?gm=96&astep=0&sid=29190,34.8196428,135.6755727,,ChIJ9yNZdnUcAWARwVjrFtWyOJE,
モンキートリック,大阪府寝屋川市香里南之町32-5　YNレジデンス香里2F,大阪府,10:00〜24:00,英傑大戦、CHUNITHM、頭文字D THE ARCADE、maimai でらっくす、ALL.Net P-ras MULTI バージョン３、オンゲキ、Wonderland Wars、セガNET麻雀 MJ Arcade,572-0084,,https://location.am-all.net/alm/shop?gm=96&astep=0&sid=26996,34.783475342355,135.628862559525,,ChIJKfPRCNodAWAR6aT3wbfieHE,
ＧｉＧＯビバモール寝屋川,大阪府寝屋川市寝屋南２−２２−２ビバモール寝屋川モール棟２Ｆ,大阪府,10:00〜24:00,CHUNITHM、頭文字D THE ARCADE、maimai でらっくす、オンゲキ、初音ミク Project DIVA Arcade Future Tone,572-0855,,https://location.am-all.net/alm/shop?gm=96&astep=0&sid=24005,34.7657720396018,135.650653569312,,ChIJr6xGKeweAWARmL_n0SZJn90,
ＹＡＺ寝屋川店,大阪府寝屋川市石津中町25-26,大阪府,10:00〜24:00,英傑大戦、CHUNITHM、頭文字D THE ARCADE、maimai でらっくす、StarHorse4、ALL.Net P-ras MULTI バージョン３、オンゲキ、Wonderland Wars,572-0026,,https://location.am-all.net/alm/shop?gm=96&astep=0&sid=23199,34.7802772,135.6194363,,ChIJr9z40N0dAWARYkLgeVDVIYI,Google
アミパラ大東店,大阪府大東市南新田２丁目３番５号,大阪府,10:00〜24:00,CHUNITHM、maimai でらっくす、StarHorse4、オンゲキ,574-0023,,https://location.am-all.net/alm/shop?gm=96&astep=0&sid=20132,34.7011363065727,135.638596963229,,ChIJAWVmC5ohAWARfR9ZxTCaKpo,Google
あそＶＩＶＡ阪急茨木店,大阪府茨木市永代町６−２スポーツプラザ茨木２Ｆ,大阪府,09:00〜24:00,英傑大戦、CHUNITHM、頭文字D THE ARCADE、maimai でらっくす、ALL.Net P-ras MULTI バージョン３、オンゲキ、Wonderland Wars、セガNET麻雀 MJ Arcade,567-0816,,https://location.am-all.net/alm/shop?gm=96&astep=0&sid=19973,34.8179736,135.5763883,,ChIJnRdn_4fjAGARwEwOn4j7oCg,Google
ＦｅｅｄｙＤｉｎｅｒ＆Ａｒｃａｄｅ茨木,大阪府茨木市松ケ本町８ー３０ー５　イオンＳＣ４Ｆ,大阪府,09:00〜22:00,ビンゴシアター、CHUNITHM、頭文字D THE ARCADE、maimai でらっくす、オンゲキ、HOUSE OF THE DEAD: SCARLET DAWN,567-0033,,https://location.am-all.net/alm/shop?gm=96&astep=0&sid=25734,34.810615223375,135.558538461377,,ChIJ23EMpbbjAGAR2PjwC3eMG8A,
SOYUGameFieldみのおキューズモール店,大阪府箕面市西宿１−１５−３０みのおキューズモールＣ棟２階,大阪府,10:00〜20:00,CHUNITHM、maimai でらっくす、オンゲキ,562-0034,,https://location.am-all.net/alm/shop?gm=96&astep=0&sid=19756,34.8330133,135.4894015,,ChIJnSMd9HT7AGARusxqBcs-gfU,
ＧｉＧＯ和泉,大阪府和泉市肥子町２−４−４１,大阪府,10:00〜24:00,英傑大戦、CHUNITHM、頭文字D THE ARCADE、maimai でらっくす、StarHorse4、ALL.Net P-ras MULTI バージョン３、オンゲキ、Wonderland Wars、セガNET麻雀 MJ Arcade,594-0076,,https://location.am-all.net/alm/shop?gm=96&astep=0&sid=27069,34.4867343,135.4180002,,ChIJefydvwzFAGARd6wEdUXggZY,
アミパラ光明池店,大阪府和泉市室堂町８２４−３６,大阪府,10:00〜23:00,NICO MAKE、英傑大戦、CHUNITHM、頭文字D THE ARCADE、maimai でらっくす、オンゲキ,594-1101,,https://location.am-all.net/alm/shop?gm=96&astep=0&sid=19412,34.4717247,135.4765921,,ChIJJVJVkUTQAGARncRMmeG6Gow,Google
ラウンドワンららぽーと和泉店,大阪府和泉市あゆみ野４−４−７　４階　４２１００番,大阪府,10:00〜23:50,StarHorseParty、CHUNITHM、maimai でらっくす、StarHorse4、オンゲキ,594-1157,,https://location.am-all.net/alm/shop?gm=96&astep=0&sid=21598,34.4356803,135.4479088,,ChIJq57ZsCfOAGARpq6LA0OnToU,
プラサカプコン藤井寺,大阪府藤井寺市岡２丁目１０番１１号イオン藤井寺ＳＣ２Ｆ,大阪府,10:00〜20:00,CHUNITHM、maimai でらっくす、オンゲキ,583-0027,,https://location.am-all.net/alm/shop?gm=96&astep=0&sid=20026,34.5739493,135.5931971,,ChIJhySxDRLZAGARWvaKI10-MlQ,Google
フタバボウル泉大津店,大阪府泉大津市松之浜町１−２−５３,大阪府,10:00〜03:00,CHUNITHM、頭文字D THE ARCADE、maimai でらっくす、オンゲキ、StarHorse3 SeasonVII GREAT JOURNEY,595-0072,,https://location.am-all.net/alm/shop?gm=96&astep=0&sid=25435,34.510858318476,135.415627198148,,ChIJ3Rdv3fnEAGARq4XS349Tymw,Google
タイトーFステーションりんくうシークル店,大阪府泉佐野市りんくう往来南３,大阪府,10:00〜22:00,NICO MAKE、maimai でらっくす、オンゲキ,598-0047,,https://location.am-all.net/alm/shop?gm=96&astep=0&sid=20059,34.4100218,135.2986529,,ChIJr0nH1g-3AGARTTWR1dmydZY,Google
楽市楽座イオンモール四條畷店,大阪府四條畷市砂4-3-2イオンモール四條畷店3F,大阪府,10:00〜21:00,CHUNITHM、頭文字D THE ARCADE、maimai でらっくす、オンゲキ、HOUSE OF THE DEAD: SCARLET DAWN,575-0001,,https://location.am-all.net/alm/shop?gm=96&astep=0&sid=21202,34.7463611,135.6292494,,ChIJcbgUdFIeAWAR4jm_7E2BAuI,Google
ＧｉＧＯ三宮北口,兵庫県神戸市中央区北長狭通一丁目８番１号,兵庫県,10:00〜23:30,英傑大戦、CHUNITHM、頭文字D THE ARCADE、maimai でらっくす、オンゲキ,650-0012,,https://location.am-all.net/alm/shop?gm=96&astep=0&sid=18786,34.6931201,135.1921928,,ChIJMQxZFACPAGAR_xDMCG4oq3o,
タイトーＦステーション三宮西館店,兵庫県神戸市中央区三宮町２丁目１１−１センタープラザ西館,兵庫県,10:00〜21:00,CHUNITHM、maimai でらっくす,650-0021,,https://location.am-all.net/alm/shop?gm=96&astep=0&sid=21273,34.6911162,135.1911671,,ChIJVVWVpfyOAGAR5yBKT9fDT4w,Google
遊スペース マジカル,兵庫県神戸市中央区琴ノ緒町５−２−３,兵庫県,09:00〜24:00,英傑大戦、CHUNITHM、頭文字D THE ARCADE、maimai でらっくす、ALL.Net P-ras MULTI バージョン３、オンゲキ、Wonderland Wars,651-0094,,https://location.am-all.net/alm/shop?gm=96&astep=0&sid=28695,34.6955046,135.1950389,,ChIJgUKjDOWOAGARUjFYxJSHfpU,
ＧｉＧＯ神戸ｕｍｉｅモザイク,兵庫県神戸市中央区東川崎町１ー６ー１神戸モザイク３Ｆ,兵庫県,10:00〜22:00,CHUNITHM、maimai でらっくす、HOUSE OF THE DEAD: SCARLET DAWN,650-0444,,https://location.am-all.net/alm/shop?gm=96&astep=0&sid=22358,34.6799071,135.1844019,,ChIJFVQGgQCPAGARtFFej-vg2AM,
ＧｉＧＯ神戸ｕｍｉｅサウスモール,兵庫県神戸市中央区東川崎町１ー７−２ダイヤニッセイビル４Ｆ,兵庫県,10:00〜21:00,CHUNITHM、頭文字D THE ARCADE、maimai でらっくす、オンゲキ,650-0044,,https://location.am-all.net/alm/shop?gm=96&astep=0&sid=22798,34.6792583231072,135.182707914294,,ChIJpyQ0rwCPAGARkCLre-MGRAI,
ラウンドワン三宮駅前店,兵庫県神戸市中央区小野柄通6-1-17,兵庫県,10:00〜23:50,StarHorseParty、totolu、英傑大戦、CHUNITHM、頭文字D THE ARCADE、maimai でらっくす、StarHorse4、オンゲキ、HOUSE OF THE DEAD: SCARLET DAWN、StarHorse3 SeasonVII GREAT JOURNEY,651-0088,,https://location.am-all.net/alm/shop?gm=96&astep=0&sid=28442,34.6939326,135.1973748,,ChIJ_wLKF_COAGARaA1pmeQdD8g,
トップラン岩岡,兵庫県神戸市西区岩岡町古郷１４７４−１,兵庫県,10:30〜23:00,NICO MAKE、英傑大戦、CHUNITHM、頭文字D THE ARCADE、maimai でらっくす、StarHorse4、ALL.Net P-ras MULTI バージョン３、オンゲキ、HOUSE OF THE DEAD: SCARLET DAWN、StarHorse3 SeasonVII GREAT JOURNEY、占いコレクション トロッテ、Wonderland Wars、初音ミク Project DIVA Arcade Future Tone、セガNET麻雀 MJ Arcade,651-2404,,https://location.am-all.net/alm/shop?gm=96&astep=0&sid=22857,34.7176826,134.9289029,,ChIJzdZ63-DVVDURyOukhz0DiGU,Google
遊スペース アローズ,兵庫県神戸市西区丸塚２丁目９−１８,兵庫県,10:00〜,NICO MAKE、英傑大戦、CHUNITHM、頭文字D THE ARCADE、maimai でらっくす、StarHorse4、オンゲキ、HOUSE OF THE DEAD: SCARLET DAWN、セガNET麻雀 MJ Arcade,651-2143,,https://location.am-all.net/alm/shop?gm=96&astep=0&sid=27307,34.6791423,134.9829518,,ChIJPSw4FwDVVDURoR74gTbcfwQ,
ＧｉＧＯフェニックスプラザ摩耶,兵庫県神戸市灘区味泥町６−１フェニックスプラザ１Ｆ,兵庫県,10:00〜24:00,英傑大戦、CHUNITHM、頭文字D THE ARCADE、maimai でらっくす、StarHorse4、オンゲキ、Wonderland Wars、セガNET麻雀 MJ Arcade,657-0851,,https://location.am-all.net/alm/shop?gm=96&astep=0&sid=22365,34.704051,135.2280184,,ChIJAQAA5yuMAGARblEnzNyHoXE,
楽市楽座イオンモール神戸北店,兵庫県神戸市北区上津台８−１−１,兵庫県,10:00〜21:00,CHUNITHM、頭文字D THE ARCADE、maimai でらっくす,651-1515,,https://location.am-all.net/alm/shop?gm=96&astep=0&sid=24060,34.8600756,135.1942047,,ChIJt4Lik4djAGAR8xIre3KYt64,Google
アミパラ垂水店,兵庫県神戸市垂水区名谷町字室山１４００−１８,兵庫県,10:00〜24:00,英傑大戦、CHUNITHM、頭文字D THE ARCADE、maimai でらっくす、StarHorse4、ALL.Net P-ras MULTI バージョン３、オンゲキ,655-0852,,https://location.am-all.net/alm/shop?gm=96&astep=0&sid=24957,34.6645303977195,135.066788032819,,ChIJZU2sNleBAGARwS6GLaY89rk,Google
ＧｉＧＯイオンモール姫路リバーシティー,兵庫県姫路市飾磨区細江２５６０番地,兵庫県,10:00〜21:00,CHUNITHM、maimai でらっくす、オンゲキ、HOUSE OF THE DEAD: SCARLET DAWN,672-8064,,https://location.am-all.net/alm/shop?gm=96&astep=0&sid=18736,34.7981195,134.6686313,,ChIJRZYhZQDhVDURQ4WGh0jiyDg,
ラウンドワン姫路飾磨店,兵庫県姫路市飾磨区中島１−２５４,兵庫県,10:00〜23:50,StarHorseParty、英傑大戦、CHUNITHM、頭文字D THE ARCADE、maimai でらっくす、StarHorse4、オンゲキ、StarHorse3 SeasonVII GREAT JOURNEY、Wonderland Wars,672-8035,,https://location.am-all.net/alm/shop?gm=96&astep=0&sid=24920,34.7923295,134.6870919,,ChIJeeED-r3gVDURz4FvN9TvrnQ,
ＧｉＧＯ姫路駅前,兵庫県姫路市駅前町２５４姫路ＯＳビルＢ１Ｆ,兵庫県,10:00〜24:00,英傑大戦、CHUNITHM、頭文字D THE ARCADE、maimai でらっくす、オンゲキ、Wonderland Wars、セガNET麻雀 MJ Arcade,670-0927,,https://location.am-all.net/alm/shop?gm=96&astep=0&sid=29200,34.8288891,134.6911463,,ChIJY9REeBLgVDURIHkY6aXOjK4,
ふぇすたらんど広畑店,兵庫県姫路市広畑区吾妻町3-29-2,兵庫県,09:30〜20:00,CHUNITHM、maimai でらっくす,671-1154,,https://location.am-all.net/alm/shop?gm=96&astep=0&sid=23722,34.7952504,134.6197844,,ChIJ4yzScxvkVDURaJWVhCLc2o4,Google
アピナ姫路店,兵庫県姫路市東郷町１４５４−３姫路リオス２階,兵庫県,10:00〜24:00,NICO MAKE、英傑大戦、CHUNITHM、頭文字D THE ARCADE、maimai でらっくす、StarHorse4、オンゲキ、初音ミク Project DIVA Arcade Future Tone,670-0821,,https://location.am-all.net/alm/shop?gm=96&astep=0&sid=20196,34.8269676,134.7151601,,ChIJV4b2iZrfVDURgpHwqpCKltk,Google
ＧｉＧＯつかしん,兵庫県尼崎市塚口本町４−８−１つかしん内,兵庫県,10:00〜22:00,英傑大戦、CHUNITHM、頭文字D THE ARCADE、maimai でらっくす、StarHorse4、オンゲキ、Wonderland Wars、初音ミク Project DIVA Arcade Future Tone、セガNET麻雀 MJ Arcade,661-0001,,https://location.am-all.net/alm/shop?gm=96&astep=0&sid=29196,34.7618838,135.4180485,,ChIJsR0bPS7wAGARmZyGGPBpzzs,
ラウンドワンＪＲ尼崎駅前店,兵庫県尼崎市潮江１−４−５プラストいきいき館４階,兵庫県,08:00〜06:00,NICO MAKE、CHUNITHM、頭文字D THE ARCADE、maimai でらっくす、オンゲキ,661-0976,,https://location.am-all.net/alm/shop?gm=96&astep=0&sid=28645,34.7334158491698,135.432971920902,,ChIJP6lvm5fvAGARqkQEhFtieZ8,Google
ジョイプラザ豊岡店,兵庫県豊岡市加広町７−３２コープデイズ豊岡内,兵庫県,10:00〜22:00,NICO MAKE、totolu、英傑大戦、CHUNITHM、頭文字D THE ARCADE、maimai でらっくす、ALL.Net P-ras MULTI バージョン３、HOUSE OF THE DEAD: SCARLET DAWN,668-0023,,https://location.am-all.net/alm/shop?gm=96&astep=0&sid=28916,35.5508414,134.8163318,,ChIJfWbutj3E_18R8cLTuT8hnT4,Google
ＧｉＧＯ明石,兵庫県明石市魚住町清水２４６４−１,兵庫県,10:00〜24:00,英傑大戦、CHUNITHM、頭文字D THE ARCADE、maimai でらっくす、StarHorse4、ALL.Net P-ras MULTI バージョン３、オンゲキ、Wonderland Wars、セガNET麻雀 MJ Arcade、ALL.Net P-ras MULTI,674-0074,,https://location.am-all.net/alm/shop?gm=96&astep=0&sid=29218,34.7200565342468,134.896832046033,,ChIJh7cnoVrWVDURAdkAISmrAbU,
モーリーファンタジー明石店,兵庫県明石市大久保町ゆりのき通り３−３−１イオン明石３番街３Ｆ,兵庫県,09:00〜22:00,CHUNITHM、頭文字D THE ARCADE、maimai でらっくす、オンゲキ,674-0068,,https://location.am-all.net/alm/shop?gm=96&astep=0&sid=22808,34.6786238963602,134.93512363373,,ChIJXdTiGT3UVDURW56VNo5yg_E,Google
タイトーＦステーションアスピア明石店,兵庫県明石市東仲ノ町６‐１　アスピア明石店南館３階,兵庫県,10:00〜20:00,CHUNITHM、maimai でらっくす、オンゲキ,673-0086,,https://location.am-all.net/alm/shop?gm=96&astep=0&sid=19144,34.647805,134.995082,,ChIJH3xnI9HVVDUR5N5rvQ-tjgQ,
ゲームアイビス太子,兵庫県揖保郡太子町太田２１４９,兵庫県,10:00〜23:45,NICO MAKE、英傑大戦、CHUNITHM、頭文字D THE ARCADE、maimai でらっくす、StarHorse4、オンゲキ、HOUSE OF THE DEAD: SCARLET DAWN、占いコレクション トロッテ、Wonderland Wars、セガNET麻雀 MJ Arcade,671-1511,,https://location.am-all.net/alm/shop?gm=96&astep=0&sid=28690,34.8322249176932,134.600004022754,,ChIJM5CvMZbjVDUR23VZFA-TDyI,
ラウンドワン加古川店,兵庫県加古川市尾上町安田325番6号,兵庫県,08:00〜06:00,StarHorseParty、totolu、ビンゴシアター、英傑大戦、CHUNITHM、頭文字D THE ARCADE、maimai でらっくす、StarHorse4、オンゲキ、StarHorse3 SeasonVII GREAT JOURNEY、Wonderland Wars,675-0021,,https://location.am-all.net/alm/shop?gm=96&astep=0&sid=28664,34.7470428,134.8369253,,ChIJN8jPLjHYVDUR4sB3xJJeudU,Google
遊スペース　スプラ,兵庫県加古川市尾上町安田３５１−１,兵庫県,10:00〜,totolu、英傑大戦、頭文字D THE ARCADE、maimai でらっくす、StarHorse4、ALL.Net P-ras MULTI バージョン３、HOUSE OF THE DEAD: SCARLET DAWN、StarHorse3 SeasonVII GREAT JOURNEY、セガNET麻雀 MJ Arcade,675-0021,,https://location.am-all.net/alm/shop?gm=96&astep=0&sid=25804,34.7456374,134.8356588,,ChIJDehjHjTYVDUR98O4ZjXm-Pc,
ラウンドワン伊丹店,兵庫県伊丹市昆陽７丁目２９,兵庫県,08:00〜06:00,英傑大戦、CHUNITHM、頭文字D THE ARCADE、maimai でらっくす、オンゲキ、Wonderland Wars、初音ミク Project DIVA Arcade Future Tone、セガNET麻雀 MJ Arcade,664-0881,,https://location.am-all.net/alm/shop?gm=96&astep=0&sid=28640,34.7790734,135.3934676,,ChIJBz4kKwvxAGARZNC_4PTLXu4,Google
テクモピア伊丹,兵庫県伊丹市藤ノ木１−１−１イオンモール伊丹３Ｆ,兵庫県,10:00〜22:00,CHUNITHM、maimai でらっくす、StarHorse4,664-0000,,https://location.am-all.net/alm/shop?gm=96&astep=0&sid=27128,34.7813648034123,135.423938236523,,ChIJrSon2ETwAGARBq9ej1FMOPY,Google
ハローズガーデン新三田,兵庫県三田市けやき台１‐６‐２イオン三田２番街,兵庫県,10:00〜22:00,cherrit、CHUNITHM、maimai でらっくす、オンゲキ,669-1321,,https://location.am-all.net/alm/shop?gm=96&astep=0&sid=24373,34.9081575,135.1861575,,ChIJreQMHwBlAGAR5k7T2uuTyxs,Google
ＧｉＧＯコロワ甲子園,兵庫県西宮市甲子園高潮町３−３Ｃｒｏｗａ甲子園３Ｆ,兵庫県,10:00〜21:00,CHUNITHM、頭文字D THE ARCADE、maimai でらっくす、オンゲキ,663-8166,,https://location.am-all.net/alm/shop?gm=96&astep=0&sid=20368,34.7237339,135.3618492,,ChIJVdWKn2ntAGAR0QPPbh5UPfw,
モーリーファンタジーｆ加西北条,兵庫県加西市北条町北条３０８−１イオン加西北条２Ｆ,兵庫県,10:00〜21:00,CHUNITHM、頭文字D THE ARCADE、maimai でらっくす,675-2312,,https://location.am-all.net/alm/shop?gm=96&astep=0&sid=24330,34.9304411,134.8284644,,ChIJ4231n8g6VTURs7frjuLVmcc,Google
社スポーツレーン,兵庫県加東市社1189-1,兵庫県,10:00〜23:00,CHUNITHM、頭文字D THE ARCADE、maimai でらっくす、セガNET麻雀 MJ Arcade,673-1431,,https://location.am-all.net/alm/shop?gm=96&astep=0&sid=24054,34.9161091,134.961452,,ChIJG_-7bJ4zVTURMZJdKIkldDQ,Google
ＧｉＧＯイオン淡路,兵庫県淡路市志筑新島１０ー２,兵庫県,10:00〜20:00,CHUNITHM、頭文字D THE ARCADE、maimai でらっくす、オンゲキ,656-2132,,https://location.am-all.net/alm/shop?gm=96&astep=0&sid=18876,34.4259919,134.9062305,,ChIJlQaaEwC3VDURTgIeUp5cQSo,
ラウンドワン奈良・ミナーラ店,奈良県奈良市二条大路南１−３−１ミ・ナーラ５階,奈良県,10:00〜06:00,StarHorseParty、英傑大戦、CHUNITHM、頭文字D THE ARCADE、maimai でらっくす、StarHorse4、オンゲキ、HOUSE OF THE DEAD: SCARLET DAWN、StarHorse3 SeasonVII GREAT JOURNEY,630-8012,,https://location.am-all.net/alm/shop?gm=96&astep=0&sid=28653,34.6849116,135.8025405,,ChIJpSc_pso7AWARE_QK-j1PCoc,Google
アミューズメントＣＵＥ奈良三条店,奈良県奈良市三条町478-1,奈良県,10:00〜24:00,英傑大戦、CHUNITHM、頭文字D THE ARCADE、maimai でらっくす、オンゲキ、HOUSE OF THE DEAD: SCARLET DAWN、セガNET麻雀 MJ Arcade,630-8244,,https://location.am-all.net/alm/shop?gm=96&astep=0&sid=26280,34.6817818,135.8221376,,ChIJGbaX3y46AWARYTbGwpTdgnY,
キッズサーカス奈良柏木店,奈良県奈良市柏木町４５６−１,奈良県,10:00〜21:00,CHUNITHM、maimai でらっくす、オンゲキ,630-8031,,https://location.am-all.net/alm/shop?gm=96&astep=0&sid=22613,34.6718191,135.7991956,,ChIJFyLd0FE6AWARKWg2tSisc2o,Google
アミパラ橿原店,奈良県橿原市十市町1222-1ツインゲート橿原１F,奈良県,10:00〜24:00,英傑大戦、CHUNITHM、頭文字D THE ARCADE、maimai でらっくす、StarHorse4、ALL.Net P-ras MULTI バージョン３、オンゲキ,634-0008,,https://location.am-all.net/alm/shop?gm=96&astep=0&sid=21052,34.529415,135.7968476,,ChIJ3bYSngYzAWARI1jbqz00I3I,Google
SOYUGameField奈良橿原店,奈良県橿原市曲川町7-20-1　イオンモール橿原3F,奈良県,10:00〜21:00,CHUNITHM、maimai でらっくす、オンゲキ,634-0837,,https://location.am-all.net/alm/shop?gm=96&astep=0&sid=26313,34.5055231,135.7624537,,ChIJ6SjXz5AyAWARAVBx940a9TY,Google
AMパークイオンモール奈良登美ヶ丘店,奈良県生駒市鹿畑町３０２７イオンモール専門店街３階,奈良県,09:00〜21:00,CHUNITHM、頭文字D THE ARCADE、maimai でらっくす、HOUSE OF THE DEAD: SCARLET DAWN,630-0115,,https://location.am-all.net/alm/shop?gm=96&astep=0&sid=23486,34.72600795403,135.750566612195,,ChIJHalw7SojAWAR4iiuI3yltJo,Google
楽市楽座　イオンモール大和郡山店,奈良県大和郡山市下三橋町741-333イオンモール大和郡山店,奈良県,10:00〜21:00,英傑大戦、CHUNITHM、頭文字D THE ARCADE、maimai でらっくす、初音ミク Project DIVA Arcade Future Tone,639-1101,,https://location.am-all.net/alm/shop?gm=96&astep=0&sid=23488,34.6518656,135.8020009,,ChIJaaInsXE6AWARSOgwFFHY1ME,Google
アミューズメントＣＵＥ奈良大和高田店,奈良県大和高田市東中２−１１−１６,奈良県,10:00〜24:00,英傑大戦、CHUNITHM、頭文字D THE ARCADE、maimai でらっくす、オンゲキ、Wonderland Wars、セガNET麻雀 MJ Arcade,635-0065,,https://location.am-all.net/alm/shop?gm=96&astep=0&sid=25692,34.499776,135.7355951,,ChIJxXsiqnMtAWARLpMN2heOERk,
ラウンドワン和歌山店,和歌山県和歌山市小雑賀７３９−３,和歌山県,10:00〜23:50,StarHorseParty、NICO MAKE、英傑大戦、CHUNITHM、頭文字D THE ARCADE、maimai でらっくす、StarHorse4、オンゲキ、HOUSE OF THE DEAD: SCARLET DAWN、StarHorse3 SeasonVII GREAT JOURNEY,641-0007,,https://location.am-all.net/alm/shop?gm=96&astep=0&sid=25273,34.1984612098391,135.185969984131,,ChIJ9S1Lyx9NB2ARrdaUxMR011w,
ユーズランド和歌山店,和歌山県和歌山市ふじと台２３番地イオンモール和歌山２Ｆ,和歌山県,10:00〜22:00,英傑大戦、CHUNITHM、頭文字D THE ARCADE、maimai でらっくす、オンゲキ,640-8454,,https://location.am-all.net/alm/shop?gm=96&astep=0&sid=22436,34.2761542814074,135.149200955603,,ChIJmRnz2AGuAGARagn8tFsQJUw,
モーリーファンタジー米子駅前３Ｆ,鳥取県米子市末広町311　イオン３F,鳥取県,10:00〜21:00,maimai でらっくす、オンゲキ,683-0043,,https://location.am-all.net/alm/shop?gm=96&astep=0&sid=23610,35.4228224,133.3329143,,ChIJtW8Mwn73VjUR7qeuvKfQsZM,Google
アピナ米子店,鳥取県米子市米原二丁目１３２０番地１メガドン・キホーテ３階,鳥取県,10:00〜22:00,NICO MAKE、CHUNITHM、maimai でらっくす、オンゲキ,683-0804,,https://location.am-all.net/alm/shop?gm=96&astep=0&sid=18900,35.442283,133.3300695,,ChIJ6corNQD3VjURD2-ws04pUf8,
アミパラがいな店,鳥取県米子市日ノ出町１−８−１３,鳥取県,10:00〜24:00,英傑大戦、CHUNITHM、頭文字D THE ARCADE、maimai でらっくす、StarHorse4、オンゲキ,683-0803,,https://location.am-all.net/alm/shop?gm=96&astep=0&sid=21455,35.4377737,133.3391965,,ChIJOTRzdZL3VjURX1WecMhJeYs,Google
ＧｉＧＯ鳥取,鳥取県鳥取市安長４１６,鳥取県,10:00〜24:00,英傑大戦、CHUNITHM、頭文字D THE ARCADE、maimai でらっくす、StarHorse4、オンゲキ、HOUSE OF THE DEAD: SCARLET DAWN、Wonderland Wars、初音ミク Project DIVA Arcade Future Tone、セガNET麻雀 MJ Arcade,680-0913,,https://location.am-all.net/alm/shop?gm=96&astep=0&sid=29038,35.5118559,134.2105547,,ChIJ-2oayLSPVTUROi0y1XYr9fg,
ＰＡＬＯ鳥取店,鳥取県鳥取市天神町1　2F,鳥取県,10:00〜21:00,CHUNITHM、maimai でらっくす,680-0847,,https://location.am-all.net/alm/shop?gm=96&astep=0&sid=23608,35.493514,134.2219484,,ChIJtcuJ4NqPVTURvbMV9RGNDdo,Google
ｙｏｕｍｅ　ＣＩＲＣＵＳ出雲店,島根県出雲市大塚町６５０−１ゆめタウン出雲店　東館３Ｆ,島根県,10:00〜21:30,StarHorseParty、CHUNITHM、頭文字D THE ARCADE、maimai でらっくす、オンゲキ、HOUSE OF THE DEAD: SCARLET DAWN,693-0063,,https://location.am-all.net/alm/shop?gm=96&astep=0&sid=24896,35.3774033,132.756228,,ChIJVVVV0aJDVzUR5EWADOzLPQ0,Google
ＧｉＧＯ松江,島根県松江市嫁島町１２−１５,島根県,10:00〜24:00,英傑大戦、CHUNITHM、頭文字D THE ARCADE、maimai でらっくす、StarHorse4、ALL.Net P-ras MULTI バージョン３、オンゲキ、Wonderland Wars、初音ミク Project DIVA Arcade Future Tone、セガNET麻雀 MJ Arcade、ALL.Net P-ras MULTI,690-0047,,https://location.am-all.net/alm/shop?gm=96&astep=0&sid=29160,35.4500922,133.0478147,,ChIJc0oeNhsFVzURy5DJ4630ceI,
アミパラ松江店,島根県松江市東朝日町２０３−１,島根県,10:00〜24:00,CHUNITHM、頭文字D THE ARCADE、maimai でらっくす、オンゲキ、StarHorse3 SeasonVII GREAT JOURNEY,690-0001,,https://location.am-all.net/alm/shop?gm=96&astep=0&sid=20043,35.4637094,133.0741923,,ChIJPfhdLqwFVzUREwfVilBeZow,Google
ＰＡＬＯ松江,島根県松江市東朝日町１５１　イオン松江店ＳＣ３Ｆ,島根県,10:00〜21:00,NICO MAKE、CHUNITHM、頭文字D THE ARCADE、maimai でらっくす、オンゲキ、初音ミク Project DIVA Arcade Future Tone,690-0001,,https://location.am-all.net/alm/shop?gm=96&astep=0&sid=24494,35.4639773,133.0694928,,ChIJvxd8thMFVzUR4UE0TB8IQz8,Google
アミパラテクノランド店,岡山県岡山市北区大和町１−７−１２,岡山県,10:00〜24:00,英傑大戦、CHUNITHM、頭文字D THE ARCADE、maimai でらっくす、ALL.Net P-ras MULTI バージョン３、オンゲキ、Wonderland Wars、セガNET麻雀 MJ Arcade,700-0808,,https://location.am-all.net/alm/shop?gm=96&astep=0&sid=28683,34.6791764,133.9274976,,ChIJd7TPURQGVDUR6xMg48lbckc,
アミパラ岡山店,岡山県岡山市北区青江１丁目１３ー８,岡山県,10:00〜24:00,StarHorseParty、totolu、ビンゴシアター、英傑大戦、CHUNITHM、頭文字D THE ARCADE、maimai でらっくす、StarHorse4、ALL.Net P-ras MULTI バージョン３、オンゲキ、StarHorse3 SeasonVII GREAT JOURNEY、Wonderland Wars、初音ミク Project DIVA Arcade Future Tone、セガNET麻雀 MJ Arcade,700-0941,,https://location.am-all.net/alm/shop?gm=96&astep=0&sid=26108,34.6362117,133.9199885,,ChIJiUH1HpIHVDURLukKy-JgHSo,Google
岡山ヤングボウル,岡山県岡山市北区北長瀬表町3-3-20,岡山県,24時間,CHUNITHM、maimai でらっくす,700-0962,,https://location.am-all.net/alm/shop?gm=96&astep=0&sid=23590,34.6490685890642,133.884587204299,,ChIJqf4yBl0HVDURTS4v0mp_3qo,Google
モーリーファンタジーｆ 岡山,岡山県岡山市北区下石井１丁目２番１号　イオンモール岡山４Ｆ,岡山県,10:00〜21:00,CHUNITHM、maimai でらっくす,700-0907,,https://location.am-all.net/alm/shop?gm=96&astep=0&sid=21543,34.6620448076457,133.917795973628,,ChIJB1gFa7MHVDURpzpIVCgNP98,Google
ＧｉＧＯイオンモール岡山,岡山県岡山市北区下石井１−２−１イオンモール岡山６Ｆ,岡山県,10:00〜23:00,CHUNITHM、maimai でらっくす、オンゲキ,700-0907,,https://location.am-all.net/alm/shop?gm=96&astep=0&sid=21530,34.6620437045591,133.917795303076,,ChIJQ4BgIrMHVDURey8haUkS1_g,
ＧｉＧＯ岡山藤崎,岡山県岡山市中区藤崎５９９−１２,岡山県,10:00〜24:00,英傑大戦、CHUNITHM、頭文字D THE ARCADE、maimai でらっくす、StarHorse4、オンゲキ、Wonderland Wars、初音ミク Project DIVA Arcade Future Tone、セガNET麻雀 MJ Arcade,702-8006,,https://location.am-all.net/alm/shop?gm=96&astep=0&sid=29204,34.6088659660063,133.976604312251,,ChIJU6UtDC4IVDURxB_ULFFEyos,
ふぇすたらんど高屋店,岡山県岡山市中区高屋36-1,岡山県,,CHUNITHM、maimai でらっくす,703-8233,,https://location.am-all.net/alm/shop?gm=96&astep=0&sid=23719,,,,,
ラウンドワン岡山妹尾店,岡山県岡山市南区妹尾３４１３−１,岡山県,10:00〜23:50,StarHorseParty、英傑大戦、CHUNITHM、maimai でらっくす、StarHorse4、オンゲキ、HOUSE OF THE DEAD: SCARLET DAWN、StarHorse3 SeasonVII GREAT JOURNEY,701-0205,,https://location.am-all.net/alm/shop?gm=96&astep=0&sid=24983,34.6230198,133.8695548,,ChIJy1Codc34UzURipnyKJ6DbQ8,
ふぇすたらんど平島店,岡山県岡山市東区東平島1609,岡山県,10:00〜22:00,CHUNITHM、maimai でらっくす,709-0631,,https://location.am-all.net/alm/shop?gm=96&astep=0&sid=23720,34.707824,134.0497942,,ChIJCSWyR4YNVDURPHQgVnsCDIc,Google
ユーズランド倉敷店,岡山県倉敷市水江１番地イオンモール倉敷２Ｆ,岡山県,10:00〜22:00,英傑大戦、CHUNITHM、頭文字D THE ARCADE、maimai でらっくす、ALL.Net P-ras MULTI バージョン３、オンゲキ、HOUSE OF THE DEAD: SCARLET DAWN、占いコレクション トロッテ,710-0802,,https://location.am-all.net/alm/shop?gm=96&astep=0&sid=28590,34.6032479,133.7454021,,ChIJX_OkUvpWUTURwMR1BvNXYOQ,
ＧｉＧＯ倉敷,岡山県倉敷市西中新田５３５−２,岡山県,10:00〜24:00,英傑大戦、CHUNITHM、頭文字D THE ARCADE、maimai でらっくす、StarHorse4、オンゲキ、Wonderland Wars、セガNET麻雀 MJ Arcade,710-0833,,https://location.am-all.net/alm/shop?gm=96&astep=0&sid=29206,34.5839062762667,133.769865151825,,ChIJwynsB7VXUTURi3qQUu3dIxY,
アミパラ倉敷店,岡山県倉敷市西中新田624-1アミパラボウル1F,岡山県,10:00〜24:00,NICO MAKE、ビンゴシアター、英傑大戦、CHUNITHM、頭文字D THE ARCADE、maimai でらっくす、StarHorse4、オンゲキ,710-0833,,https://location.am-all.net/alm/shop?gm=96&astep=0&sid=28679,34.5835440603265,133.771323834359,,ChIJ5cvDe7VXUTUREkBr48szWaw,
タイトーＦステーションマルナカ新倉敷店,岡山県倉敷市玉島爪崎９８１−１,岡山県,10:00〜22:00,英傑大戦、頭文字D THE ARCADE、maimai でらっくす,710-0252,,https://location.am-all.net/alm/shop?gm=96&astep=0&sid=24140,34.5620321,133.6854484,,ChIJIaVIc1BaUTURs9wXV77Xzms,Google
ふぇすたらんど倉敷マスカット店,岡山県倉敷市松島１１６３−２山陽マルナカマスカット店別館３Ｆ,岡山県,10:00〜21:00,CHUNITHM、maimai でらっくす、オンゲキ,701-0114,,https://location.am-all.net/alm/shop?gm=96&astep=0&sid=23723,34.6277433182351,133.802472706793,,ChIJt701_Dz-UzURc-o0tiWUds8,Google
アミパラ津山店,岡山県津山市河辺１０００−１イオンモール津山２Ｆ,岡山県,09:00〜22:00,totolu、CHUNITHM、頭文字D THE ARCADE、maimai でらっくす、オンゲキ,708-0842,,https://location.am-all.net/alm/shop?gm=96&astep=0&sid=26111,35.0650815101572,134.046421885706,,ChIJL_4if5w2VDURcm_-3r4mKXw,
ＧｉＧＯ広島本通,広島県広島市中区本通９−３０ランドマークビル１Ｆ,広島県,10:00〜23:00,CHUNITHM、頭文字D THE ARCADE、maimai でらっくす、オンゲキ、占いコレクション トロッテ,730-0035,,https://location.am-all.net/alm/shop?gm=96&astep=0&sid=20395,34.3924266833557,132.460800751976,,ChIJX_UFEA-iWjURMqMWGFjdDHs,
タイトーステーション広島紙屋町店,広島県広島市中区紙屋町２−２−２１,広島県,10:00〜24:00,NICO MAKE、英傑大戦、CHUNITHM、頭文字D THE ARCADE、maimai でらっくす、ALL.Net P-ras MULTI バージョン３、オンゲキ、Wonderland Wars,730-0031,,https://location.am-all.net/alm/shop?gm=96&astep=0&sid=27009,34.3940538603336,132.456050771776,,ChIJtbtVTAyiWjUR75rESUJsDkQ,
ラウンドワン広島店,広島県広島市中区立町３−１１,広島県,10:00〜23:50,StarHorseParty、ビンゴシアター、英傑大戦、CHUNITHM、頭文字D THE ARCADE、maimai でらっくす、StarHorse4、オンゲキ、HOUSE OF THE DEAD: SCARLET DAWN、StarHorse3 SeasonVII GREAT JOURNEY、Wonderland Wars、セガNET麻雀 MJ Arcade,730-0032,,https://location.am-all.net/alm/shop?gm=96&astep=0&sid=26812,34.3937012770819,132.460103874205,,ChIJx04k3w6iWjURmiKlWVp6MPk,
タイトーステーション広島本通店,広島県広島市中区本通３−５せらかぐ本通ビル,広島県,10:00〜24:00,cherrit、ビンゴシアター、英傑大戦、CHUNITHM、頭文字D THE ARCADE、maimai でらっくす、StarHorse4、ALL.Net P-ras MULTI バージョン３、HOUSE OF THE DEAD: SCARLET DAWN、StarHorse3 SeasonVII GREAT JOURNEY、セガNET麻雀 MJ Arcade,730-0035,,https://location.am-all.net/alm/shop?gm=96&astep=0&sid=29166,34.392798374439,132.460389950297,,ChIJMWZbHA-iWjUR6XB3YCKeMXw,
ビバーチャ,広島県広島市中区南竹屋町１０−１７,広島県,10:00〜02:00,英傑大戦、CHUNITHM、頭文字D THE ARCADE、maimai でらっくす、ALL.Net P-ras MULTI バージョン３、オンゲキ、Wonderland Wars、セガNET麻雀 MJ Arcade、ALL.Net P-ras MULTI,730-0049,,https://location.am-all.net/alm/shop?gm=96&astep=0&sid=25126,34.3793333944038,132.461279207935,,ChIJj6f3aT2iWjUR89wmuhmyVAA,Google
ＧｉＧＯ中筋,広島県広島市安佐南区中筋４−１１−７,広島県,10:00〜24:00,英傑大戦、CHUNITHM、頭文字D THE ARCADE、maimai でらっくす、StarHorse4、ALL.Net P-ras MULTI バージョン３、オンゲキ、Wonderland Wars、初音ミク Project DIVA Arcade Future Tone、セガNET麻雀 MJ Arcade,731-0122,,https://location.am-all.net/alm/shop?gm=96&astep=0&sid=29165,34.4553375470844,132.478846053985,,ChIJG3pnO66eWjURJ9b0zbATSB0,
モーリーファンタジーf広島祇園,広島県広島市安佐南区祇園３−２−１　イオン広島祇園ＳＣ３Ｆ,広島県,10:00〜21:00,CHUNITHM、頭文字D THE ARCADE、maimai でらっくす、オンゲキ、HOUSE OF THE DEAD: SCARLET DAWN,731-0138,,https://location.am-all.net/alm/shop?gm=96&astep=0&sid=24532,34.4440455781813,132.461550853373,,ChIJd1KQyzqZWjURfGhy40fs5UM,Google
ふぇすたらんど五日市店,広島県広島市佐伯区八幡１−２４−１７サンリブ五日市店２Ｆ,広島県,10:00〜21:00,CHUNITHM、maimai でらっくす、オンゲキ,731-5116,,https://location.am-all.net/alm/shop?gm=96&astep=0&sid=23725,34.3868209315625,132.358332313999,,ChIJKx7YRou8WjURnG36Ey4Mfw0,Google
プラサカプコン広島店,広島県広島市佐伯区石内東４丁目１−１ジアウトレット広島,広島県,,英傑大戦、CHUNITHM、頭文字D THE ARCADE、maimai でらっくす、オンゲキ、HOUSE OF THE DEAD: SCARLET DAWN,731-5162,,https://location.am-all.net/alm/shop?gm=96&astep=0&sid=20399,34.4117273,132.3976117,,,
楽市楽座広島店,広島県広島市南区段原南１−３−５２広島段原ＳＣ７階７００１,広島県,10:00〜21:00,CHUNITHM、頭文字D THE ARCADE、maimai でらっくす,732-0814,,https://location.am-all.net/alm/shop?gm=96&astep=0&sid=23232,34.3852255,132.4760186,,ChIJ5XGLo_mhWjURhhMXkGMQetU,Google
ＧｉＧＯアルパーク北棟,広島県広島市西区草津南４ー７ー１アルパーク北棟２Ｆ,広島県,10:00〜22:00,英傑大戦、CHUNITHM、頭文字D THE ARCADE、maimai でらっくす、StarHorse4、オンゲキ、HOUSE OF THE DEAD: SCARLET DAWN、Wonderland Wars、初音ミク Project DIVA Arcade Future Tone,733-0863,,https://location.am-all.net/alm/shop?gm=96&astep=0&sid=24600,34.375512,132.3933319,,ChIJ-66Btou9WjURFTnJ7_XBMcE,
ふぇすたらんど可部,広島県広島市安佐北区可部7-4-13マルナカ可部店内,広島県,10:00〜22:00,CHUNITHM、頭文字D THE ARCADE、maimai でらっくす、オンゲキ,731-0221,,https://location.am-all.net/alm/shop?gm=96&astep=0&sid=24090,34.5233926161473,132.511515038692,,ChIJWYpbpiqDWjUR1tGqTwwnj1I,Google
ＧｉＧＯ福山,広島県福山市瀬戸町大字山北３００,広島県,10:00〜24:00,英傑大戦、CHUNITHM、頭文字D THE ARCADE、maimai でらっくす、StarHorse4、オンゲキ、Wonderland Wars、初音ミク Project DIVA Arcade Future Tone、セガNET麻雀 MJ Arcade,720-0838,,https://location.am-all.net/alm/shop?gm=96&astep=0&sid=29014,34.4760603865426,133.315919323769,,ChIJo40-6rsaUTURkDHdj5xpMPw,
あみぱらんど福山店,広島県福山市三吉町南２ー８ー２４,広島県,10:00〜24:00,英傑大戦、CHUNITHM、頭文字D THE ARCADE、maimai でらっくす、StarHorse4、オンゲキ、HOUSE OF THE DEAD: SCARLET DAWN,720-0032,,https://location.am-all.net/alm/shop?gm=96&astep=0&sid=27077,34.4884797,133.378434,,ChIJ_4cimhcRUTUR6q3shjFquoA,
アミパラ神辺店,広島県福山市神辺町大字新道上字１−２−１,広島県,10:00〜24:00,英傑大戦、CHUNITHM、頭文字D THE ARCADE、maimai でらっくす、StarHorse4,720-2107,,https://location.am-all.net/alm/shop?gm=96&astep=0&sid=25767,34.5457710808266,133.358639077316,,ChIJjRPofAUXUTURTtCLcRf67zI,
ラウンドワン福山店,広島県福山市明神町１−９−２８,広島県,10:00〜23:50,StarHorseParty、NICO MAKE、英傑大戦、CHUNITHM、頭文字D THE ARCADE、maimai でらっくす、StarHorse4、オンゲキ、StarHorse3 SeasonVII GREAT JOURNEY,721-0961,,https://location.am-all.net/alm/shop?gm=96&astep=0&sid=24808,34.4892061926395,133.392438226984,,ChIJ4c-MHEQRUTURZgDq-6X7OG4,
ＧｉＧＯ海田,広島県安芸郡海田町南大正町３−３５,広島県,10:00〜24:00,英傑大戦、CHUNITHM、頭文字D THE ARCADE、maimai でらっくす、StarHorse4、ALL.Net P-ras MULTI バージョン３、オンゲキ、Wonderland Wars、初音ミク Project DIVA Arcade Future Tone、セガNET麻雀 MJ Arcade,736-0042,,https://location.am-all.net/alm/shop?gm=96&astep=0&sid=29163,34.3676366392056,132.53367414785,,ChIJa2HGf_WfWjURZXYJdQZB078,
ｎａｍｃｏイオンモール広島府中店,広島県安芸郡府中町大須２ー１ー１イオンモール広島府中３Ｆ,広島県,10:00〜21:00,cherrit、CHUNITHM、maimai でらっくす,735-0021,,https://location.am-all.net/alm/shop?gm=96&astep=0&sid=26152,34.3946218180256,132.499792976791,,ChIJteOzX26fWjURPkVddpkgjIQ,
アミパラここじゃ店,広島県東広島市西条町下見６−１０−１９,広島県,10:00〜24:00,英傑大戦、CHUNITHM、頭文字D THE ARCADE、maimai でらっくす、ALL.Net P-ras MULTI バージョン３、オンゲキ、HOUSE OF THE DEAD: SCARLET DAWN、StarHorse3 SeasonVII GREAT JOURNEY、セガNET麻雀 MJ Arcade,739-0044,,https://location.am-all.net/alm/shop?gm=96&astep=0&sid=28680,34.4075854926934,132.715536909336,,ChIJ7y8AetBvUDURFggzLjPG5Mo,
ＧｉＧＯ尾道,広島県尾道市新浜１−２−１３,広島県,10:00〜24:00,英傑大戦、CHUNITHM、頭文字D THE ARCADE、maimai でらっくす、StarHorse4、オンゲキ、セガNET麻雀 MJ Arcade,722-0014,,https://location.am-all.net/alm/shop?gm=96&astep=0&sid=29040,34.4030397521278,133.186313115956,,ChIJZUMTeDAAUTURoPX87qoYf6w,
ＧｉＧＯ広,広島県呉市広中町１−９,広島県,10:00〜23:00,英傑大戦、CHUNITHM、頭文字D THE ARCADE、maimai でらっくす、StarHorse4、オンゲキ、StarHorse3 SeasonVII GREAT JOURNEY、Wonderland Wars、セガNET麻雀 MJ Arcade,737-0131,,https://location.am-all.net/alm/shop?gm=96&astep=0&sid=27910,34.2285551,132.6294083,,ChIJWy3ugboPUDUR0YM8Gw3DecE,Google
ふぇすたらんど広店,広島県呉市広本町２丁目１７−１　イオン広店４Ｆ,広島県,09:00〜21:00,CHUNITHM、maimai でらっくす,737-0125,,https://location.am-all.net/alm/shop?gm=96&astep=0&sid=19758,34.2338435,132.6230721,,ChIJH_tqQEMJUDURu3Nf0z5iv7I,
ｎａｍｃｏゆめタウン廿日市店,広島県廿日市市下平良２ー２ー１ゆめタウン廿日市店３Ｆ,広島県,10:00〜21:00,CHUNITHM、maimai でらっくす、HOUSE OF THE DEAD: SCARLET DAWN,738-0023,,https://location.am-all.net/alm/shop?gm=96&astep=0&sid=21343,34.3460168809457,132.335478341768,,ChIJQa1u77W7WjURCHFU_GZl6Q0,
ネオブラボー,山口県防府市高倉１−３−３０,山口県,10:00〜24:00,英傑大戦、CHUNITHM、頭文字D THE ARCADE、maimai でらっくす、ALL.Net P-ras MULTI バージョン３、オンゲキ,747-0045,,https://location.am-all.net/alm/shop?gm=96&astep=0&sid=22792,34.0549567,131.5591985,,ChIJbYrTT2KSRDUR_hmjHc4Gmx8,Google
ソユーファミリーゲームフィールド防府店,山口県防府市鐘紡町７−１イオンタウン防府1F,山口県,10:00〜22:00,CHUNITHM、maimai でらっくす、オンゲキ、HOUSE OF THE DEAD: SCARLET DAWN,747-0823,,https://location.am-all.net/alm/shop?gm=96&astep=0&sid=24995,34.0483850124737,131.590207561637,,ChIJjb1fCbiSRDURV8a1dXIpt3k,Google
ＰＡＬＯ防府,山口県防府市中央町１−３イオン防府店３Ｆ,山口県,09:00〜21:00,NICO MAKE、CHUNITHM、頭文字D THE ARCADE、maimai でらっくす、オンゲキ,747-0802,,https://location.am-all.net/alm/shop?gm=96&astep=0&sid=24517,34.0522015,131.5696784,,ChIJe_5u4Y2SRDURWgNWP0W5r1E,Google
アミパラ下関長府店,山口県下関市長府才川１ー４２ー４８,山口県,10:00〜24:00,英傑大戦、CHUNITHM、頭文字D THE ARCADE、maimai でらっくす、StarHorse4、HOUSE OF THE DEAD: SCARLET DAWN、セガNET麻雀 MJ Arcade,752-0928,,https://location.am-all.net/alm/shop?gm=96&astep=0&sid=25244,34.0254116965609,131.00750228345,,ChIJ2-04RBiZQzURjcCyaAl31KM,Google
アミパラ下関駅南店,山口県下関市東大和町１丁目３ー１５,山口県,10:00〜00:00,NICO MAKE、英傑大戦、CHUNITHM、頭文字D THE ARCADE、maimai でらっくす、StarHorse4、オンゲキ、セガNET麻雀 MJ Arcade,750-0066,,https://location.am-all.net/alm/shop?gm=96&astep=0&sid=24774,33.945309471152,130.920514859507,,ChIJS-BbEAC9QzURB83zmOy3Ipc,
ゆめシティ　ゆめパーク,山口県下関市伊倉新町３−１−１,山口県,09:30〜21:00,CHUNITHM、maimai でらっくす,751-0862,,https://location.am-all.net/alm/shop?gm=96&astep=0&sid=23337,34.0067348450523,130.934055057672,,ChIJSVhn34ajQzURSdPc8NyQDCg,Google
タイトーＦステーション山口メルクス店,山口県山口市大字黒川８２−１ハイパーモールメルクス内,山口県,10:00〜22:00,CHUNITHM、頭文字D THE ARCADE、maimai でらっくす、オンゲキ、セガNET麻雀 MJ Arcade,753-0851,,https://location.am-all.net/alm/shop?gm=96&astep=0&sid=22443,34.1359172051473,131.434560222142,,ChIJv_eehXuaRDURh0hgvHB8ybk,Google
サープラ山口あそびタウン,山口県山口市湯田温泉６ー８ー３,山口県,10:00〜23:00,英傑大戦、CHUNITHM、頭文字D THE ARCADE、maimai でらっくす、StarHorse4、オンゲキ,753-0056,,https://location.am-all.net/alm/shop?gm=96&astep=0&sid=25751,34.1646973276126,131.451799390178,,ChIJPS4r-FGXRDURidNqF2LWORc,Google
ＧｉＧＯイオンタウン小郡,山口県山口市小郡前田町３−６イオンタウン小郡内,山口県,10:00〜24:00,英傑大戦、CHUNITHM、頭文字D THE ARCADE、maimai でらっくす、StarHorse4、オンゲキ、Wonderland Wars、初音ミク Project DIVA Arcade Future Tone、セガNET麻雀 MJ Arcade,754-0002,,https://location.am-all.net/alm/shop?gm=96&astep=0&sid=26924,34.0869865,131.3986628,,ChIJeTdyCuGERDUR7SU4UwIXU24,
フレスパランドカッタの湯,山口県宇部市海南町1675,山口県,10:00〜02:00,英傑大戦、CHUNITHM、maimai でらっくす、ALL.Net P-ras MULTI バージョン３、オンゲキ、Wonderland Wars、セガNET麻雀 MJ Arcade,755-0038,,https://location.am-all.net/alm/shop?gm=96&astep=0&sid=26581,33.9584481289312,131.261524925903,,ChIJT5BtcL-AQzUR6wutOTiKAmI,Google
アレックス,山口県宇部市西宇部南３−５−５３,山口県,10:00〜24:00,CHUNITHM、頭文字D THE ARCADE、maimai でらっくす、オンゲキ,759-0208,,https://location.am-all.net/alm/shop?gm=96&astep=0&sid=25090,33.9993803610742,131.220117713492,,ChIJAQDQep-BQzURbnFbavcAv6U,
ＳＰＥＥＤ,山口県周南市大字久米３２１９,山口県,10:00〜24:00,英傑大戦、CHUNITHM、頭文字D THE ARCADE、maimai でらっくす、ALL.Net P-ras MULTI バージョン３、オンゲキ、HOUSE OF THE DEAD: SCARLET DAWN、Wonderland Wars、セガNET麻雀 MJ Arcade,745-0801,,https://location.am-all.net/alm/shop?gm=96&astep=0&sid=27500,34.03394,131.83464,,ChIJsQ6OodPmRDURW1dqG8IhY0Y,
アミパラ周南久米店,山口県周南市大字久米２８３４　イオンタウン周南久米,山口県,09:00〜24:00,英傑大戦、CHUNITHM、頭文字D THE ARCADE、maimai でらっくす、StarHorse3 SeasonVII GREAT JOURNEY、Wonderland Wars,745-0801,,https://location.am-all.net/alm/shop?gm=96&astep=0&sid=20700,34.036749,131.842747,,ChIJCdUMl9XgRDURCtVaUZejs-g,
アミュージアム周南店,山口県下松市中央町21-3THEMALL周南3F,山口県,10:00〜23:00,CHUNITHM、頭文字D THE ARCADE、maimai でらっくす、StarHorse4、オンゲキ,744-0025,,https://location.am-all.net/alm/shop?gm=96&astep=0&sid=28205,34.0186116463295,131.862876480986,,ChIJjYb2zxnhRDURRVx2u4nMY0Q,
アポロゲームセンター沖洲店,徳島県徳島市南沖洲１−９３,徳島県,10:00〜24:00,英傑大戦、CHUNITHM、maimai でらっくす、ALL.Net P-ras MULTI バージョン３、セガNET麻雀 MJ Arcade,770-0874,,https://location.am-all.net/alm/shop?gm=96&astep=0&sid=26141,34.0671377984696,134.582820461832,,ChIJ69KOnhxtUzUR237dVRDmipQ,
ＧｉＧＯスエヒロボウル徳島,徳島県徳島市南末広町４−９５−２,徳島県,10:00〜24:00,NICO MAKE、英傑大戦、CHUNITHM、頭文字D THE ARCADE、maimai でらっくす、StarHorse4、オンゲキ、HOUSE OF THE DEAD: SCARLET DAWN、初音ミク Project DIVA Arcade Future Tone、セガNET麻雀 MJ Arcade,770-0865,,https://location.am-all.net/alm/shop?gm=96&astep=0&sid=29212,34.0611124073728,134.572775418875,,ChIJNfkDAD5tUzURH7WetgUD3sw,
アミューズメントパフェパレパレ田宮店,徳島県徳島市南田宮２−２−４６,徳島県,10:00〜24:00,英傑大戦、CHUNITHM、頭文字D THE ARCADE、maimai でらっくす、ALL.Net P-ras MULTI バージョン３、オンゲキ、HOUSE OF THE DEAD: SCARLET DAWN、Wonderland Wars、セガNET麻雀 MJ Arcade,770-0004,,https://location.am-all.net/alm/shop?gm=96&astep=0&sid=24797,34.0861319,134.5427222,,ChIJbWr_BIVyUzUR4zm_SQWr95E,Google
ラウンドワン徳島・万代店,徳島県徳島市万代町４−１９−１,徳島県,10:00〜23:50,StarHorseParty、totolu、英傑大戦、CHUNITHM、頭文字D THE ARCADE、maimai でらっくす、StarHorse4、オンゲキ、StarHorse3 SeasonVII GREAT JOURNEY、Wonderland Wars,770-0941,,https://location.am-all.net/alm/shop?gm=96&astep=0&sid=24597,34.0647908231594,134.564673885302,,ChIJR38M-kFtUzURm0lTS8sz5yQ,
タイトーステーションフジグラン北島店,徳島県板野郡北島町鯛浜字西ノ須１７４,徳島県,09:00〜21:00,NICO MAKE、頭文字D THE ARCADE、maimai でらっくす,771-0204,,https://location.am-all.net/alm/shop?gm=96&astep=0&sid=25445,34.1130355103496,134.546095832489,,ChIJWWTl7AtyUzURNlu_yMHA9t0,Google
えの木　高松店,香川県高松市藤塚町３丁目３−３,香川県,14:00〜24:00,CHUNITHM、maimai でらっくす、オンゲキ、初音ミク Project DIVA Arcade Future Tone,760-0071,,https://location.am-all.net/alm/shop?gm=96&astep=0&sid=19031,34.33588,134.0537325,,ChIJL1VOl5XrUzUR6BXp6KgwVuc,Google
アミュージアム高松店,香川県高松市伏石町2144-9,香川県,10:00〜24:00,StarHorseParty、CHUNITHM、頭文字D THE ARCADE、maimai でらっくす、オンゲキ,761-8071,,https://location.am-all.net/alm/shop?gm=96&astep=0&sid=27536,34.3077314547078,134.060323122073,,ChIJI0iQKv_qUzURgtYhc-fJyf8,
アミパラ高松店,香川県高松市伏石町２１６８番２,香川県,10:00〜00:00,CHUNITHM、頭文字D THE ARCADE、maimai でらっくす、StarHorse4、オンゲキ,761-8071,,https://location.am-all.net/alm/shop?gm=96&astep=0&sid=19127,34.3070192,134.0591869,,ChIJIU21VxrrUzURs9lAE6qTtdE,
ラウンドワン高松店,香川県高松市松島町２−７−４３,香川県,10:00〜23:50,StarHorseParty、英傑大戦、CHUNITHM、頭文字D THE ARCADE、maimai でらっくす、StarHorse4、オンゲキ、HOUSE OF THE DEAD: SCARLET DAWN、Wonderland Wars、セガNET麻雀 MJ Arcade,760-0068,,https://location.am-all.net/alm/shop?gm=96&astep=0&sid=25386,34.3389079,134.0670672,,ChIJg2SxMXvrUzURIck8qYAp5do,
ＧｉＧＯイオンモール高松,香川県高松市香西本町1-1 イオンモール高松2F　227-2,香川県,10:00〜21:00,CHUNITHM、maimai でらっくす、オンゲキ,761-8012,,https://location.am-all.net/alm/shop?gm=96&astep=0&sid=19211,34.3524161,134.0050942,,ChIJrxO5TajpUzURrwiBH_aYnww,
ふぇすたらんど宇多津,香川県綾歌郡宇多津町２４１９番地１号,香川県,09:00〜22:00,CHUNITHM、maimai でらっくす,769-0223,,https://location.am-all.net/alm/shop?gm=96&astep=0&sid=19065,34.3113524,133.825692,,,
ＦｅｅｄｙＤｉｎｅｒ＆Ａｒｃａｄｅ綾川,香川県綾歌郡綾川町萱原８２２−１　イオン綾川ＳＣ３Ｆ,香川県,10:00〜21:00,NICO MAKE、CHUNITHM、頭文字D THE ARCADE、maimai でらっくす、オンゲキ、HOUSE OF THE DEAD: SCARLET DAWN,761-2304,,https://location.am-all.net/alm/shop?gm=96&astep=0&sid=24223,34.2516659,133.931004,,ChIJxyxXev7bUzUR4a9vfx-iZ5I,Google
アミパラ丸亀店,香川県丸亀市飯野町西分字川縁甲５８４−１　ハローズ棟内,香川県,10:00〜23:45,英傑大戦、CHUNITHM、頭文字D THE ARCADE、maimai でらっくす、StarHorse4、ALL.Net P-ras MULTI バージョン３、オンゲキ、セガNET麻雀 MJ Arcade,763-0086,,https://location.am-all.net/alm/shop?gm=96&astep=0&sid=24887,34.2848078112938,133.821030299475,,ChIJA9OhNOXYUzURH_iW8_94LjA,
マックスプラザ善通寺,香川県善通寺市中村町１７９８−２,香川県,10:00〜24:00,英傑大戦、CHUNITHM、頭文字D THE ARCADE、maimai でらっくす、ALL.Net P-ras MULTI バージョン３、オンゲキ、Wonderland Wars、初音ミク Project DIVA Arcade Future Tone、セガNET麻雀 MJ Arcade、ALL.Net P-ras MULTI,765-0072,,https://location.am-all.net/alm/shop?gm=96&astep=0&sid=27595,34.2436048309807,133.764014762566,,ChIJn2AWIxd9UTURM4h9Z4RXLfc,Google
タイトーＦステーションゆめタウン三豊店,香川県三豊市豊中町本山甲２２,香川県,10:00〜20:00,NICO MAKE、CHUNITHM、頭文字D THE ARCADE、maimai でらっくす、オンゲキ,769-1506,,https://location.am-all.net/alm/shop?gm=96&astep=0&sid=23511,34.1454067367397,133.69943795706,,ChIJEQX49wuCUTURrrX2SX_n5J8,Google
アミューズメントパークＭＧキスケ,愛媛県松山市宮田町４　キスケボックス内１階,愛媛県,10:00〜24:00,英傑大戦、CHUNITHM、頭文字D THE ARCADE、maimai でらっくす、オンゲキ、初音ミク Project DIVA Arcade Future Tone、セガNET麻雀 MJ Arcade,790-0066,,https://location.am-all.net/alm/shop?gm=96&astep=0&sid=28673,33.841359843495,132.752873493115,,ChIJM6i3PYTlTzURZqJJ57vyt-Y,Google
宮西スタジアム２,愛媛県松山市宮西二丁目４の４１,愛媛県,10:00〜00:00,英傑大戦、CHUNITHM、頭文字D THE ARCADE、maimai でらっくす、オンゲキ,790-0065,,https://location.am-all.net/alm/shop?gm=96&astep=0&sid=28280,33.8485225,132.7514682,,ChIJrZt1-mTlTzUR4eLf0sRw5dE,
アミューズメントパークＭＧ大街道,愛媛県松山市大街道１−４−１７,愛媛県,10:00〜24:00,CHUNITHM、頭文字D THE ARCADE、maimai でらっくす、オンゲキ,790-0004,,https://location.am-all.net/alm/shop?gm=96&astep=0&sid=22420,33.8378938,132.7698832,,ChIJE_9RdfLlTzURPxS6Kh2KJPU,Google
ＧｉＧＯ松山,愛媛県松山市枝松５−７−３２,愛媛県,10:00〜24:00,英傑大戦、CHUNITHM、頭文字D THE ARCADE、maimai でらっくす、StarHorse4、ALL.Net P-ras MULTI バージョン３、オンゲキ、Wonderland Wars、セガNET麻雀 MJ Arcade,790-0962,,https://location.am-all.net/alm/shop?gm=96&astep=0&sid=29157,33.8282597684363,132.786503014121,,ChIJDdzscAfmTzUR3Gm2007-IKI,
バンバン衣山店,愛媛県松山市衣山１−２４８−１,愛媛県,10:00〜24:00,CHUNITHM、maimai でらっくす、占いコレクション トロッテ、初音ミク Project DIVA Arcade Future Tone,791-8025,,https://location.am-all.net/alm/shop?gm=96&astep=0&sid=24945,33.8524719,132.7457465,,ChIJ__8PDHblTzURwGPsvYJskGM,Google
アミパラ松山店,愛媛県松山市生石町６５５−１,愛媛県,10:00〜24:00,ビンゴシアター、CHUNITHM、頭文字D THE ARCADE、maimai でらっくす、StarHorse4、オンゲキ,790-0051,,https://location.am-all.net/alm/shop?gm=96&astep=0&sid=24457,33.833679932284,132.744995993254,,ChIJ53yGR4LvTzURVIkquL7wKn0,Google
ラウンドワン松山店,愛媛県松山市東長戸１−３−１０,愛媛県,10:00〜06:00,StarHorseParty、英傑大戦、CHUNITHM、頭文字D THE ARCADE、maimai でらっくす、StarHorse4、オンゲキ,791-8005,,https://location.am-all.net/alm/shop?gm=96&astep=0&sid=24294,33.8665121,132.7515765,,ChIJNya31K7lTzURMVOQJdM1dIQ,Google
タイトーＦステーション今治ワールドプラザ,愛媛県今治市東村１の１４の２今治ワールドプラザ内,愛媛県,10:00〜21:00,英傑大戦、CHUNITHM、maimai でらっくす、StarHorse4、ALL.Net P-ras MULTI バージョン３、Wonderland Wars、セガNET麻雀 MJ Arcade,799-1506,,https://location.am-all.net/alm/shop?gm=96&astep=0&sid=22692,34.042681,133.027878,,ChIJffYZ6XwwUDURRd-cW1O_xQ4,Google
ＧｉＧＯそよら今治馬越,愛媛県今治市馬越町４ー８ー１,愛媛県,10:00〜21:00,CHUNITHM、頭文字D THE ARCADE、maimai でらっくす、オンゲキ,794-0062,,https://location.am-all.net/alm/shop?gm=96&astep=0&sid=18750,34.0561961,132.979816,,ChIJE6HlHwA7UDURA56NHay-OtQ,
楽市楽座イオンモール今治店,愛媛県今治市にぎわい広場1-1,愛媛県,10:00〜21:00,CHUNITHM、頭文字D THE ARCADE、maimai でらっくす、HOUSE OF THE DEAD: SCARLET DAWN,794-0068,,https://location.am-all.net/alm/shop?gm=96&astep=0&sid=21024,34.044109184765,132.96195600954,,ChIJA0xD_kk7UDURTysENA_BSns,Google
プラサカプコン新居浜店,愛媛県新居浜市前田町８−８イオンモール新居浜２Ｆ,愛媛県,10:00〜21:00,CHUNITHM、頭文字D THE ARCADE、maimai でらっくす、オンゲキ、HOUSE OF THE DEAD: SCARLET DAWN,792-0007,,https://location.am-all.net/alm/shop?gm=96&astep=0&sid=25997,33.9537705,133.2688546,,ChIJ6agvjJPOUTURSzJiO-AK-V8,Google
ふぇすたらんど新居浜店,愛媛県新居浜市上泉町１２−１,愛媛県,09:30〜21:00,CHUNITHM、maimai でらっくす,792-0824,,https://location.am-all.net/alm/shop?gm=96&astep=0&sid=19986,33.936321,133.3106012,,ChIJr5G3pW3PUTURTLtiwCNfOy0,Google
ソユーフォレストハンター松前店,愛媛県伊予郡松前町筒井８５０ＡＭ棟１階,愛媛県,10:00〜23:45,cherrit、CHUNITHM、maimai でらっくす、オンゲキ、HOUSE OF THE DEAD: SCARLET DAWN,791-3120,,https://location.am-all.net/alm/shop?gm=96&astep=0&sid=24962,33.787867684388,132.714865223123,,ChIJi55K1gTuTzURKJwvpooS7hE,Google
ｎａｍｃｏフジグラン北宇和島店,愛媛県宇和島市伊吹町甲９１２番地２フジグラン北宇和島店別棟,愛媛県,10:00〜21:00,CHUNITHM、頭文字D THE ARCADE、maimai でらっくす、オンゲキ,798-0022,,https://location.am-all.net/alm/shop?gm=96&astep=0&sid=27285,33.2346692004282,132.569424654527,,ChIJJwDvF8BhTzURTsGP1AL358o,
アミパラ高知店,高知県南国市篠原１９４−１,高知県,10:00〜24:00,英傑大戦、CHUNITHM、頭文字D THE ARCADE、maimai でらっくす、StarHorse4、ALL.Net P-ras MULTI バージョン３、オンゲキ、初音ミク Project DIVA Arcade Future Tone、セガNET麻雀 MJ Arcade,783-0006,,https://location.am-all.net/alm/shop?gm=96&astep=0&sid=25423,33.5679737,133.6344573,,ChIJefE9dywdTjURimcHHqnV7uQ,Google
えの木,高知県高知市旭町3丁目100-3,高知県,10:00〜24:00,CHUNITHM、maimai でらっくす、ALL.Net P-ras MULTI バージョン３、セガNET麻雀 MJ Arcade,780-0935,,https://location.am-all.net/alm/shop?gm=96&astep=0&sid=27977,33.5558198,133.5061151,,ChIJAQC0d_IYTjURy0JAEolB7cw,
プラサカプコン高知,高知県高知市秦南町１−４−８イオンモール高知３Ｆ,高知県,10:00〜21:00,NICO MAKE、CHUNITHM、頭文字D THE ARCADE、maimai でらっくす、オンゲキ、HOUSE OF THE DEAD: SCARLET DAWN,780-0026,,https://location.am-all.net/alm/shop?gm=96&astep=0&sid=26179,33.5764247874114,133.542459584708,,ChIJre5DHrgeTjURRCcwD7RoTiw,Google
ＧｉＧＯフジグラン高知,高知県高知市朝倉東町５２−１５フジグラン高知３Ｆ,高知県,09:00〜21:00,CHUNITHM、maimai でらっくす、オンゲキ,780-8076,,https://location.am-all.net/alm/shop?gm=96&astep=0&sid=25246,33.5430367061524,133.497906612164,,ChIJEcSL2WUYTjUR1OvEelNXiMk,
ラウンドワン高知店,高知県高知市南宝永町４−１２,高知県,10:00〜23:50,StarHorseParty、ビンゴシアター、英傑大戦、CHUNITHM、頭文字D THE ARCADE、maimai でらっくす、StarHorse4、オンゲキ、StarHorse3 SeasonVII GREAT JOURNEY、Wonderland Wars、初音ミク Project DIVA Arcade Future Tone、セガNET麻雀 MJ Arcade,780-0816,,https://location.am-all.net/alm/shop?gm=96&astep=0&sid=24542,33.5578349,133.5543516,,ChIJJ6jy21MZTjURSYJLrZ581uI,
ウェアハウス四万十店,高知県四万十市右山五月町８−１３アピアさつき２F,高知県,09:00〜22:00,CHUNITHM、maimai でらっくす、オンゲキ、初音ミク Project DIVA Arcade Future Tone、セガNET麻雀 MJ Arcade、ALL.Net P-ras MULTI,787-0012,,https://location.am-all.net/alm/shop?gm=96&astep=0&sid=25178,32.9871096,132.9392991,,ChIJ85a31H8-TzUReORnSzIK-mI,Google
ＧｉＧＯミーナ天神,福岡県福岡市中央区天神４丁目３番８号　ミーナ天神７階　７０,福岡県,10:00〜21:00,CHUNITHM、maimai でらっくす、オンゲキ、HOUSE OF THE DEAD: SCARLET DAWN,810-0001,,https://location.am-all.net/alm/shop?gm=96&astep=0&sid=19111,33.5929742,130.3983736,,ChIJPWshcT6RQTURDTelA18iO1I,
ＧｉＧＯ福岡天神,福岡県福岡市中央区天神２−７−６ＤＡＤＡビル,福岡県,10:00〜23:00,英傑大戦、CHUNITHM、頭文字D THE ARCADE、maimai でらっくす、StarHorse4、オンゲキ、HOUSE OF THE DEAD: SCARLET DAWN、Wonderland Wars、初音ミク Project DIVA Arcade Future Tone,810-0001,,https://location.am-all.net/alm/shop?gm=96&astep=0&sid=19976,33.5898893,130.3966097,,ChIJDdKPT3WRQTURQu_uG7uLO0s,
タイトーステーション福岡天神店,福岡県福岡市中央区天神２−６−３５サザンクロスビル,福岡県,10:00〜25:00,cherrit、CHUNITHM、頭文字D THE ARCADE、maimai でらっくす、StarHorse4、ALL.Net P-ras MULTI バージョン３、オンゲキ、HOUSE OF THE DEAD: SCARLET DAWN、Wonderland Wars、セガNET麻雀 MJ Arcade,810-0001,,https://location.am-all.net/alm/shop?gm=96&astep=0&sid=28556,33.5896519,130.3973464,,ChIJr9Yab4-RQTURvRScd6Tb5oA,
ラウンドワン福岡天神店,福岡県福岡市中央区天神２−６−１２,福岡県,06:00〜24:50,StarHorseParty、NICO MAKE、英傑大戦、CHUNITHM、頭文字D THE ARCADE、maimai でらっくす、StarHorse4、オンゲキ、StarHorse3 SeasonVII GREAT JOURNEY、占いコレクション トロッテ、セガNET麻雀 MJ Arcade,810-0001,,https://location.am-all.net/alm/shop?gm=96&astep=0&sid=26759,33.589463,130.3967853,,ChIJJ0cAXo-RQTURMWP7u2hVZbA,
ｎａｍｃｏ博多バスターミナル店,福岡県福岡市博多区博多駅中央街２ー１博多バスターミナル７階,福岡県,10:00〜22:00,cherrit、NICO MAKE、英傑大戦、CHUNITHM、頭文字D THE ARCADE、maimai でらっくす、オンゲキ,812-0012,,https://location.am-all.net/alm/shop?gm=96&astep=0&sid=28866,33.5915216,130.4198918,,ChIJm5LSy8eRQTURQaVxw0cB3dM,
ジーパラ博多,福岡県福岡市博多区東光寺町２丁目６番４０号ｺﾏｰｼｬﾙﾓｰﾙ博多２階,福岡県,10:00〜24:00,CHUNITHM、maimai でらっくす、StarHorse3 SeasonVII GREAT JOURNEY,812-0896,,https://location.am-all.net/alm/shop?gm=96&astep=0&sid=20680,33.5769982,130.4359579,,ChIJDyTlJ0yQQTURh9N1M9Si0rM,Google
遊遊パークフォレオ博多店,福岡県福岡市博多区東那珂１−１４−４６フォレオ博多２F,福岡県,10:00〜20:00,CHUNITHM、頭文字D THE ARCADE、maimai でらっくす、占いコレクション トロッテ,812-0892,,https://location.am-all.net/alm/shop?gm=96&astep=0&sid=21489,33.5741951,130.4396956,,ChIJVzh7oU-QQTURIY6gDknuB3k,Google
ラウンドワン博多半道橋店,福岡県福岡市博多区半道橋２−２−８,福岡県,10:00〜23:50,StarHorseParty、英傑大戦、CHUNITHM、頭文字D THE ARCADE、maimai でらっくす、StarHorse4、オンゲキ、HOUSE OF THE DEAD: SCARLET DAWN、StarHorse3 SeasonVII GREAT JOURNEY、セガNET麻雀 MJ Arcade,812-0897,,https://location.am-all.net/alm/shop?gm=96&astep=0&sid=25174,33.584067,130.4383464,,ChIJDfk0UDaQQTURTce8r0Cc-kE,
パスカランド福重店,福岡県福岡市西区拾六町１丁目７番１号ＭＥＧＡドンキ福重店３Ｆ,福岡県,10:00〜21:00,CHUNITHM、頭文字D THE ARCADE、maimai でらっくす、オンゲキ,819-0041,,https://location.am-all.net/alm/shop?gm=96&astep=0&sid=20074,33.56725,130.314872,,ChIJJ5I39BmVQTURYlytGPT-LVM,Google
楽市楽座イオンモール福岡伊都店,福岡県福岡市西区北原1-3-1イオンモール福岡伊都SC別館,福岡県,10:00〜22:00,CHUNITHM、頭文字D THE ARCADE、maimai でらっくす、ALL.Net P-ras MULTI バージョン３、オンゲキ,819-0375,,https://location.am-all.net/alm/shop?gm=96&astep=0&sid=25724,33.5770481273556,130.256402816216,,ChIJdT6lFb3rQTURjjNCr_62VCA,Google
パスカランド博多店,福岡県福岡市東区東浜１−１−１ゆめタウン博多店２階,福岡県,10:00〜20:00,CHUNITHM、頭文字D THE ARCADE、maimai でらっくす、オンゲキ,812-0055,,https://location.am-all.net/alm/shop?gm=96&astep=0&sid=19409,33.6122355,130.4123165,,ChIJLeWpBTmPQTURJMkVmV_5dZU,
楽市街道箱崎店,福岡県福岡市東区箱崎５丁目１番８号,福岡県,10:00〜03:00,StarHorseParty、NICO MAKE、ビンゴシアター、英傑大戦、CHUNITHM、頭文字D THE ARCADE、maimai でらっくす、StarHorse4、ALL.Net P-ras MULTI バージョン３、オンゲキ、HOUSE OF THE DEAD: SCARLET DAWN、Wonderland Wars、初音ミク Project DIVA Arcade Future Tone、セガNET麻雀 MJ Arcade,812-0053,,https://location.am-all.net/alm/shop?gm=96&astep=0&sid=27162,33.6242624,130.4196214,,ChIJXaH5tjmOQTURjlrHt4Rcidc,Google
Ｇ−ＳＴＡＧＥ七隈店,福岡県福岡市城南区七隈８−４−８,福岡県,09:00〜24:00,英傑大戦、CHUNITHM、頭文字D THE ARCADE、maimai でらっくす、StarHorse4、ALL.Net P-ras MULTI バージョン３、オンゲキ,814-0133,,https://location.am-all.net/alm/shop?gm=96&astep=0&sid=29127,33.5512334,130.3643444,,ChIJS37KvHaUQTURde-O2Rqrs5A,
Ｇ−ＳＴＡＧＥ飯塚店,福岡県飯塚市枝国６８０−２,福岡県,10:00〜24:00,StarHorseParty、英傑大戦、CHUNITHM、頭文字D THE ARCADE、maimai でらっくす、StarHorse4、オンゲキ,820-0081,,https://location.am-all.net/alm/shop?gm=96&astep=0&sid=29148,33.6364867667145,130.676025385319,,ChIJL_wKxUp-QTUR87JXgRAaDaY,
ＧｉＧＯゆめタウン飯塚,福岡県飯塚市菰田西３丁目６番１号,福岡県,10:00〜21:00,CHUNITHM、maimai でらっくす、オンゲキ、HOUSE OF THE DEAD: SCARLET DAWN,820-0017,,https://location.am-all.net/alm/shop?gm=96&astep=0&sid=19093,33.6326269,130.6852821,,ChIJJbeVSEN_QTUR0Hch0SJMYlc,
楽市楽座２１０トリアス店,福岡県糟屋郡久山町大字山田９９０,福岡県,10:00〜24:00,NICO MAKE、英傑大戦、頭文字D THE ARCADE、maimai でらっくす、StarHorse4,811-2502,,https://location.am-all.net/alm/shop?gm=96&astep=0&sid=28936,33.6528578,130.4919927,,ChIJ8wgleuCFQTURuIKvGJZjPoo,
楽市楽座イオンモール福岡店,福岡県糟屋郡粕屋町大字酒殿字老ノ木１９２−１ 2F,福岡県,10:00〜21:00,CHUNITHM、頭文字D THE ARCADE、maimai でらっくす,811-2303,,https://location.am-all.net/alm/shop?gm=96&astep=0&sid=26503,33.5971692,130.4791151,,ChIJgzLYGluFQTURhH0KOBClA0M,Google
最後の５ドル,福岡県糟屋郡粕屋町大字仲原2706仲原ファミリープラザ2F,福岡県,09:00〜24:00,英傑大戦、CHUNITHM、頭文字D THE ARCADE、maimai でらっくす、ALL.Net P-ras MULTI バージョン３、オンゲキ,811-2304,,https://location.am-all.net/alm/shop?gm=96&astep=0&sid=24128,33.6091366,130.4453675,,ChIJlXab68SPQTUR4jZAaItE14U,Google
アソビクル新宮店,福岡県糟屋郡新宮町三代９９９番地１,福岡県,10:00〜20:00,CHUNITHM、頭文字D THE ARCADE、maimai でらっくす、StarHorse4、オンゲキ、Wonderland Wars,811-0111,,https://location.am-all.net/alm/shop?gm=96&astep=0&sid=19202,33.7031295,130.4559895,,ChIJZX4tNBCJQTURJMfz3dIXQD4,Google
楽市楽座210久留米店,福岡県久留米市東合川2-2-1 2階,福岡県,10:00〜26:00,英傑大戦、CHUNITHM、頭文字D THE ARCADE、maimai でらっくす、ALL.Net P-ras MULTI バージョン３、HOUSE OF THE DEAD: SCARLET DAWN,839-0809,,https://location.am-all.net/alm/shop?gm=96&astep=0&sid=28937,33.3200814,130.5460092,,ChIJ_9fF0xukQTURffBimk5hV_0,
楽市街道くるめ店,福岡県久留米市新合川2-7-10久留米アミューズメントビル内,福岡県,10:00〜24:00,StarHorseParty、NICO MAKE、ビンゴシアター、CHUNITHM、頭文字D THE ARCADE、maimai でらっくす、StarHorse4、HOUSE OF THE DEAD: SCARLET DAWN,839-0865,,https://location.am-all.net/alm/shop?gm=96&astep=0&sid=26282,33.3197842,130.5426705,,ChIJo5XAZxekQTURNDfycucClGo,Google
ふぇすたらんど久留米店,福岡県久留米市野中町1411-1,福岡県,09:30〜21:00,CHUNITHM、頭文字D THE ARCADE、maimai でらっくす、オンゲキ,839-0862,,https://location.am-all.net/alm/shop?gm=96&astep=0&sid=23736,33.3031851,130.5301183,,ChIJP6Q6IUukQTURWhMcqC85Z3c,Google
ハイパーメッセ,福岡県北九州市小倉南区北方４−６−７,福岡県,10:00〜24:00,英傑大戦、CHUNITHM、頭文字D THE ARCADE、maimai でらっくす、StarHorse4、ALL.Net P-ras MULTI バージョン３、オンゲキ、Wonderland Wars、セガNET麻雀 MJ Arcade,802-0841,,https://location.am-all.net/alm/shop?gm=96&astep=0&sid=29152,33.8391643,130.8741119,,ChIJwZmXdCrHQzURWAF0NbgxHZ8,
Ｇ−ｐａｌａ小倉,福岡県北九州市小倉南区上葛原1−14−1,福岡県,10:00〜24:00,英傑大戦、CHUNITHM、頭文字D THE ARCADE、maimai でらっくす、オンゲキ、初音ミク Project DIVA Arcade Future Tone、セガNET麻雀 MJ Arcade,800-0255,,https://location.am-all.net/alm/shop?gm=96&astep=0&sid=21510,33.8396526766932,130.911335452145,,ChIJ__-TkO3AQzUR4c35ynl7oXk,Google
ラウンドワン小倉店,福岡県北九州市小倉北区西港町15-65,福岡県,10:00〜23:50,StarHorseParty、英傑大戦、CHUNITHM、maimai でらっくす、StarHorse4、オンゲキ、HOUSE OF THE DEAD: SCARLET DAWN、StarHorse3 SeasonVII GREAT JOURNEY,803-0801,,https://location.am-all.net/alm/shop?gm=96&astep=0&sid=25899,33.8975963,130.8598416,,ChIJi76qUL64QzURwwwnhcHUQzk,
楽市楽座砂津店,福岡県北九州市小倉北区砂津3-1-1チャチャタウン小倉B棟3F,福岡県,10:00〜24:00,totolu、英傑大戦、CHUNITHM、頭文字D THE ARCADE、maimai でらっくす,802-0014,,https://location.am-all.net/alm/shop?gm=96&astep=0&sid=28934,33.8832387182762,130.889087402516,,ChIJIfJr6kW_QzURfdffvDQLBrI,
Ｇ−ＳＴＡＧＥ小倉,福岡県北九州市小倉北区浅野2-14-5あるあるCITY2階,福岡県,11:00〜20:00,CHUNITHM、maimai でらっくす、オンゲキ,802-0001,,https://location.am-all.net/alm/shop?gm=96&astep=0&sid=23037,33.8875419,130.8847304,,ChIJDcUVEEm_QzUROYZlDtTOwsQ,Google
ペップ魚町,福岡県北九州市小倉北区魚町２−４−２０,福岡県,10:00〜01:00,NICO MAKE、英傑大戦、CHUNITHM、頭文字D THE ARCADE、maimai でらっくす、StarHorse4、ALL.Net P-ras MULTI バージョン３、オンゲキ、HOUSE OF THE DEAD: SCARLET DAWN、Wonderland Wars、初音ミク Project DIVA Arcade Future Tone、セガNET麻雀 MJ Arcade,802-0006,,https://location.am-all.net/alm/shop?gm=96&astep=0&sid=24804,33.8839068390622,130.88031085893,,ChIJsbDcnk2_QzURbKKfXBSFu2U,Google
パスカランド黒崎店,福岡県北九州市八幡西区西曲里町３−１,福岡県,09:00〜21:00,CHUNITHM、頭文字D THE ARCADE、maimai でらっくす、オンゲキ,806-0036,,https://location.am-all.net/alm/shop?gm=96&astep=0&sid=21213,33.859785,130.7602544,,ChIJ3b04a9nIQzURtl3vllAw-tY,Google
楽市楽座黒崎店,福岡県北九州市八幡西区桜ヶ丘町１−３フレスポ黒崎２階,福岡県,10:00〜24:00,CHUNITHM、頭文字D THE ARCADE、maimai でらっくす、オンゲキ、HOUSE OF THE DEAD: SCARLET DAWN、初音ミク Project DIVA Arcade Future Tone,806-0042,,https://location.am-all.net/alm/shop?gm=96&astep=0&sid=26494,33.8656842,130.7560629,,ChIJceY8eiDJQzURzDMqj0TRTqY,Google
スマイルステーション戸畑店,福岡県北九州市戸畑区汐井町２−２イオン戸畑３Ｆ,福岡県,09:00〜21:00,NICO MAKE、maimai でらっくす,804-0067,,https://location.am-all.net/alm/shop?gm=96&astep=0&sid=22951,33.8959948,130.81985,,ChIJ9-lIVYrHQzURDwPV-2eFJCc,Google
楽市楽座行橋店,福岡県行橋市西泉６−１−１,福岡県,10:00〜24:00,英傑大戦、CHUNITHM、頭文字D THE ARCADE、maimai でらっくす、StarHorse4、ALL.Net P-ras MULTI バージョン３、HOUSE OF THE DEAD: SCARLET DAWN、セガNET麻雀 MJ Arcade,824-0038,,https://location.am-all.net/alm/shop?gm=96&astep=0&sid=25719,33.7170084934353,130.971631693254,,ChIJ19p1jDDoQzURWgyOjXRF4ks,Google
ラウンドワン大野城店,福岡県大野城市御笠川１−１８−１６,福岡県,10:00〜23:50,StarHorseParty、ビンゴシアター、英傑大戦、CHUNITHM、頭文字D THE ARCADE、maimai でらっくす、StarHorse4、オンゲキ、StarHorse3 SeasonVII GREAT JOURNEY、Wonderland Wars、セガNET麻雀 MJ Arcade,816-0912,,https://location.am-all.net/alm/shop?gm=96&astep=0&sid=24844,33.546419,130.4822611,,ChIJD6WkAIiaQTURUa3EQmcTVow,
楽市楽座くりえいと宗像,福岡県宗像市くりえいと１−４−４,福岡県,10:00〜22:00,英傑大戦、CHUNITHM、頭文字D THE ARCADE、maimai でらっくす、StarHorse4、ALL.Net P-ras MULTI バージョン３、HOUSE OF THE DEAD: SCARLET DAWN,811-4184,,https://location.am-all.net/alm/shop?gm=96&astep=0&sid=27160,33.8105202,130.5635801,,ChIJ9csPeDIsQjURkuH4cxBMP1A,Google
楽市楽座イオンモール筑紫野店,福岡県筑紫野市立明寺４３４−１イオンモール筑紫野店３階,福岡県,10:00〜21:00,CHUNITHM、頭文字D THE ARCADE、maimai でらっくす,818-0042,,https://location.am-all.net/alm/shop?gm=96&astep=0&sid=24196,33.4809383,130.5267763,,ChIJcZxIXm-ZQTURWpvLQguGeQY,Google
ＧｉＧＯ中間,福岡県中間市上蓮花寺３−１−１,福岡県,10:00〜23:00,cherrit、英傑大戦、CHUNITHM、頭文字D THE ARCADE、maimai でらっくす、StarHorse4、オンゲキ、Wonderland Wars、初音ミク Project DIVA Arcade Future Tone、セガNET麻雀 MJ Arcade,809-0013,,https://location.am-all.net/alm/shop?gm=96&astep=0&sid=29118,33.8230744,130.7216062,,ChIJ-ZbbzH3OQzUR2Evil81nOkE,
パスカランド大牟田店,福岡県大牟田市旭町２丁目２８−１,福岡県,09:00〜21:00,NICO MAKE、CHUNITHM、頭文字D THE ARCADE、maimai でらっくす、オンゲキ,836-0807,,https://location.am-all.net/alm/shop?gm=96&astep=0&sid=20568,33.0366940946803,130.453826542467,,ChIJKYwFjTZOQDURbzwQ8tNYL4I,Google
楽市楽座イオンモール大牟田店,福岡県大牟田市岬町３−４,福岡県,10:00〜21:00,CHUNITHM、頭文字D THE ARCADE、maimai でらっくす、HOUSE OF THE DEAD: SCARLET DAWN、初音ミク Project DIVA Arcade Future Tone,836-0037,,https://location.am-all.net/alm/shop?gm=96&astep=0&sid=24126,33.0306171,130.4281279,,ChIJM8aZ1whPQDURkPoUZUXBekk,Google
パスカランド大川店,福岡県大川市上巻４３０−１ゆめタウン２F,福岡県,10:00〜20:00,CHUNITHM、頭文字D THE ARCADE、maimai でらっくす、オンゲキ,831-0031,,https://location.am-all.net/alm/shop?gm=96&astep=0&sid=21515,33.2027312,130.3880983,,ChIJm_UU1Uq1QTURK-mB0bttyAQ,Google
ふぇすたらんど古賀店,福岡県古賀市天神2-5-1,福岡県,09:30〜20:00,CHUNITHM、maimai でらっくす,811-3101,,https://location.am-all.net/alm/shop?gm=96&astep=0&sid=23737,33.7346719,130.4664457,,ChIJ0-T0BASIQTURD74nvVOPuJY,Google
プラサカプコン直方店,福岡県直方市湯野原２−１−１イオンモール直方２Ｆ,福岡県,10:00〜21:00,CHUNITHM、頭文字D THE ARCADE、maimai でらっくす、オンゲキ,822-0008,,https://location.am-all.net/alm/shop?gm=96&astep=0&sid=26049,33.7689496,130.7497505,,ChIJobJEt9HRQzURLhH2I60j3oE,Google
ふぇすたらんど田川店,福岡県田川市大字川宮1693-1,福岡県,10:00〜20:00,CHUNITHM、maimai でらっくす,826-0042,,https://location.am-all.net/alm/shop?gm=96&astep=0&sid=23732,33.6494841,130.7980754,,ChIJrVeQ6dXZQzURbm42LGncXFw,Google
楽市楽座イオンモール福津店,福岡県福津市日蒔野６−１６−１　イオンモール福津店３Ｆ,福岡県,10:00〜21:30,CHUNITHM、頭文字D THE ARCADE、maimai でらっくす,811-3209,,https://location.am-all.net/alm/shop?gm=96&astep=0&sid=23027,33.7532433,130.4937922,,ChIJS9tFricmQjURkUhc3XjXMLc,Google
遊道楽嘉瀬店,佐賀県佐賀市嘉瀬町中原２４８８−１,佐賀県,10:00〜03:00,英傑大戦、CHUNITHM、頭文字D THE ARCADE、maimai でらっくす、StarHorse4、ALL.Net P-ras MULTI バージョン３、オンゲキ、StarHorse3 SeasonVII GREAT JOURNEY、占いコレクション トロッテ、初音ミク Project DIVA Arcade Future Tone、セガNET麻雀 MJ Arcade,840-0861,,https://location.am-all.net/alm/shop?gm=96&astep=0&sid=28314,33.2422048,130.2565009,,ChIJcxBinxfLQTURUaTStkCHGVo,Google
ラウンドワン佐賀店,佐賀県佐賀市兵庫北４−２−１,佐賀県,10:00〜23:50,StarHorseParty、totolu、英傑大戦、CHUNITHM、頭文字D THE ARCADE、maimai でらっくす、StarHorse4、オンゲキ、HOUSE OF THE DEAD: SCARLET DAWN、StarHorse3 SeasonVII GREAT JOURNEY、Wonderland Wars,849-0919,,https://location.am-all.net/alm/shop?gm=96&astep=0&sid=25512,33.2752276255775,130.301055118494,,ChIJS2dfdgPKQTURNfDB1GZGADE,
ｎａｍｃｏモラージュ佐賀店,佐賀県佐賀市巨勢町大字牛島７３０モラージュ佐賀南館１Ｆ,佐賀県,10:00〜21:00,CHUNITHM、頭文字D THE ARCADE、maimai でらっくす、オンゲキ,840-8551,,https://location.am-all.net/alm/shop?gm=96&astep=0&sid=20198,33.2512754,130.3196785,,ChIJ1efFYhG1QTURGFy9BJxAiZE,
ＧｉＧＯ武雄,佐賀県武雄市武雄町富岡１２５１７−１,佐賀県,10:00〜24:00,英傑大戦、CHUNITHM、頭文字D THE ARCADE、maimai でらっくす、StarHorse4、オンゲキ、Wonderland Wars、初音ミク Project DIVA Arcade Future Tone、セガNET麻雀 MJ Arcade,843-0024,,https://location.am-all.net/alm/shop?gm=96&astep=0&sid=25889,33.1993539,130.0346461,,ChIJSXPUcxspQDURC0xx0Mf5uh0,
パスカランド鳥栖,佐賀県鳥栖市本鳥栖町５３７−１フレスポ鳥栖店２階,佐賀県,10:00〜21:00,CHUNITHM、頭文字D THE ARCADE、maimai でらっくす、オンゲキ,841-0026,,https://location.am-all.net/alm/shop?gm=96&astep=0&sid=19458,33.3758911,130.5168476,,ChIJO_fcda6jQTURHUCSrSaPq8o,
ｎａｍｃｏアミュプラザ長崎新館店,長崎県長崎市尾上町１番１号　アミュプラザ長崎新館４階,長崎県,10:00〜20:00,CHUNITHM、maimai でらっくす,850-0058,,https://location.am-all.net/alm/shop?gm=96&astep=0&sid=19029,32.7516252,129.8709304,,ChIJt55ItYpTFTURMXDFXbSc0jU,
G-stage浜町,長崎県長崎市浜町2-26,長崎県,10:00〜24:00,NICO MAKE、英傑大戦、CHUNITHM、頭文字D THE ARCADE、maimai でらっくす、オンゲキ,850-0853,,https://location.am-all.net/alm/shop?gm=96&astep=0&sid=21022,32.7448472,129.8775421,,ChIJV7AEnD9TFTURPRmlveAh6JA,Google
ＧｉＧＯみらい長崎ココウォーク,長崎県長崎市茂里町１−５５みらい長崎ココウォーク５Ｆ,長崎県,10:00〜21:00,CHUNITHM、maimai でらっくす、オンゲキ,852-8104,,https://location.am-all.net/alm/shop?gm=96&astep=0&sid=24852,32.7625341,129.8646484,,ChIJ96-sPCxTFTURmINrMWcQXfE,
アソビクル長崎戸町店,長崎県長崎市戸町４‐９‐３,長崎県,10:00〜23:55,CHUNITHM、頭文字D THE ARCADE、maimai でらっくす、StarHorse4、オンゲキ,850-0952,,https://location.am-all.net/alm/shop?gm=96&astep=0&sid=19010,32.7211376,129.8611866,,ChIJSR30JgBTFTURJsEYW0gzGyg,
アミパラ佐世保店,長崎県佐世保市大塔町１８−１５,長崎県,10:00〜24:00,英傑大戦、CHUNITHM、頭文字D THE ARCADE、maimai でらっくす、StarHorse4、ALL.Net P-ras MULTI バージョン３、オンゲキ、Wonderland Wars、セガNET麻雀 MJ Arcade,857-1161,,https://location.am-all.net/alm/shop?gm=96&astep=0&sid=24835,33.1500003,129.7803082,,ChIJsxHypRyXajURAeSXseIEwrk,Google
三冠王バッティングセンター,長崎県佐世保市相浦町２６８９−１,長崎県,10:00〜24:00,CHUNITHM、頭文字D THE ARCADE、maimai でらっくす、初音ミク Project DIVA Arcade Future Tone、セガNET麻雀 MJ Arcade,858-0918,,https://location.am-all.net/alm/shop?gm=96&astep=0&sid=27905,33.1907600914534,129.65290899154,,ChIJlS1j39SUajUR2T8yBOlB6wQ,
ＧｉＧＯ諫早,長崎県諫早市小川町９０−１,長崎県,10:00〜24:00,英傑大戦、CHUNITHM、頭文字D THE ARCADE、maimai でらっくす、StarHorse4、ALL.Net P-ras MULTI バージョン３、オンゲキ、セガNET麻雀 MJ Arcade,854-0053,,https://location.am-all.net/alm/shop?gm=96&astep=0&sid=29142,32.8315106375666,130.05521282943,,ChIJx1QsfFsDQDURksWJRu4Za60,
Ｇ−ｐａｌａ時津,長崎県西彼杵郡時津町野田郷５９号,長崎県,10:00〜24:00,英傑大戦、CHUNITHM、頭文字D THE ARCADE、maimai でらっくす、オンゲキ、セガNET麻雀 MJ Arcade,851-2104,,https://location.am-all.net/alm/shop?gm=96&astep=0&sid=29022,32.8243546273449,129.847811948579,,ChIJPeTQprCtajURZS9mVlt4nKg,Google
ソニックワールド大村店,長崎県大村市古賀島町３８３−１,長崎県,10:00〜23:55,CHUNITHM、頭文字D THE ARCADE、maimai でらっくす、オンゲキ,856-0817,,https://location.am-all.net/alm/shop?gm=96&astep=0&sid=27473,32.9273122,129.9395836,,ChIJDZzHUFWmajURhktOtj_8Rb4,
ファンタジーランド五島,長崎県五島市吉久木町７３１番地,長崎県,10:00〜20:00,頭文字D THE ARCADE、maimai でらっくす、オンゲキ,853-0031,,https://location.am-all.net/alm/shop?gm=96&astep=0&sid=19980,32.6954275,128.8135179,,ChIJEfH_AA2FFDURi3szo6ht_o4,Google
パスカワールドグリーンランド店,熊本県荒尾市本井手１５７４−５４,熊本県,10:00〜24:00,ビンゴシアター、英傑大戦、CHUNITHM、頭文字D THE ARCADE、maimai でらっくす、StarHorse4、ALL.Net P-ras MULTI バージョン３、オンゲキ、Wonderland Wars、セガNET麻雀 MJ Arcade,864-0012,,https://location.am-all.net/alm/shop?gm=96&astep=0&sid=26122,32.9878473,130.4712114,,ChIJue2T6P9PQDURuNRyYnyLoGQ,Google
パスカランド長嶺,熊本県熊本市東区長嶺西1-5-1　シュロアモール長嶺店内,熊本県,10:00〜21:00,CHUNITHM、maimai でらっくす、オンゲキ,861-8037,,https://location.am-all.net/alm/shop?gm=96&astep=0&sid=22689,32.8114008946313,130.761862408321,,ChIJ0yWi8JvxQDURtQ3HO0w59J0,Google
パスカランドはません,熊本県熊本市南区田井島1-2-1ゆめタウンはません3F,熊本県,10:00〜21:00,CHUNITHM、頭文字D THE ARCADE、maimai でらっくす、オンゲキ,862-0965,,https://location.am-all.net/alm/shop?gm=96&astep=0&sid=21208,32.7716760075067,130.726416541,,ChIJuUVmfHfzQDURRTGTTO3I0bQ,Google
ｎａｍｃｏワンダーシティ南熊本店,熊本県熊本市中央区九品寺６−９−１,熊本県,10:00〜24:00,英傑大戦、CHUNITHM、頭文字D THE ARCADE、maimai でらっくす、StarHorse4、オンゲキ,862-0976,,https://location.am-all.net/alm/shop?gm=96&astep=0&sid=28860,32.7868920216959,130.714731753304,,ChIJcZP4EHj0QDURhpwocmlCDSA,
サープラ下通りあそびタウン,熊本県熊本市中央区手取本町４番１２号,熊本県,10:00〜23:00,cherrit、CHUNITHM、maimai でらっくす、オンゲキ,860-0808,,https://location.am-all.net/alm/shop?gm=96&astep=0&sid=24224,32.8026613107216,130.709330710451,,ChIJ8cNVWwz0QDURMCEIQfyy0Es,Google
ラウンドワン熊本店,熊本県熊本市西区春日7-25-15,熊本県,10:00〜23:50,StarHorseParty、NICO MAKE、英傑大戦、CHUNITHM、頭文字D THE ARCADE、maimai でらっくす、StarHorse4、オンゲキ、HOUSE OF THE DEAD: SCARLET DAWN、StarHorse3 SeasonVII GREAT JOURNEY、Wonderland Wars、セガNET麻雀 MJ Arcade,860-0047,,https://location.am-all.net/alm/shop?gm=96&astep=0&sid=25901,32.7850486,130.6775472,,ChIJHa2QIf30QDURpDwZ53HjW5c,
ＧｉＧＯアミュプラザくまもと,熊本県熊本市西区春日三丁目１５番２６号６Ｆ　６１８区画,熊本県,10:00〜20:00,CHUNITHM、maimai でらっくす,860-0047,,https://location.am-all.net/alm/shop?gm=96&astep=0&sid=19491,32.7889001,130.688284,,ChIJ_XB3eA_1QDURSKxEJq_b45I,
スポラ菊陽,熊本県菊池郡菊陽町津久礼駄飼代２６１７−２,熊本県,,英傑大戦、CHUNITHM、頭文字D THE ARCADE、maimai でらっくす、StarHorse4、ALL.Net P-ras MULTI バージョン３、オンゲキ、セガNET麻雀 MJ Arcade、ALL.Net P-ras MULTI,869-1101,,https://location.am-all.net/alm/shop?gm=96&astep=0&sid=25239,32.8644516004733,130.809061608598,,ChIJ6atELkXlQDURtoOg-SK9XrI,
ふぇすたらんど菊陽店,熊本県菊池郡菊陽町津久礼２４７２,熊本県,10:00〜20:00,NICO MAKE、CHUNITHM、頭文字D THE ARCADE、maimai でらっくす、オンゲキ,869-1101,,https://location.am-all.net/alm/shop?gm=96&astep=0&sid=19553,32.8620047,130.8012059,,ChIJWyWAhC7vQDUR5EC0qMbb2eE,
ピノキオランド玉名,熊本県玉名市亀甲字前田110カリーノ玉名店2F,熊本県,10:00〜20:00,totolu、CHUNITHM、maimai でらっくす、オンゲキ,865-0015,,https://location.am-all.net/alm/shop?gm=96&astep=0&sid=24039,32.9279905556329,130.555316425409,,ChIJh_28RohZQDUR8SYb-jL7-00,Google
ＦＥＳＴＡ山鹿店,熊本県山鹿市方保田字鳥越3468-1,熊本県,10:00〜24:00,NICO MAKE、CHUNITHM、頭文字D THE ARCADE、maimai でらっくす、オンゲキ,861-0382,,https://location.am-all.net/alm/shop?gm=96&astep=0&sid=27236,33.0046940816431,130.723028383914,,ChIJTQpOttP9QDURlyWL9a_n8_w,
ＦＥＳＴＡ人吉店,熊本県人吉市宝来町１３０７−１ＨＩＴＯＹＯＳＨＩ−ＲＥＸ内,熊本県,10:00〜24:00,CHUNITHM、頭文字D THE ARCADE、maimai でらっくす、オンゲキ,868-0011,,https://location.am-all.net/alm/shop?gm=96&astep=0&sid=24811,32.2120330053684,130.748296308004,,ChIJ3Tmfr3FxPzURTce_ceI1Ql4,Google
ピノキオランド本渡,熊本県天草市船之尾町279-6,熊本県,09:30〜20:00,CHUNITHM、頭文字D THE ARCADE、maimai でらっくす、オンゲキ,863-0017,,https://location.am-all.net/alm/shop?gm=96&astep=0&sid=24231,32.458353677585,130.188268500139,,ChIJLWF2fVPuPzURjJfDtMGcs3M,Google
宇土パスカワールド,熊本県宇土市善道寺町綾織９５,熊本県,,英傑大戦、CHUNITHM、頭文字D THE ARCADE、maimai でらっくす、ALL.Net P-ras MULTI バージョン３、オンゲキ、HOUSE OF THE DEAD: SCARLET DAWN、StarHorse3 SeasonVII GREAT JOURNEY,869-0418,,https://location.am-all.net/alm/shop?gm=96&astep=0&sid=25346,,,,,
楽市楽座小川店,熊本県宇城市小川町河江１−１,熊本県,10:00〜24:00,頭文字D THE ARCADE、maimai でらっくす、HOUSE OF THE DEAD: SCARLET DAWN,869-0606,,https://location.am-all.net/alm/shop?gm=96&astep=0&sid=28929,,,,,
タイトーＦステーションセントポルタ大分店,大分県大分市中央町２−１−１,大分県,09:00〜24:00,CHUNITHM、頭文字D THE ARCADE、maimai でらっくす、ALL.Net P-ras MULTI バージョン３、オンゲキ、セガNET麻雀 MJ Arcade,870-0035,,https://location.am-all.net/alm/shop?gm=96&astep=0&sid=28063,33.2354219,131.6063391,,ChIJuQevoWSfRjUR8ykDN-_oE7A,
ＧｉＧＯ高城,大分県大分市牧１−１６１−８,大分県,10:00〜24:00,英傑大戦、CHUNITHM、頭文字D THE ARCADE、maimai でらっくす、StarHorse4、ALL.Net P-ras MULTI バージョン３、オンゲキ、Wonderland Wars、初音ミク Project DIVA Arcade Future Tone、セガNET麻雀 MJ Arcade,870-0924,,https://location.am-all.net/alm/shop?gm=96&astep=0&sid=29138,33.2417094218905,131.637265382803,,ChIJnUYf7a2fRjURoZZbsC2n4mY,
プラサカプコン大分店,大分県大分市公園通り西２−１パークプレイス大分２Ｆ,大分県,10:00〜22:00,CHUNITHM、頭文字D THE ARCADE、maimai でらっくす、オンゲキ、HOUSE OF THE DEAD: SCARLET DAWN,870-0173,,https://location.am-all.net/alm/shop?gm=96&astep=0&sid=27208,33.1953607358597,131.657923530966,,ChIJfRRoKc-eRjUR-X3Ome7RfpM,Google
トライセン萩原,大分県大分市萩原４−２２７−７,大分県,10:00〜24:00,英傑大戦、CHUNITHM、頭文字D THE ARCADE、maimai でらっくす、ALL.Net P-ras MULTI バージョン３、オンゲキ、セガNET麻雀 MJ Arcade,870-0921,,https://location.am-all.net/alm/shop?gm=96&astep=0&sid=26323,33.2491774,131.6436745,,ChIJW4LZgTWeRjUR_3HJnLXQTQ0,Google
ラウンドワン大分店,大分県大分市萩原２−１３−１７,大分県,10:00〜23:50,StarHorseParty、totolu、英傑大戦、CHUNITHM、頭文字D THE ARCADE、maimai でらっくす、StarHorse4、オンゲキ、HOUSE OF THE DEAD: SCARLET DAWN,870-0921,,https://location.am-all.net/alm/shop?gm=96&astep=0&sid=25456,33.2489675,131.6402343,,ChIJqV2dO7WfRjURKbPpGlI-W0g,
ＦＥＳＴＡフリーモールわさだ店,大分県大分市大字木上字鉾手２１０２番地,大分県,10:00〜24:00,totolu、CHUNITHM、頭文字D THE ARCADE、maimai でらっくす、オンゲキ、HOUSE OF THE DEAD: SCARLET DAWN,870-1161,,https://location.am-all.net/alm/shop?gm=96&astep=0&sid=25215,33.1847361,131.5680652,,ChIJ5dLb4viiRjURJi0d0vUlqeM,Google
タイトー アミュプラザおおいた店,大分県大分市要町１−１４アミュプラザおおいた４Ｆ,大分県,10:00〜22:00,NICO MAKE、maimai でらっくす、HOUSE OF THE DEAD: SCARLET DAWN,870-0831,,https://location.am-all.net/alm/shop?gm=96&astep=0&sid=21408,33.2330805648512,131.606330334363,,ChIJ_-sadWSfRjURiTEfnsxFfM8,Google
ＧｉＧＯ別府,大分県別府市餅ヶ浜町１６１−２,大分県,10:00〜24:00,CHUNITHM、頭文字D THE ARCADE、maimai でらっくす、ALL.Net P-ras MULTI バージョン３、オンゲキ、Wonderland Wars、初音ミク Project DIVA Arcade Future Tone,874-0000,,https://location.am-all.net/alm/shop?gm=96&astep=0&sid=29137,33.2955437,131.5030742,,ChIJnWs07yKnRjURI7Kie3b_5XY,
ＧｉＧＯ中津,大分県中津市沖代町１−２−１６,大分県,10:00〜24:00,CHUNITHM、頭文字D THE ARCADE、maimai でらっくす、StarHorse4、ALL.Net P-ras MULTI バージョン３、Wonderland Wars、初音ミク Project DIVA Arcade Future Tone、セガNET麻雀 MJ Arcade、ALL.Net P-ras MULTI,871-0021,,https://location.am-all.net/alm/shop?gm=96&astep=0&sid=29151,33.5912108591519,131.201999036771,,ChIJx81DMf_5QzURLABN4Vt4LTw,
トライセン中津店,大分県中津市下池永６７−３,大分県,10:00〜24:00,英傑大戦、CHUNITHM、maimai でらっくす、ALL.Net P-ras MULTI バージョン３、オンゲキ、セガNET麻雀 MJ Arcade,871-0011,,https://location.am-all.net/alm/shop?gm=96&astep=0&sid=25355,33.5896776147071,131.211035953304,,ChIJP-3J1-L5QzURcl2jjW3a0s0,Google
ユーズランド三光店,大分県中津市三光佐知1032イオンモール三光2F,大分県,10:00〜21:00,CHUNITHM、頭文字D THE ARCADE、maimai でらっくす、オンゲキ,871-0111,,https://location.am-all.net/alm/shop?gm=96&astep=0&sid=23308,33.5604305,131.1920613,,ChIJ0y2MUtL7QzURiPtUOdu2IiQ,Google
Ｇ−ｐａｌａ日田,大分県日田市友田997-1,大分県,09:00〜24:00,英傑大戦、CHUNITHM、頭文字D THE ARCADE、maimai でらっくす、StarHorse4、オンゲキ、セガNET麻雀 MJ Arcade、ALL.Net P-ras MULTI,877-0000,,https://location.am-all.net/alm/shop?gm=96&astep=0&sid=29030,33.3258135414055,130.911659500139,,ChIJH5cF5M5rQTURwOo85hCdeOs,
パスカランド日田店,大分県日田市大字庄手６４８番地７１イオンタウン日田店専門店棟,大分県,10:00〜20:00,CHUNITHM、頭文字D THE ARCADE、maimai でらっくす,877-0000,,https://location.am-all.net/alm/shop?gm=96&astep=0&sid=18870,33.312452,130.916965,,,
ＦＥＳＴＡコスモタウン佐伯店,大分県佐伯市鶴岡西町２丁目１６３番地 コスモタウン佐伯内,大分県,10:00〜24:00,NICO MAKE、CHUNITHM、頭文字D THE ARCADE、maimai でらっくす、オンゲキ、HOUSE OF THE DEAD: SCARLET DAWN,876-0046,,https://location.am-all.net/alm/shop?gm=96&astep=0&sid=25508,32.9609481,131.8662463,,ChIJl2JdymWJRjURrZCIjoUJb94,
楽市楽座イオンモール宮崎店,宮崎県宮崎市新別府町江口８６２−１イオンモール宮崎店２Ｆ,宮崎県,,NICO MAKE、英傑大戦、CHUNITHM、頭文字D THE ARCADE、maimai でらっくす、ALL.Net P-ras MULTI バージョン３,880-0834,,https://location.am-all.net/alm/shop?gm=96&astep=0&sid=24215,31.9233539535794,131.454672830966,,,
ラウンドワン宮崎店,宮崎県宮崎市中村東３−４−６０,宮崎県,10:00〜23:50,StarHorseParty、NICO MAKE、ビンゴシアター、英傑大戦、CHUNITHM、頭文字D THE ARCADE、maimai でらっくす、StarHorse4、オンゲキ、HOUSE OF THE DEAD: SCARLET DAWN、StarHorse3 SeasonVII GREAT JOURNEY、セガNET麻雀 MJ Arcade,880-0904,,https://location.am-all.net/alm/shop?gm=96&astep=0&sid=25454,31.8953441,131.4175947,,ChIJoS8pZqG3ODUR9EES6VmrJDs,
ＧｉＧＯアミュプラザみやざき,宮崎県宮崎市老松２丁目２番２２号アミュプラザみやざき　うみ館,宮崎県,10:00〜22:00,NICO MAKE、CHUNITHM、maimai でらっくす、オンゲキ,880-0801,,https://location.am-all.net/alm/shop?gm=96&astep=0&sid=19622,31.9142659,131.4315529,,ChIJxz00LEm3ODUR69I6IM0Rke8,
ドリームランド宮崎ナナイロ,宮崎県宮崎市橘通西３−１０−３２宮崎ナナイロ西館３F,宮崎県,,CHUNITHM、頭文字D THE ARCADE、maimai でらっくす,880-0001,,https://location.am-all.net/alm/shop?gm=96&astep=0&sid=19612,,,,,
楽市楽座イオンモール都城駅前店,宮崎県都城市栄町４６７２−５ｲｵﾝﾓｰﾙ都城駅前店2階,宮崎県,10:00〜20:00,CHUNITHM、頭文字D THE ARCADE、maimai でらっくす、HOUSE OF THE DEAD: SCARLET DAWN,885-0023,,https://location.am-all.net/alm/shop?gm=96&astep=0&sid=24814,31.7352977,131.0800559,,ChIJ8cxmBFYmPzUR7PfwjsoEQ0o,Google
ＧｉＧＯ延岡,宮崎県延岡市平原町５−１４９２−８,宮崎県,10:00〜24:00,英傑大戦、CHUNITHM、頭文字D THE ARCADE、maimai でらっくす、StarHorse4、ALL.Net P-ras MULTI バージョン３、オンゲキ、Wonderland Wars、初音ミク Project DIVA Arcade Future Tone、セガNET麻雀 MJ Arcade、ALL.Net P-ras MULTI,882-0866,,https://location.am-all.net/alm/shop?gm=96&astep=0&sid=29126,32.5498259,131.6778907,,ChIJdyX3j34ZRzURPAV4Qe1gAxY,
モーリーファンタジー延岡,宮崎県延岡市旭町２−２−１イオン延岡店２Ｆ,宮崎県,10:00〜21:00,maimai でらっくす、オンゲキ,882-0847,,https://location.am-all.net/alm/shop?gm=96&astep=0&sid=24319,32.5723427,131.6700874,,ChIJu89Fp0QZRzUR-xdd--Mqeic,Google
ピノキオランド日南,宮崎県日南市材木町１ＳＣ日南２Ｆ,宮崎県,10:00〜19:00,CHUNITHM、頭文字D THE ARCADE、maimai でらっくす、オンゲキ,887-0005,,https://location.am-all.net/alm/shop?gm=96&astep=0&sid=23271,31.5866486238863,131.401306820763,,ChIJHZKwM7XXODUREEvj08eOwVM,Google
サープラ天文館あそびタウン,鹿児島県鹿児島市千日町５ー６,鹿児島県,10:00〜23:00,CHUNITHM、頭文字D THE ARCADE、maimai でらっくす、オンゲキ,892-0843,,https://location.am-all.net/alm/shop?gm=96&astep=0&sid=28061,31.5892294,130.5557189,,ChIJEQT29KpgPjURsyjvsxahVPw,Google
ゲームセンター電撃ベイサイド,鹿児島県鹿児島市浜町2-2,鹿児島県,10:00〜24:00,英傑大戦、CHUNITHM、頭文字D THE ARCADE、maimai でらっくす、ALL.Net P-ras MULTI バージョン３、オンゲキ、セガNET麻雀 MJ Arcade,892-0812,,https://location.am-all.net/alm/shop?gm=96&astep=0&sid=24220,31.6023044550658,130.565753736246,,ChIJuSB0PA5ePjUR7pZ8zOO51VI,
タイトーアミュプラザ鹿児島店,鹿児島県鹿児島市中央町１−１アミュプラザ鹿児島５Ｆ,鹿児島県,10:00〜24:00,CHUNITHM、maimai でらっくす、HOUSE OF THE DEAD: SCARLET DAWN,890-0053,,https://location.am-all.net/alm/shop?gm=96&astep=0&sid=25446,31.5846430230652,130.542731581754,,ChIJi17-b0VnPjUR9gjc3QaOlVU,
ラウンドワン鹿児島宇宿店,鹿児島県鹿児島市宇宿2-2-2,鹿児島県,10:00〜23:50,StarHorseParty、英傑大戦、CHUNITHM、maimai でらっくす、StarHorse4、オンゲキ、HOUSE OF THE DEAD: SCARLET DAWN、StarHorse3 SeasonVII GREAT JOURNEY、Wonderland Wars、初音ミク Project DIVA Arcade Future Tone、セガNET麻雀 MJ Arcade,890-0073,,https://location.am-all.net/alm/shop?gm=96&astep=0&sid=25861,31.5447366,130.5434185,,ChIJeScpYs9mPjURW73b_ySX_CI,
パスカランド　かのや店,鹿児島県鹿屋市白崎町４ー１　イオンかのや３Ｆ,鹿児島県,10:00〜20:00,CHUNITHM、maimai でらっくす,893-0016,,https://location.am-all.net/alm/shop?gm=96&astep=0&sid=26150,31.3786228,130.8561438,,ChIJq1_lXgCRPjURrTVuGBAKifA,
マンガ倉庫鹿屋店,鹿児島県鹿屋市寿８丁目７１４−２,鹿児島県,10:00〜23:55,maimai でらっくす、オンゲキ,893-0014,,https://location.am-all.net/alm/shop?gm=96&astep=0&sid=19713,31.3833665,130.8765948,,,
タイトーＦステーションニシムタ出水店,鹿児島県出水市六月田町３４７番地,鹿児島県,10:00〜24:00,英傑大戦、CHUNITHM、頭文字D THE ARCADE、maimai でらっくす、StarHorse4、オンゲキ、HOUSE OF THE DEAD: SCARLET DAWN、占いコレクション トロッテ、初音ミク Project DIVA Arcade Future Tone、セガNET麻雀 MJ Arcade,899-0126,,https://location.am-all.net/alm/shop?gm=96&astep=0&sid=20013,32.1052481133765,130.345441061377,,ChIJB4Y1NYm3PzURKMHvlEQhZjw,Google
ＡｍｕｓｅｍｅｎｔｃｉｔｙＧ−ＳＴＡ,鹿児島県薩摩川内市向田本町４９番,鹿児島県,10:00〜24:00,英傑大戦、CHUNITHM、頭文字D THE ARCADE、maimai でらっくす、ALL.Net P-ras MULTI バージョン３、オンゲキ、セガNET麻雀 MJ Arcade,895-0021,,https://location.am-all.net/alm/shop?gm=96&astep=0&sid=25477,31.8158073373011,130.307401824815,,ChIJ9QAwvXU4PjURpqhRfprM9Y8,
楽市楽座イオンタウン姶良店,鹿児島県姶良市東餅田336,鹿児島県,10:00〜21:00,CHUNITHM、頭文字D THE ARCADE、maimai でらっくす、HOUSE OF THE DEAD: SCARLET DAWN,899-5421,,https://location.am-all.net/alm/shop?gm=96&astep=0&sid=20726,31.7323151190014,130.626592057117,,ChIJ1UD_DN5XPjUR-vkryJFn6go,Google
ｎａｍｃｏサンエー浦添西海岸パルコシティ,沖縄県浦添市西洲３ー１ー１サンエー浦添西海岸パルコシティ３Ｆ,沖縄県,10:00〜22:00,CHUNITHM、maimai でらっくす,901-2123,,https://location.am-all.net/alm/shop?gm=96&astep=0&sid=20103,,,,,
ＧｉＧＯ北谷,沖縄県中頭郡北谷町美浜９−８,沖縄県,10:00〜24:00,英傑大戦、CHUNITHM、頭文字D THE ARCADE、maimai でらっくす、StarHorse4、オンゲキ、HOUSE OF THE DEAD: SCARLET DAWN,904-0115,,https://location.am-all.net/alm/shop?gm=96&astep=0&sid=29131,26.3169305,127.7555816,,ChIJCZHzhw8T5TQRLZP_reirGKw,
ｎａｍｃｏイオンタウン読谷ＳＣ店,沖縄県中頭郡読谷村古堅７４０イオンタウン読谷ＳＣ内,沖縄県,10:00〜22:00,CHUNITHM、maimai でらっくす、HOUSE OF THE DEAD: SCARLET DAWN,904-0314,,https://location.am-all.net/alm/shop?gm=96&astep=0&sid=24933,26.3679775749969,127.746034210451,,ChIJP8ef9t8T5TQRSUg6PHfYKsg,
楽市楽座イオンモール沖縄ライカム店,沖縄県中頭郡北中城村字沖縄ﾗｲｶﾑ1ｲｵﾝﾓｰﾙ沖縄ﾗｲｶﾑ4階,沖縄県,10:00〜22:00,CHUNITHM、頭文字D THE ARCADE、maimai でらっくす、オンゲキ、HOUSE OF THE DEAD: SCARLET DAWN,901-2306,,https://location.am-all.net/alm/shop?gm=96&astep=0&sid=21386,26.3142859355046,127.796464410342,,ChIJ4Tgu6mIS5TQR41ke1GX-24Y,Google
モーリーファンタジー那覇,沖縄県那覇市金城５−１０−２　イオン那覇店３F,沖縄県,10:00〜22:00,CHUNITHM、頭文字D THE ARCADE、maimai でらっくす、オンゲキ,901-0155,,https://location.am-all.net/alm/shop?gm=96&astep=0&sid=25302,26.1970331,127.6658532,,ChIJVUpuV7Fp5TQR2BpD7FKg-JA,Google
ＧｉＧＯ那覇国際通り,沖縄県那覇市久茂地３ー３ー２０,沖縄県,10:00〜23:30,CHUNITHM、maimai でらっくす、オンゲキ,900-0015,,https://location.am-all.net/alm/shop?gm=96&astep=0&sid=18625,26.2144145,127.6821469,,ChIJS5UYw1Zp5TQRvHuOx3oLUPE,
ラウンドワン沖縄・宜野湾店,沖縄県宜野湾市真志喜３−２８−８,沖縄県,10:00〜23:50,StarHorseParty、NICO MAKE、ビンゴシアター、英傑大戦、CHUNITHM、頭文字D THE ARCADE、maimai でらっくす、StarHorse4、オンゲキ、HOUSE OF THE DEAD: SCARLET DAWN、StarHorse3 SeasonVII GREAT JOURNEY,901-2224,,https://location.am-all.net/alm/shop?gm=96&astep=0&sid=24764,26.2758542164608,127.731009054631,,ChIJ-fuUvKNs5TQRo2YdJ6EwPsM,
ｎａｍｃｏイオン具志川店,沖縄県うるま市字前原幸崎原３０３イオン具志川ＳＣ内２Ｆ,沖縄県,10:00〜22:00,CHUNITHM、maimai でらっくす、オンゲキ,904-2235,,https://location.am-all.net/alm/shop?gm=96&astep=0&sid=26225,26.3383685681665,127.844680927631,,ChIJ745RmHgO5TQRshmjY7zaYzI,
ラウンドワン沖縄・南風原店,沖縄県島尻郡南風原町字兼城５５２番地,沖縄県,10:00〜23:50,StarHorseParty、totolu、英傑大戦、CHUNITHM、頭文字D THE ARCADE、maimai でらっくす、StarHorse4、オンゲキ、初音ミク Project DIVA Arcade Future Tone、セガNET麻雀 MJ Arcade,901-1111,,https://location.am-all.net/alm/shop?gm=96&astep=0&sid=24625,26.1951082311046,127.720962573125,,ChIJJRdbfkpp5TQRmpbRXt-99ro,
CATCH BUFFET (KEELUNG NIGHT MARKET),"No.64, Ai 4th Rd., Ren’ai Dist., Keelung City 200010, Taiwan",台灣,24時間,maimai DX International Version,,,https://location.am-all.net/alm/shop?gm=98&astep=0&sid=19050,25.1292241,121.7445904,夾到飽親子樂園,ChIJaT6LGL9PXTQR-x2dY4ijxXU,Google
TOM'S WORLD (E-SQUARE@KEELUNG),"3F,No.236,Ren 2nd Rd.,Ren’aiDist.,Keelung City 20048, Taiwan",台灣,,maimai DX International Version,,,https://location.am-all.net/alm/shop?gm=98&astep=0&sid=20400,0.0,0.0,,,
TOM'S WORLD(MIRAMAR@TAIPEI),"5F.,NO.22,JINGYE3RD RD.,ZHONGSHAN DIST.,TAIPEI CITY104,TAIWAN",台灣,11:00〜22:00,maimai DX International Version,,,https://location.am-all.net/alm/shop?gm=98&astep=0&sid=21370,25.0832870840152,121.557866867737,湯姆熊美麗華店,ChIJVVVVVRWsQjQRR-fXmz878Iw,Google
HURO WORLD(CITY LINK@NANGANG),"6F,NO369-C,SEC7,ZHONGXIAO E.RD.NANGANG DIST.,TAIPEI CITY115,TWN",台灣,10:00〜22:00,maimai DX International Version,,,https://location.am-all.net/alm/shop?gm=98&astep=0&sid=20654,25.0525582,121.604518,,,
TOM'S WORLD(GLOBALMALL-NANGANG),"B2., No. 371, Sec. 7, ZhongxiaoE. Rd., Nangang Dist.",台灣,,maimai DX International Version,,,https://location.am-all.net/alm/shop?gm=98&astep=0&sid=18503,25.0529839,121.6071877,,,
TOM'S WORLD(JINWANNIAN@TAIPEI),"5F., NO.70, SINING S.RD.,WANHUADISTRICT, TAIPEI CITY,",台灣,11:30〜22:00,頭文字D THE ARCADE、maimai DX International Version、初音ミク Project DIVA Arcade Future Tone,,,https://location.am-all.net/alm/shop?gm=98&astep=0&sid=24689,25.0435100845026,121.505893338643,湯姆熊台北金萬年店,ChIJsSC8HAmpQjQRM4DpkkK01qw,Google
HALA PLANET (XIMEN),"No.11, Ln.144, Sec.1,Zhonghua Rd.Wanhua Dist., Taipei City 108",台灣,24時間,頭文字D THE ARCADE、maimai DX International Version、初音ミク Project DIVA Arcade Future Tone,,,https://location.am-all.net/alm/shop?gm=98&astep=0&sid=20138,25.0436445,121.508661,哈啦星球歡樂聯盟-西門店,ChIJZZic5FipQjQRy4D8f6FzefM,Google
X50 MGS TAIPEI,"No.49, Emei St., Wanhua Dist., Taipei City 108, Taiwan (R.O.C.)",台灣,,maimai DX International Version、初音ミク Project DIVA Arcade Future Tone,,,https://location.am-all.net/alm/shop?gm=98&astep=0&sid=20079,25.0329694,121.5654177,,,
VAN'S PARADISE(TAMSUI),"No.94 Yingzhuan Rd., Tamsui Dist., New Taipei City,Taiwan",台灣,24時間,maimai DX International Version,,,https://location.am-all.net/alm/shop?gm=98&astep=0&sid=18986,25.1717774,121.4458778,小凡樂園,,MGM
TOM'S WORLD (CITY PLAZA@TAMSUI),"4F., No.8, Jhongshan Rd., Tamsui Dist., New Taipei City 25151",台灣,,頭文字D THE ARCADE、maimai DX International Version,,,https://location.am-all.net/alm/shop?gm=98&astep=0&sid=20135,25.2003326,121.4799342,,,
INFINITY WORLD,No.22-50-1 Zhongshan Rd. Banqiao Dist. New Taipei City 220073,台灣,24時間,maimai DX International Version,,,https://location.am-all.net/alm/shop?gm=98&astep=0&sid=19524,25.0093347,121.4611035,無限遊戲中心 INF GAME Center,ChIJORv531WpQjQRLeQhM0JfBd0,Google
HALA PLANET (NANYA),"1F,No31-5,Nanya E Rd.Banqiao Dist.New Taipei City 220053",台灣,24時間,頭文字D THE ARCADE、maimai DX International Version,,,https://location.am-all.net/alm/shop?gm=98&astep=0&sid=19533,25.0056896,121.455297,哈啦星球 - 板橋南雅店,ChIJMfCFs-sDaDQR57LjrbRs48c,Google
CATCH BUFFET(DA-NAN@SHLIN),"1F.No.48,Sec.1,YangdeBlvd.Shilin Dist.TaipeiCity11146,Taiwan",台灣,,maimai DX International Version,,,https://location.am-all.net/alm/shop?gm=98&astep=0&sid=19884,25.0950492,121.5246077,,,
HALA PLANET(SHILIN),"No. 43, Wenlin Rd., Shilin Dist., Taipei City 111012",台灣,24時間,頭文字D THE ARCADE、maimai DX International Version,,,https://location.am-all.net/alm/shop?gm=98&astep=0&sid=18693,25.0868787,121.5255253,哈啦星球-士林店,ChIJXQLffgCvQjQRKAGV_P4hmDQ,Google
HALA PLANET (RAOHE),"No.202, Raohe St., Songshan Dist., Taipei City 105058",台灣,24時間,頭文字D THE ARCADE、maimai DX International Version、初音ミク Project DIVA Arcade Future Tone,,,https://location.am-all.net/alm/shop?gm=98&astep=0&sid=19206,25.050693,121.5770277,哈啦星球-饒河店,ChIJ3T9su4irQjQRK1OqL6UGzZA,Google
HALA(XINYANG),"1F., No.2, Xinyang St., Zhongzheng Dist., Taipei City 10047",台灣,,頭文字D THE ARCADE、maimai DX International Version,,,https://location.am-all.net/alm/shop?gm=98&astep=0&sid=19759,25.0445923,121.5167157,,,
HALA PLANET,"130,Sec.4,RooseveltRd.Zhongzheng Dist., Taipei City 100, Taiwan",台灣,,頭文字D THE ARCADE、maimai DX International Version、初音ミク Project DIVA Arcade Future Tone,,,https://location.am-all.net/alm/shop?gm=98&astep=0&sid=20325,25.0421407,121.5198716,,,
LIBAO COMPANY,"NO.50-1,SEC.1,ZHONGXIAO W.RD.,ZHONGZHENG DIST., TAIPEI CITY100",台灣,11:00〜22:00,maimai DX International Version,,,https://location.am-all.net/alm/shop?gm=98&astep=0&sid=20525,25.0677905,121.4820754,,,
SHIRONEKOYA(TAIPEI),"1 F No. 50, Nanyang St., Zhongzheng Dist., Taipei City 100007",台灣,24時間,maimai DX International Version,,,https://location.am-all.net/alm/shop?gm=98&astep=0&sid=18656,25.0440094,121.5159911,白喵一番屋-台北店,ChIJvdHgrfCpQjQRd4Y2iuC6A7Q,Google
TOM'S WORLD(HONHUI PLAZA@NEW TAIPEI),"9F No.3,Sec.4,New Taipei Blvd.,Xinzhuang Dist.New Taipei City",台灣,,頭文字D THE ARCADE、maimai DX International Version,,,https://location.am-all.net/alm/shop?gm=98&astep=0&sid=19667,25.0265985,121.4178347,,,
TIGER'S WORLD (XINZHUANG),"No.763,Xingfu E. Rd.,Xinzhuang Dist.,New Taipei City 242040,TWN",台灣,,maimai DX International Version,,,https://location.am-all.net/alm/shop?gm=98&astep=0&sid=19424,25.049437,121.4639439,,,
TOM'S WORLD(MORI SHOWTIME@SHULIN),"3F.No.40-6,Shuxin Rd. Shulin Dist.,New Taipei City 238, Taiwan",台灣,11:00〜22:00,maimai DX International Version,,,https://location.am-all.net/alm/shop?gm=98&astep=0&sid=19591,24.9955128,121.4284257,湯姆熊 - 樹林秀泰店,ChIJP4xJOBQdaDQRh_XjihxdJNw,Google
TOM'S WORLD (YULON CITY@XINDIAN),"7F No.70 Sec3,Zhongxing Rd,Xindian Dist,New Taipei City",台灣,10:30〜22:00,頭文字D THE ARCADE、maimai DX International Version,,,https://location.am-all.net/alm/shop?gm=98&astep=0&sid=19028,25.00719,121.4553603,,,
JAVA PLANET(LE-HUA@YOUNG-HE),"No. 22, Yongping Rd., Yonghe Dist., New Taipei City, Taiwan",台灣,24時間,maimai DX International Version,,,https://location.am-all.net/alm/shop?gm=98&astep=0&sid=19422,25.008979,121.513393,夾到飽永和店,ChIJQ8196X6pQjQRq-oQ6kpZGVs,Google
TIGER'S WORLD (LUZHOU),"No.8, Changrong Rd., Luzhou Dist., New Taipei City 247033",台灣,,maimai DX International Version,,,https://location.am-all.net/alm/shop?gm=98&astep=0&sid=19414,25.0868908,121.4715241,,,
YOUNG KEY PARADISE(DATONG),"RM.37,NO.100,SEC.1, CIVIC BLBD.,DATONG DIST., TAIPEI CITY",台灣,11:00〜22:00,maimai DX International Version、初音ミク Project DIVA Arcade Future Tone,,,https://location.am-all.net/alm/shop?gm=98&astep=0&sid=24024,25.0491067638321,121.515569327105,永淇樂園,,MGM
GiGO MITSUI OUTLET PARK Lin Kou,"2F, No.356, Sec.1,Wenhua3rdRd,LinkouDist,NewTaipeiCity,Taiwan",台灣,11:00〜22:00,頭文字D THE ARCADE、maimai DX International Version,,,https://location.am-all.net/alm/shop?gm=98&astep=0&sid=20505,25.0534572,121.3679552,,,
TOM'S WORLD MITSUI OUTLET PARK-LINKOU,"3F,No.123,Sec.1,Wenhua 2nd Rd,Linkou Dist,New Taipei City 244008",台灣,,頭文字D THE ARCADE、maimai DX International Version,,,https://location.am-all.net/alm/shop?gm=98&astep=0&sid=18728,25.2247173,121.6365176,,,
KILEDO-XIN△YI,"No.20, Songshou Rd, Sinyi Dist,Taipei City 110062",台灣,,maimai DX International Version,,,https://location.am-all.net/alm/shop?gm=98&astep=0&sid=19738,25.045098,121.5613131,,,
TOM'S WORLD(FE21@TAOYUAN),"12F., NO.20,ZHONGZHENG RD.,TAOYUAN CITY, TAOYUAN COUNTY",台灣,11:00〜21:30,頭文字D THE ARCADE、maimai DX International Version,,,https://location.am-all.net/alm/shop?gm=98&astep=0&sid=24136,24.9898544722003,121.313921236771,,ChIJRaJ8rPweaDQRBQMzC6E6lxs,Google
HALA PLANET(TAOYUAN),"No. 168, Fuxing Rd., Taoyuan Dist., Taoyuan City 330046",台灣,24時間,頭文字D THE ARCADE、maimai DX International Version,,,https://location.am-all.net/alm/shop?gm=98&astep=0&sid=18789,24.9904077,121.312293,哈啦星球-桃園復興店,ChIJU7hWUgAfaDQRNAXbSqVlWsM,Google
RED HAT ELEPHANT (TAOYUAN),"9F.,No.61JhongjhengRd.TaoyuanDist.,TaoyuanCity33041,Taiwan",台灣,,maimai DX International Version,,,https://location.am-all.net/alm/shop?gm=98&astep=0&sid=19926,24.9934099,121.2969674,,,
SHIRONEKOYA,"No.127, Fuxing Rd., Taoyuan Dist., TaoyuanCity33066,Taiwan",台灣,24時間,maimai DX International Version,,,https://location.am-all.net/alm/shop?gm=98&astep=0&sid=19675,24.990303,121.312723,,ChIJ56DbCeAfaDQRJKxnA64_ZlU,Google
GiGO METRO WALK,"4F,NO.501 ,SEC.2,JHONGYUAN RD,JHONGLICITY,TAOYUAN COUNTY",台灣,11:00〜22:00,頭文字D THE ARCADE、maimai DX International Version,,,https://location.am-all.net/alm/shop?gm=98&astep=0&sid=24700,25.0013610040415,121.228575054891,GiGO - 桃園大江店,ChIJaZWQfAAhaDQRIbujSrdhz0E,Google
SHIRONEKOYA(ZHONGLI),"1F., No. 575, Yanping Rd., Zhongli Dist., Taoyuan City 320061",台灣,24時間,maimai DX International Version,,,https://location.am-all.net/alm/shop?gm=98&astep=0&sid=18794,24.9547944,121.222628,白喵一番屋 - 中壢店,ChIJO9M7EQAjaDQRc6YphdJH-hU,Google
TIGER'S WORLD-CARREFOUR ZHONGYUAN,"1F.,No.501,Sec.2,Zhonghua Rd.,Zhongli Dist.,Taoyuan City 320021",台灣,,maimai DX International Version,,,https://location.am-all.net/alm/shop?gm=98&astep=0&sid=18809,24.9721514,121.2053963,,,
RED HAT ELEPHANT(SOGO@ZHONGLI ),"11F,NO.357YUANHUA RD., JHONGLI CITY, TAOYUAN COUNTY",台灣,11:00〜21:30,maimai DX International Version,,,https://location.am-all.net/alm/shop?gm=98&astep=0&sid=22352,24.962581,121.223555,紅帽象中壢SOGO店,ChIJ57SfszYiaDQRG5N12rfORws,Google
NEW CITY(ZHONGLI),"11F,NO.120,SEC.1,ZHONGYANG W.RD,ZHONGLI CITY, TAOYUAN",台灣,24時間,頭文字D THE ARCADE、maimai DX International Version,,,https://location.am-all.net/alm/shop?gm=98&astep=0&sid=24066,24.9584889,121.2203631,新都市育樂廣場,ChIJ8XF_hjUiaDQRbrmwfvitKx0,Google
TIGER'S WORLD (JC PARK@ZHONGLI),"4F., No.51, Jhongjheng Rd., Jhongli Dist., Taoyuan City 320001",台灣,11:00〜22:00,maimai DX International Version,,,https://location.am-all.net/alm/shop?gm=98&astep=0&sid=19199,24.9541156,121.2240366,老虎歡樂世界Tiger'sWorld 中正店,ChIJla8VTb0jaDQRXRUnWdoJrDs,Google
CARTOONNI,"7F., No.112, Sec. 1, Nankan Rd.Luzhu Dist., Taoyuan City 338207",台灣,,maimai DX International Version,,,https://location.am-all.net/alm/shop?gm=98&astep=0&sid=18743,25.0462073,121.2953089,,,
TOM'S WORLD(JHONGSING@HSINCHU),"1F.,NO.32, LINSEN RD.,HSINCHU CITY,",台灣,24時間,頭文字D THE ARCADE、maimai DX International Version,,,https://location.am-all.net/alm/shop?gm=98&astep=0&sid=24683,24.801872,120.9689311,湯姆熊新竹中興店,ChIJ4ebQFOo1aDQRATgygKNp5xI,Google
TOM'S WORLD(GIANT CITY@HSINCHU),"8F., NO.229, ZHONGYANG RD.,NORTH DIST., HSINCHU CITY",台灣,11:00〜21:30,maimai DX International Version,,,https://location.am-all.net/alm/shop?gm=98&astep=0&sid=23030,24.8103598821181,120.975195775424,湯姆熊新竹巨城店,ChIJeY5CYgA1aDQRreWZ7zGRahQ,Google
SHIRONEKOYA(HSINCHU),"1F., No.76, Xinyi St., East Dist., Hsinchu City 300025, Taiwan",台灣,24時間,maimai DX International Version、初音ミク Project DIVA Arcade Future Tone,,,https://location.am-all.net/alm/shop?gm=98&astep=0&sid=19469,24.8032086,120.9706468,白喵一番屋-新竹店,ChIJ15jS-6I1aDQRrTKmD7LicRM,Google
TOM'S WORLD(SHANG-SHUN WORLD@MIAOLI),"6F., No.105, Zhongyang Rd., Toufen City, Miaoli County 35157",台灣,,maimai DX International Version,,,https://location.am-all.net/alm/shop?gm=98&astep=0&sid=19663,0.0,0.0,,,
TOM'S WORLD(TOM'S WORLD TAROKO MALL),"10 F, No.186, Sec.4, Fuxing Rd,East Dist, Taichung City 401211",台灣,11:00〜22:00,maimai DX International Version,,,https://location.am-all.net/alm/shop?gm=98&astep=0&sid=18425,24.1359391,120.6877419,湯姆熊 - 台中新時代店（iFG遠雄廣場）,ChIJj_dHEBg9aTQRmYf_N5f77cQ,Google
GIGO KUANG SAN SOGO-Taichung,"17F.,No.459,Sec.2,Taiwan Blvd.,West Dist.,Taichung City 403503",台灣,,maimai DX International Version,,,https://location.am-all.net/alm/shop?gm=98&astep=0&sid=18828,24.1430604,120.6631289,,,
TOM'S WORLD(CHIN CHIN@TAICHUNG),"B1F.-2,NO.14, BEITUN RD.,NORTH DISTRICT,TAICHUNG CITY",台灣,24時間,頭文字D THE ARCADE、maimai DX International Version,,,https://location.am-all.net/alm/shop?gm=98&astep=0&sid=24686,24.1601922906738,120.691991665929,湯姆熊親親店(親親戲院),ChIJuw_5eF89aTQRfpJIFYHuL8c,Google
WAWA EMPIRE(YIJHONG),"1F,NO.9,ZUNXIAN ST., NORTH DIST.TAICHUNG CITY 404,TAIWAN(R.O.C.)",台灣,12:00〜24:00,maimai DX International Version,,,https://location.am-all.net/alm/shop?gm=98&astep=0&sid=21127,24.1488236,120.6853439,,ChIJ6zy8Y_Y9aTQRJiT5d8MvH1w,Google
SHIRONEKOYA(TAICHUNG),"1F.,No.7,Ln. 6,Yucai St.,North Dist.,Taichung City,Taiwan",台灣,24時間,maimai DX International Version,,,https://location.am-all.net/alm/shop?gm=98&astep=0&sid=19234,24.1502189,120.6849391,白喵一番屋-台中店,ChIJEXKl23U9aTQRYSLFF-f6SiM,Google
HALA PLANET(TAICHUNG YIZHONG),"No.10, Taiping Rd., North Dist., Taichung City 404008, Taiwan",台灣,24時間,頭文字D THE ARCADE、maimai DX International Version,,,https://location.am-all.net/alm/shop?gm=98&astep=0&sid=18603,24.1476019,120.6859621,哈啦星球-台中一中店 Support by X50,ChIJW-aXe7U9aTQRkjBn_VRg-P0,Google
TOM'S WORLD(SHOWTIME WENXIN@TAICHUNG),"4F., No.289, Wenxin S. Rd., NantunDist., Taichung City 40854,",台灣,11:00〜22:00,maimai DX International Version,,,https://location.am-all.net/alm/shop?gm=98&astep=0&sid=20076,24.1296447,120.6461153,湯姆熊台中秀泰文心店,ChIJz2PqEgA9aTQR-KZR5d73_xk,Google
GiGO TIGER CITY,"B1F, NO.120, SEC.3,HENANRD.,SitunDistrict,TaichungCity",台灣,11:00〜22:00,頭文字D THE ARCADE、maimai DX International Version,,,https://location.am-all.net/alm/shop?gm=98&astep=0&sid=24698,24.1643237945252,120.637863241322,GiGO - 台中老虎城店,ChIJYZlZMPI9aTQR74Pxsm49bQs,Google
TOM'S WORLD (CHUNGYO@TAICHUNG),"8F.No.161,Sec.3,Sanmin Rd.,Central Dist.,TaichungCity400,Taiwan",台灣,,maimai DX International Version,,,https://location.am-all.net/alm/shop?gm=98&astep=0&sid=19948,24.130577,120.660948,,,
GiGO LaLaport Taichung,"3F., No.700, Jinde Rd., East Dist., Taichung City 401004",台灣,11:00〜22:00,maimai DX International Version,,,https://location.am-all.net/alm/shop?gm=98&astep=0&sid=19124,24.1339393,120.6924444,GiGO - 台中Lalaport店,ChIJc6lbS_c9aTQR6jzdMLIknf0,Google
HALA (FENGJIA),"269-48,Sec.2,Situn Rd.,Situn Dist.,Taichung City 407043,Taiwan",台灣,,頭文字D THE ARCADE、maimai DX International Version、初音ミク Project DIVA Arcade Future Tone,,,https://location.am-all.net/alm/shop?gm=98&astep=0&sid=19035,24.1792187,120.6404927,,,
TOM'S WORLD MITSUI OUTLET PARK-TAICHUNG,"2F No168 Sec10, Taiwan Blvd Wuqi Dist TaichungCity 435407",台灣,,頭文字D THE ARCADE、maimai DX International Version,,,https://location.am-all.net/alm/shop?gm=98&astep=0&sid=18712,24.2490793,120.5386546,,,
TOM'S WORLD(DALI@TAICHUNG),"NO.446, SEC. 2, ZHONGXING RD.,DALI DIST., TAICHUNG CITY",台灣,13:00〜22:00,maimai DX International Version,,,https://location.am-all.net/alm/shop?gm=98&astep=0&sid=23031,24.1089146367288,120.690367542467,湯姆熊台中大里店,ChIJtacXQN08aTQRrmy3pgDXOi4,Google
SIN YI CITY (ZHANQIAN),"NO.12,SANMIN RD.,FENGYUAN DIST.TAICHUNG CITY 420,TAIWAN",台灣,24時間,maimai DX International Version,,,https://location.am-all.net/alm/shop?gm=98&astep=0&sid=21498,24.2513923,120.7210256,,,
RED HAT ELEPHANT(SOGO@FENGYUAN),"10F., NO.2, FUXING RD., FENGYUAN DIST.,TAICHUNG CITY 420, TAIWAN",台灣,11:00〜22:00,maimai DX International Version,,,https://location.am-all.net/alm/shop?gm=98&astep=0&sid=22323,24.250721,120.720649,紅帽象豐原太平洋店,ChIJN_jfwM0baTQRqRFmqS73MXU,MGM
TOM'S WORLD (HUILAI@CHANGHUA),"No.49-1, Huilai St., Yuanlin City, Changhua County 51054, Taiwan",台灣,24時間,頭文字D THE ARCADE、maimai DX International Version,,,https://location.am-all.net/alm/shop?gm=98&astep=0&sid=20098,23.9554794,120.573628,湯姆熊員林惠來店,ChIJ9QwCGzk3aTQR0cOrT424WSY,Google
TOM'S WORLD(CARREFOUR@CHANGHUA),"2F.No.321,Sec.2,Jinma Rd.Canghua City,Changhua Country 500044",台灣,,maimai DX International Version,,,https://location.am-all.net/alm/shop?gm=98&astep=0&sid=19137,24.092858,120.5731585,,,
SIN YI CITY (HUWEI),"1F., NO.80, XINXING RD., HUWEI TOWNSHIP, YUNLIN COUNTY 632",台灣,12:00〜24:00,頭文字D THE ARCADE、maimai DX International Version,,,https://location.am-all.net/alm/shop?gm=98&astep=0&sid=20555,23.7094406,120.4346892,新藝城虎尾店,ChIJSzyAu6ywbjQRjgKIC-9HCik,Google
TOM'S WORLD(BOAI@CHIAYI),"NO.181, SEC.2, BO'AI RD.,WEST DIST, CHIAYI CITY 60059",台灣,11:00〜22:00,頭文字D THE ARCADE、maimai DX International Version,,,https://location.am-all.net/alm/shop?gm=98&astep=0&sid=24149,23.4809110810676,120.439305963893,湯姆熊 - 嘉義博愛店,ChIJ6-GaDSmUbjQRRQni4lWjR-k,Google
TOM'S WORLD(SHOW TIME@CHIAYI),"No.299, Wenhua Rd., West Dist.,Chiayi City 600054, Taiwan",台灣,11:00〜22:00,maimai DX International Version,,,https://location.am-all.net/alm/shop?gm=98&astep=0&sid=19528,23.4852891,120.4476782,湯姆熊秀泰生活嘉義店,ChIJnZNtqgOVbjQRzke5gsEEUoQ,Google
CHAMELEON (CHIAYI),No.79 Wenhua Rd. East Dist. Chiayi City 600 Taiwan,台灣,10:00〜03:00,頭文字D THE ARCADE、maimai DX International Version,,,https://location.am-all.net/alm/shop?gm=98&astep=0&sid=19070,23.4773433,120.4497225,變色龍歡樂世界,ChIJmyFQ-kiVbjQRsy2kIoTKwpE,Google
GUOBIN AMUSEMENT PARK,"2F., No.66,Sec.1,Zhonghua E.Rd.East Dist.,TainanCity Taiwan",台灣,,頭文字D THE ARCADE、maimai DX International Version,,,https://location.am-all.net/alm/shop?gm=98&astep=0&sid=19606,24.3330551,120.7404083,,,
TOM'S WORLD (T.S. MALL@TAINAN),"B1,No.366,Sec.1,ZhonghuaE.Rd.EastDist.,TainanCity70155,Taiwan",台灣,,頭文字D THE ARCADE、maimai DX International Version,,,https://location.am-all.net/alm/shop?gm=98&astep=0&sid=19941,22.998693,120.234058,,,
TOM'S WORLD(FOCUS@TAINAN),"9F.,NO.166, ZHONGSHAN RD.,WEST CENTRAL DIST., TAINAN CITY",台灣,11:00〜21:30,頭文字D THE ARCADE、maimai DX International Version,,,https://location.am-all.net/alm/shop?gm=98&astep=0&sid=24150,22.995715824494,120.210264941139,湯姆熊台南FOCUS店,ChIJnw5u7ot2bjQRPDQ8Sc0JnMs,Google
TOM'S WORLD (CIAO-LI@TAINAN)),"2F.No.239,ZhongzhengRd.West Central Dist.,TainanCity70055,Taiwan",台灣,11:00〜22:00,maimai DX International Version,,,https://location.am-all.net/alm/shop?gm=98&astep=0&sid=19936,22.9948212,120.1964522,湯姆熊巧立店,ChIJBSl13nt2bjQRZG2dMMpV3J0,Google
TOM'S WORLD (MITSUKOSHI@TAINAN ),"11F.No.162,ZhongshanRd.WestCentralDist.,TainanCity70043,Taiwan",台灣,11:00〜22:00,maimai DX International Version、初音ミク Project DIVA Arcade Future Tone,,,https://location.am-all.net/alm/shop?gm=98&astep=0&sid=19929,22.9955009,120.2098201,湯姆熊台南新光中山店,ChIJ_a4gj0Z3bjQRW1VdWolqbIo,Google
TOM'S WORLD (MITSUKOSHI@TAINAN),"6F.No.658,Sec.1,XimenRd.,West Central Dist.,TainanCity70051",台灣,11:00〜22:00,maimai DX International Version,,,https://location.am-all.net/alm/shop?gm=98&astep=0&sid=19684,22.990311,120.197495,,ChIJBSl13nt2bjQRZG2dMMpV3J0,Google
TOM'S WORLD(JHENGUANG@TAINAN),"1F., NO.236, SEC.2,JHONGHUAE.RD., TAINAN CITY",台灣,24時間,頭文字D THE ARCADE、maimai DX International Version,,,https://location.am-all.net/alm/shop?gm=98&astep=0&sid=24684,22.9819470535495,120.229921589,湯姆熊台南真光店,ChIJ62tCWaJ2bjQRBHB5B2zCBj0,Google
TOM'S WORLD(JINWUA-TAINAN),"1 F No. 412, Sec. 1, Jinhua Rd., South Dist., Tainan City 702011",台灣,10:00〜22:00,maimai DX International Version,,,https://location.am-all.net/alm/shop?gm=98&astep=0&sid=18509,22.971355,120.1910355,湯姆熊金華店,ChIJ7wg_2MR1bjQRaEOxlFNgcNs,Google
TOM'S WORLD (KAIYUAN@TAINAN),"1F.,No.219,KaiyuanRd.,NorthDist.,TainanCity70442,Taiwan",台灣,24時間,maimai DX International Version,,,https://location.am-all.net/alm/shop?gm=98&astep=0&sid=19938,23.00743,120.22004,湯姆熊台南開元店,ChIJlyoRc-92bjQRvdJrH4YjRgs,Google
TOM'S WORLD(XIMEN@TAINAN),"1F.,NO.273,SEC.4, XIMEN RD.,NORTH DIST., TAINAN CITY",台灣,24時間,maimai DX International Version,,,https://location.am-all.net/alm/shop?gm=98&astep=0&sid=24013,23.013162,120.208839,湯姆熊台南西門店,ChIJi9YRpfl2bjQRKUFtKOd6BYQ,Google
TOM'S WORLD (HAIDIAN-LI@TAINAN)),"1FNo329,Sec.1,Haidian Rd.,AnnanDist.,TainanCity70962,Taiwan",台灣,,頭文字D THE ARCADE、maimai DX International Version,,,https://location.am-all.net/alm/shop?gm=98&astep=0&sid=19933,39.959953,116.298326,,,
HAPPY100 (E DA),"3F,No.12,Sec.1,XuechengRd DashuDist.KaohsiungCity84048,Taiwan",台灣,,maimai DX International Version,,,https://location.am-all.net/alm/shop?gm=98&astep=0&sid=19954,22.708371,120.4242401,,,
TOM'S WORLD (HANSHIN@KAOHSIUNG),"6F.No.777, Bo'ai 2ndRd.ZuoyingDist.KaohsiungCity813603,Taiwan",台灣,,maimai DX International Version,,,https://location.am-all.net/alm/shop?gm=98&astep=0&sid=19592,22.6877358,120.2916524,,,
TOM'S WORLD(MITSUKOSHI@ZUOYING 10F),"10F.No.123,GaotieRd.,ZuoyingDist.,KaohsiungCity81361,Taiwan",台灣,11:00〜22:00,maimai DX International Version,,,https://location.am-all.net/alm/shop?gm=98&astep=0&sid=19942,22.6884719,120.3100475,湯姆熊 - 左營新光店(湯姆貝貝),ChIJvxGGinYFbjQRQuBKe5OGOPs,Google
TOM'S WORLD(MITSUKOSHI@ZUOYING 2F),"2F.No.123,GaotieRd.,Zuoying Dist.,KaohsiungCity81361",台灣,,maimai DX International Version,,,https://location.am-all.net/alm/shop?gm=98&astep=0&sid=19944,22.6877358,120.2916524,,,
RHYTHM ARENA 2,"2F No. 102, Tianxiang 1st Rd., Sanmin Dist",台灣,24時間,maimai DX International Version,,,https://location.am-all.net/alm/shop?gm=98&astep=0&sid=18659,22.6675678,120.3202591,Rhythm Arena II 競音殿堂,ChIJxellHQAFbjQRgznPn6JYirY,Google
X50 MGS KAOHSIUNG,"No.1-12, Chongcing St., Sanmin Dist., Kaohsiung City 807010",台灣,,maimai DX International Version,,,https://location.am-all.net/alm/shop?gm=98&astep=0&sid=18377,0.0,0.0,,,
TOM'S WORLD(SKM PARK@KAOHSIUNG 3F),"NO.100,ZHONGSHAN4TH RD.,QIANZHENDIST.,KAOHSIUNG CITY806,TAIWAN",台灣,10:00〜22:30,頭文字D THE ARCADE、maimai DX International Version,,,https://location.am-all.net/alm/shop?gm=98&astep=0&sid=20968,22.5872135,120.3232481,,,
TOM'S WORLD(DREAM MALL@KAOHSIUNG),"B1., NO.789, ZHONGHUA 5TH RD.QIANZHEN DIST., KAOHSIUNG CITY",台灣,24時間,頭文字D THE ARCADE、maimai DX International Version,,,https://location.am-all.net/alm/shop?gm=98&astep=0&sid=22353,22.6227313709171,120.358046096295,湯姆熊鳳山店,ChIJb-5W_0YbbjQRiULZEuAHXas,Google
HAPPY100(DREAM MALL@KAOHSIUNG ),"9F., NO.789, ZHONGHUA 5TH RD.,QIANZHEN DIST., KAOHSIUNG CITY",台灣,11:00〜22:00,maimai DX International Version,,,https://location.am-all.net/alm/shop?gm=98&astep=0&sid=22921,22.5950062863198,120.307781650332,HAPPY 100 - 夢時代店,ChIJvwxKknIDbjQRNQ5L4UvDCJU,Google
TOM'S WORLD(SKM PARK @KAOHSIUNGB1),"B1,NO.100,ZHONGSHAN4TH RD.,QIANZHENDIST.,KAOHSIUNG CITY806,TWN",台灣,11:00〜21:30,maimai DX International Version,,,https://location.am-all.net/alm/shop?gm=98&astep=0&sid=19687,22.5824875,120.3288911,湯姆熊高雄草衙道,ChIJi5GI0jsDbjQRgIyvQTSD3EU,Google
TOM'S WORLD(LIUHE@KAOHSIUNG),"NO.132, LIUHE 2ND RD.,QIANJIN DISTRICT, KAOHSIUNG",台灣,24時間,頭文字D THE ARCADE、maimai DX International Version,,,https://location.am-all.net/alm/shop?gm=98&astep=0&sid=24622,22.6311428516372,120.29597092943,湯姆熊六合店,ChIJgSX2KN1XBxQRhjDXysUjTUU,Google
RHYTHM ARENA(KAOHSIUNG),"No.18, Wenwu 1st St., Qianjin Dist., Kaohsiung City 801009",台灣,,maimai DX International Version,,,https://location.am-all.net/alm/shop?gm=98&astep=0&sid=19007,22.6272784,120.3014353,,,
TOM'S WORLD(E SKY LAND@KAOHSIUNG),"5F., No.115, Dashun 1st Rd., Gushan Dist., Kaohsiung City 804058",台灣,11:00〜22:00,頭文字D THE ARCADE、maimai DX International Version,,,https://location.am-all.net/alm/shop?gm=98&astep=0&sid=19493,22.6568127,120.3066315,湯姆熊高雄義享天地,ChIJJzmy4e0FbjQRcEw9UwEjits,Google
TOM'S WORLD (SHOWTIME@KONG-SAN),"No.2, Ln. 1, Jie'an Rd., Gangshan Dist., Kaohsiung City 820111",台灣,,頭文字D THE ARCADE、maimai DX International Version,,,https://location.am-all.net/alm/shop?gm=98&astep=0&sid=19215,22.8016472,120.2858846,,,
TOM'S WORLD(FENGSHAN@KAOHSIUNG),"B1F.,NO.149,ZHONGSHAN RD.,FENGSHANG DIST., KAOHSIUNG,",台灣,24時間,頭文字D THE ARCADE、maimai DX International Version,,,https://location.am-all.net/alm/shop?gm=98&astep=0&sid=24073,22.6227308104161,120.358045460731,,ChIJb-5W_0YbbjQRiULZEuAHXas,Google
TOM'S WORLD(FE21 MEGA@KAOHSIUNG),"12/F,21 SANDUO 4TH RD.,LINGYA DIST.,KAOHSIUNG CITY,TAIWAN",台灣,11:00〜21:30,頭文字D THE ARCADE、maimai DX International Version,,,https://location.am-all.net/alm/shop?gm=98&astep=0&sid=22390,22.6130726,120.3039507,湯姆熊高雄大遠百,ChIJGXuu6n4DbjQRnqZMzpTOh84,Google
TOM'S WORLD(JHENGUANG@PINGTUNG),"NO.62, MINSHENG RD.,PINGTUNG CITY, PINGTUNG COUNTY",台灣,24時間,頭文字D THE ARCADE、maimai DX International Version,,,https://location.am-all.net/alm/shop?gm=98&astep=0&sid=24055,22.667925,120.497476,湯姆熊屏東真光店,ChIJ4dl47I4XbjQRIZqM6yNsAMg,Google
TOM'S WORLD (TAITUNG),"1F. No.439,Sec.1,ZhonghuaRd.,TaitungCity,TaitungCounty95042",台灣,24時間,maimai DX International Version,,,https://location.am-all.net/alm/shop?gm=98&astep=0&sid=19928,22.753932,121.1527787,湯姆熊彼得堡店,ChIJia_Xkj65bzQRfOhc-C5LLq0,Google
TOM'S WORLD(E33@HUALIEN),"4F.,NO.530, JHONGJHENG RD.,HUALIEN CITY,HUALIEN COUNTY",台灣,11:00〜22:00,maimai DX International Version,,,https://location.am-all.net/alm/shop?gm=98&astep=0&sid=24673,23.9776428113001,121.608218455285,花蓮三商湯姆熊,ChIJJwk5TMCfaDQRJVaQgEjwF7I,Google
TOM'S WORLD(MINSHENG@LOTONG),"2F.,NO.6,MINSHENG RD.,LUODONG TOWNSHIP, YILAN COUNTY,",台灣,10:00〜22:00,maimai DX International Version,,,https://location.am-all.net/alm/shop?gm=98&astep=0&sid=24665,24.676720059988,121.771031055048,湯姆熊羅東民生店,ChIJC_QSTHnmZzQR-9uxpoUHk48,Google
TOM'S WORLD(LUNA PLAZA@YILAN),"4F.,NO.6, LANE38, SEC.2,MINQUANRD.,YILAN CITY,YILANCNTY",台灣,11:00〜21:30,頭文字D THE ARCADE、maimai DX International Version,,,https://location.am-all.net/alm/shop?gm=98&astep=0&sid=24145,24.7544626818373,121.750711,湯姆熊新月廣場店,ChIJ0329ZMPkZzQRkWmwAe_i0Ss,Google
