id,name,lat,lng,mai,hours,machines
1,基隆一定好★CUBE★,25.129765,121.74485700000002,False,11:00〜02:00,[]
2,樂吉獅歡樂世界 - 基隆店,25.1307591,121.74469010000007,False,,[]
3,台北娃娃帝國地下街,25.046575,121.51558299999999,False,11:00〜22:00,[]
4,永淇樂園,25.048704,121.51504499999999,True,11:00〜22:00,"[{""g"":""jubeat"",""v"":""Beyond the Ave."",""n"":2,""coin"":""現金"",""q"":""直接排隊"",""note"":""無耳機孔，若卡鍵可以向櫃檯反應，通常會直接處理。"",""upd"":""2026-03-18""},{""g"":""SOUND VOLTEX"",""v"":""Legacy Model (舊框)"",""n"":3,""coin"":""現金"",""q"":""直接排隊"",""note"":""最右台的機台左側喇叭沒有聲音"",""upd"":""2024-12-25""},{""g"":""GITADORA DrumMania"",""v"":""(白筐體) GALAXY WAVE"",""n"":1,""coin"":""現金"",""q"":""簽名排隊"",""note"":""白色新框體\r\n沒有GF側"",""upd"":""2026-03-18""},{""g"":""maimai"",""v"":""FiNALE"",""n"":1,""coin"":""現金"",""q"":""直接排隊"",""note"":""左邊液晶螢幕有一塊是黑的"",""upd"":""2026-08-18""},{""g"":""Taiko no Tatsujin"",""v"":""新框體"",""n"":2,""coin"":""現金"",""q"":""直接排隊"",""note"":""比較裡面的機台有一邊一隻的鼓棒被直的消掉"",""upd"":""2026-04-19""},{""g"":""Hatsune Miku Project DIVA Arcade"",""v"":""預設版本"",""n"":2,""coin"":""現金"",""q"":""直接排隊"",""note"":""30元／3首。機況欠佳，右側圈角稍卡、左側叉框稍卡"",""upd"":""2024-12-25""},{""g"":""Nostalgia"",""v"":""Op.3"",""n"":2,""coin"":""現金"",""q"":""直接排隊"",""note"":"""",""upd"":""2024-12-25""},{""g"":""maimai"",""v"":""CiRCLE PLUS"",""n"":2,""coin"":""現金"",""q"":""卡片排隊"",""note"":"""",""upd"":""2025-12-06""},{""g"":""CHUNITHM"",""v"":""X-VERSE-X"",""n"":2,""coin"":""現金"",""q"":""卡片排隊"",""note"":""卡排架在左邊"",""upd"":""2026-03-18""},{""g"":""SOUND VOLTEX"",""v"":""Valkyrie Model (女武神)"",""n"":2,""coin"":""現金"",""q"":""直接排隊"",""note"":"""",""upd"":""2026-03-18""}]"
5,哈啦星球 - 板橋南雅店,25.0061717,121.45437349999997,True,24時間,"[{""g"":""SOUND VOLTEX"",""v"":""Legacy Model (舊框)"",""n"":1,""coin"":""現金"",""q"":""直接排隊"",""note"":""1.目前是全新北少數還有裝設舊框的店家，且也應該是目前最便宜價格 \r\n2.投零錢經常會被吃幣，而要很經常找負責店員處理"",""upd"":""2025-07-19""},{""g"":""Taiko no Tatsujin"",""v"":""新框體"",""n"":1,""coin"":""代幣"",""q"":""卡片排隊"",""note"":""左邊(1P)喇叭沒聲音，玩1P有人在賽車的話會聽不太到聲音"",""upd"":""2023-12-10""},{""g"":""maimai"",""v"":""獨立網"",""n"":1,""coin"":""現金"",""q"":""直接排隊"",""note"":""獨立網，與西門哈拉FiNALE同款，單人遊玩$10/道"",""upd"":""2025-06-02""},{""g"":""CHUNITHM"",""v"":""X-VERSE-X"",""n"":2,""coin"":""現金"",""q"":""卡片排隊"",""note"":""halapay 下午六點前優惠時段"",""upd"":""2025-11-17""},{""g"":""beatmania IIDX"",""v"":""(一般筐體) 33 Sparkle Shower"",""n"":1,""coin"":""現金"",""q"":""直接排隊"",""note"":"""",""upd"":""2024-04-08""},{""g"":""maimai"",""v"":""CiRCLE PLUS"",""n"":3,""coin"":""現金"",""q"":""卡片排隊"",""note"":""有賣三社卡$200，手套$30，耳機$80\r\nhalapay 下午六點前優惠時段"",""upd"":""2025-11-17""}]"
6,湯姆熊台北金萬年店,25.0435081,121.50588600000003,True,11:30〜22:00,"[{""g"":""jubeat"",""v"":""Beyond the Ave."",""n"":2,""coin"":""代幣"",""q"":""直接排隊"",""note"":""20元一道，無耳機孔"",""upd"":""2024-12-13""},{""g"":""REFLEC BEAT"",""v"":""悠久のリフレシア"",""n"":2,""coin"":""代幣"",""q"":""直接排隊"",""note"":"""",""upd"":""2024-12-13""},{""g"":""Taiko no Tatsujin"",""v"":""新框體"",""n"":1,""coin"":""代幣"",""q"":""直接排隊"",""note"":"""",""upd"":""2024-12-13""},{""g"":""SOUND VOLTEX"",""v"":""Legacy Model (舊框)"",""n"":2,""coin"":""代幣"",""q"":""直接排隊"",""note"":"""",""upd"":""2024-12-13""},{""g"":""GROOVE COASTER AC"",""v"":""4EX"",""n"":1,""coin"":""代幣"",""q"":""直接排隊"",""note"":""右搖桿較卡\r\n9/14左搖桿感應不良，版本4.7非歌曲全開放版"",""upd"":""2024-12-13""},{""g"":""Hatsune Miku Project DIVA Arcade"",""v"":""預設版本"",""n"":2,""coin"":""代幣"",""q"":""直接排隊"",""note"":""4枚代幣/3首。右邊台經常會吃幣，時常要找服務人員來處理一下。且有時按鍵會卡頓\r\n右邊台耳機孔已消失\r\n左邊台耳機孔接觸不良@@"",""upd"":""2026-02-06""},{""g"":""Dancerush Stardom"",""v"":""預設版本"",""n"":1,""coin"":""代幣"",""q"":""直接排隊"",""note"":""機況欠佳"",""upd"":""2026-05-07""},{""g"":""maimai"",""v"":""CiRCLE PLUS"",""n"":2,""coin"":""代幣"",""q"":""簽名排隊"",""note"":""機台右方有簽名板"",""upd"":""2024-12-13""},{""g"":""CHUNITHM"",""v"":""X-VERSE-X"",""n"":2,""coin"":""代幣"",""q"":""簽名排隊"",""note"":""機台左方有簽名板\r\n 建議帶耳機\r\n感應不太好"",""upd"":""2025-11-13""},{""g"":""GITADORA DrumMania"",""v"":""(黑筐體) GALAXY WAVE"",""n"":1,""coin"":""代幣"",""q"":""簽名排隊"",""note"":""黑色XG大框體，5/6/9枚一道"",""upd"":""2025-03-01""},{""g"":""GITADORA GuitarFreaks"",""v"":""(黑筐體) GALAXY WAVE"",""n"":1,""coin"":""代幣"",""q"":""簽名排隊"",""note"":""黑色XG大框體，5/6/9枚一道"",""upd"":""2025-03-01""}]"
7,極限遊戲道館（天台廣場）,25.061916,121.49722599999996,False,24時間,[]
8,三重奇樂多歡樂天地,25.064337,121.500585,False,13:30〜01:00,"[{""g"":""Taiko no Tatsujin"",""v"":""新框體"",""n"":1,""coin"":""代幣"",""q"":""直接排隊"",""note"":""**[注意：本店家的代幣 (紅色奇樂多) 與其他奇樂多的代幣 (黃色奇樂多) 無法互用！！]**\r\n\r\n一道$30 (6枚代幣)，有連網\\\r\n3首歌"",""upd"":""2025-10-02""},{""g"":""Pump It Up"",""v"":""PHOENIX 2"",""n"":1,""coin"":""現金"",""q"":""直接排隊"",""note"":""**[注意：本店家的代幣 (紅色奇樂多) 與其他奇樂多的代幣 (黃色奇樂多) 無法互用！！]**\r\n\r\nNORMAL/PREMIUM 30/60元 (6/12枚代幣)\r\n\r\n有連網，可刷AM.PASS \\\r\n欲購買遊戲卡片 (AM.PASS"",""upd"":""2026-08-11""}]"
9,奇樂多歡樂天地饒河店（前熊太樂園）,25.0503566,121.5747878,False,16:00〜24:00,[]
10,力堡站前店,25.046706,121.515135,True,12:00〜22:00,"[{""g"":""jubeat"",""v"":""Beyond the Ave."",""n"":2,""coin"":""現金"",""q"":""直接排隊"",""note"":""- 付款方式：現金 / 儲值卡"",""upd"":""2026-03-25""},{""g"":""SOUND VOLTEX"",""v"":""Legacy Model (舊框)"",""n"":1,""coin"":""現金"",""q"":""卡片排隊"",""note"":""- 付款方式：現金"",""upd"":""2026-03-25""},{""g"":""Taiko no Tatsujin"",""v"":""新框體"",""n"":5,""coin"":""現金"",""q"":""卡片排隊"",""note"":""- 付款方式：現金 / 儲值卡"",""upd"":""2026-06-20""},{""g"":""Nostalgia"",""v"":""Op.3"",""n"":1,""coin"":""現金"",""q"":""直接排隊"",""note"":""- 付款方式：現金 / 儲值卡"",""upd"":""2026-03-25""},{""g"":""beatmania IIDX"",""v"":""(一般筐體) 33 Sparkle Shower"",""n"":1,""coin"":""現金"",""q"":""直接排隊"",""note"":""- 付款方式：現金 / 儲值卡"",""upd"":""2026-03-25""},{""g"":""maimai"",""v"":""CiRCLE PLUS"",""n"":2,""coin"":""現金"",""q"":""卡片排隊"",""note"":""- 付款方式：現金 / 儲值卡"",""upd"":""2026-03-25""},{""g"":""CHUNITHM"",""v"":""X-VERSE-X"",""n"":3,""coin"":""現金"",""q"":""卡片排隊"",""note"":""- 付款方式：現金 / 儲值卡\r\n- 排卡架在最左邊機台上"",""upd"":""2026-03-25""},{""g"":""SOUND VOLTEX"",""v"":""Valkyrie Model (女武神)"",""n"":3,""coin"":""現金"",""q"":""卡片排隊"",""note"":""- 付款方式：現金 / 儲值卡\r\n- 牆角的女武神機台耳機無法正常發聲"",""upd"":""2026-03-25""},{""g"":""beatmania IIDX"",""v"":""(雷霆筐體) 33 Sparkle Shower"",""n"":1,""coin"":""現金"",""q"":""卡片排隊"",""note"":""- 付款方式：現金 / 儲值卡"",""upd"":""2026-03-25""},{""g"":""Dance Dance Revolution"",""v"":""(金筐體) World"",""n"":1,""coin"":""現金"",""q"":""直接排隊"",""note"":""- 付款方式：現金 / 儲值卡\r\n- 機台序號：369"",""upd"":""2026-03-25""},{""g"":""GITADORA DrumMania"",""v"":""(Arena Model) GALAXY WAVE DELTA"",""n"":1,""coin"":""現金"",""q"":""直接排隊"",""note"":""- 付款方式：現金 / 儲值卡"",""upd"":""2026-03-25""},{""g"":""Pop'n Music"",""v"":""(新筐體) High☆Cheers!!"",""n"":1,""coin"":""現金"",""q"":""直接排隊"",""note"":""- 付款方式：現金 / 儲值卡\r\n- 新框體"",""upd"":""2026-04-18""}]"
11,遊戲玩家 HYPER GAMER,25.04517,121.50556800000004,False,11:30〜22:00,[]
12,新莊E7同樂園（一起玩樂世界）,25.023269,121.42492700000003,False,11:00〜22:00,"[{""g"":""Taiko no Tatsujin"",""v"":""新框體"",""n"":1,""coin"":""代幣"",""q"":""直接排隊"",""note"":"""",""upd"":""2024-12-12""},{""g"":""SOUND VOLTEX"",""v"":""Legacy Model (舊框)"",""n"":2,""coin"":""代幣"",""q"":""直接排隊"",""note"":"""",""upd"":""2024-12-12""}]"
13,玩具總動員-西門店,25.0447664,121.5050877,False,10:30〜23:30,[]
14,卡通尼樂園明曜店,25.041275,121.55204700000002,False,11:00〜22:00,"[{""g"":""Taiko no Tatsujin"",""v"":""新框體"",""n"":1,""coin"":""代幣"",""q"":""直接排隊"",""note"":"""",""upd"":""2024-07-03""},{""g"":""CHUNITHM"",""v"":""X-VERSE-X"",""n"":2,""coin"":""代幣"",""q"":""直接排隊"",""note"":""- 一道代幣6枚\r\n\r\n- 最後投幣時間為結束營業前15分鐘。"",""upd"":""2025-11-21""},{""g"":""Dance Dance Revolution"",""v"":""(白筐體) World"",""n"":1,""coin"":""代幣"",""q"":""直接排隊"",""note"":""Normal 30$/Premium 40$/Galaxy 90$，感應正常"",""upd"":""2024-07-03""},{""g"":""SOUND VOLTEX"",""v"":""Valkyrie Model (女武神)"",""n"":2,""coin"":""代幣"",""q"":""直接排隊"",""note"":"""",""upd"":""2024-07-03""}]"
15,上上娃娃屋,25.088143,121.5225553,False,16:00〜24:00,[]
16,新都市育樂廣場,24.958438,121.22017600000004,True,24時間,"[{""g"":""jubeat"",""v"":""Beyond the Ave."",""n"":3,""coin"":""現金"",""q"":""直接排隊"",""note"":""一道20"",""upd"":""2026-07-31""},{""g"":""SOUND VOLTEX"",""v"":""Legacy Model (舊框)"",""n"":2,""coin"":""現金"",""q"":""直接排隊"",""note"":""一道30"",""upd"":""2026-07-31""},{""g"":""DanceEvolution ARCADE"",""v"":""預設版本"",""n"":1,""coin"":""現金"",""q"":""直接排隊"",""note"":""已斷網，投幣20元"",""upd"":""2026-07-31""},{""g"":""maimai"",""v"":""FiNALE"",""n"":2,""coin"":""代幣"",""q"":""卡片排隊"",""note"":""一道兩枚，內圈已無法感應，僅右台2P勉強可用\r\n\r\n左右台2P螢幕皆已壞掉"",""upd"":""2026-07-31""},{""g"":""beatmania IIDX"",""v"":""(一般筐體) 33 Sparkle Shower"",""n"":2,""coin"":""現金"",""q"":""卡片排隊"",""note"":""NORMAL 30元\\\r\nPREMIUM FREE 50元\r\n\r\n左台音響爆掉"",""upd"":""2026-07-31""},{""g"":""Taiko no Tatsujin"",""v"":""新框體"",""n"":1,""coin"":""現金"",""q"":""直接排隊"",""note"":""一道30元\\\r\n3首歌"",""upd"":""2026-07-31""},{""g"":""GROOVE COASTER AC"",""v"":""4EX"",""n"":2,""coin"":""代幣"",""q"":""直接排隊"",""note"":"""",""upd"":""2026-07-31""},{""g"":""Pop'n Music"",""v"":""Jam&Fizz"",""n"":1,""coin"":""現金"",""q"":""直接排隊"",""note"":""舊框體但軟體是最新版有連網\r\n原本的CRT因為故障，內部螢幕更換成ASUS的LCD"",""upd"":""2026-07-31""},{""g"":""We Dancing Online"",""v"":""預設版本"",""n"":3,""coin"":""代幣"",""q"":""直接排隊"",""note"":""一道1枚代幣（5元）"",""upd"":""2026-07-31""},{""g"":""MuziBox"",""v"":""預設版本"",""n"":2,""coin"":""代幣"",""q"":""直接排隊"",""note"":""一道2枚代幣（10元）"",""upd"":""2026-07-31""},{""g"":""Nostalgia"",""v"":""Op.3"",""n"":1,""coin"":""現金"",""q"":""直接排隊"",""note"":"""",""upd"":""2026-07-31""},{""g"":""Taiko no Tatsujin"",""v"":""12代 (亞洲版)"",""n"":1,""coin"":""代幣"",""q"":""直接排隊"",""note"":""3枚代幣/1道"",""upd"":""2026-07-31""},{""g"":""maimai"",""v"":""CiRCLE PLUS"",""n"":2,""coin"":""代幣"",""q"":""卡片排隊"",""note"":""一道五枚\r\n\r\n卡排架在第一組MaiMai前面，左側休息區後面"",""upd"":""2026-07-31""},{""g"":""CHUNITHM"",""v"":""X-VERSE-X"",""n"":2,""coin"":""代幣"",""q"":""卡片排隊"",""note"":""一道6枚代幣"",""upd"":""2026-07-31""},{""g"":""Dance Dance Revolution"",""v"":""(白筐體) World"",""n"":1,""coin"":""現金"",""q"":""直接排隊"",""note"":""Normal $30/Premium $40，踏板有墊高，變很平"",""upd"":""2026-07-31""},{""g"":""ParaParaParadise"",""v"":""2nd MIX"",""n"":1,""coin"":""代幣"",""q"":""直接排隊"",""note"":""一道2枚代幣（10元）\r\n\r\n感應器偶爾運作不良，店家有貼使用公告在機台上\\\r\n螢幕黑暗"",""upd"":""2026-07-31""},{""g"":""GITADORA DrumMania"",""v"":""(黑筐體) GALAXY WAVE"",""n"":1,""coin"":""現金"",""q"":""直接排隊"",""note"":""GalaxyWave"",""upd"":""2026-09-20""},{""g"":""GITADORA GuitarFreaks"",""v"":""(黑筐體) GALAXY WAVE"",""n"":1,""coin"":""現金"",""q"":""直接排隊"",""note"":""GalaxyWave"",""upd"":""2026-07-31""}]"
17,壹網棧,24.991532,121.312727,False,24時間,[]
18,幸運之星電子遊戲場,24.9911497,121.31256200000007,True,11:00〜22:00,"[{""g"":""Danz Base"",""v"":""預設版本"",""n"":1,""coin"":""現金"",""q"":""直接排隊"",""note"":""單人20元\\\r\n雙人30元\r\n\r\n**未連網 (OFFLINE)，無法使用ARKOPAZE ID**\\\r\n2首歌\r\n\r\n機台在maimai DX隔壁，本遊戲地毯/活動區域的一部分已跨到maimai DX區域\\\r\n遊玩時請留意動作"",""upd"":""2025-08-21""},{""g"":""Taiko no Tatsujin"",""v"":""新框體"",""n"":2,""coin"":""現金"",""q"":""直接排隊"",""note"":""DDR旁邊為舊鼓，IIDX旁邊則為新鼓"",""upd"":""2026-06-26""},{""g"":""Taiko no Tatsujin"",""v"":""12代 (亞洲版)"",""n"":1,""coin"":""現金"",""q"":""直接排隊"",""note"":""故障中"",""upd"":""2025-08-21""},{""g"":""maimai"",""v"":""CiRCLE PLUS"",""n"":1,""coin"":""現金"",""q"":""卡片排隊"",""note"":"""",""upd"":""2025-08-21""},{""g"":""Dance Dance Revolution"",""v"":""(白筐體) World"",""n"":1,""coin"":""現金"",""q"":""直接排隊"",""note"":""- $30/$40/$90\r\n- 感應不良，如果沒有確實穩踩容易出 miss，稍微踩到鐵板的話 miss 機率更高"",""upd"":""2025-08-21""},{""g"":""beatmania IIDX"",""v"":""(一般筐體) 33 Sparkle Shower"",""n"":1,""coin"":""現金"",""q"":""直接排隊"",""note"":"""",""upd"":""2025-08-21""},{""g"":""GITADORA DrumMania"",""v"":""(黑筐體) GALAXY WAVE"",""n"":1,""coin"":""現金"",""q"":""直接排隊"",""note"":""筐體判定需要敲比較大力，機台感應不了卡片，包括旁邊的GF機台，機台音量容易被其他機台蓋過，備註其中一隻鼓棒前端斷了"",""upd"":""2026-06-18""},{""g"":""GITADORA GuitarFreaks"",""v"":""(黑筐體) GALAXY WAVE"",""n"":1,""coin"":""現金"",""q"":""直接排隊"",""note"":"""",""upd"":""2026-06-18""}]"
19,湯姆熊新竹中興店,24.801872,120.96893109999996,True,24時間,"[{""g"":""Taiko no Tatsujin"",""v"":""新框體"",""n"":1,""coin"":""代幣"",""q"":""直接排隊"",""note"":""30元一道"",""upd"":""2023-08-20""},{""g"":""maimai"",""v"":""FiNALE"",""n"":2,""coin"":""代幣"",""q"":""直接排隊"",""note"":""機台位於二樓，10:00-22:00開放遊玩\\\r\n20元一道，EVENT MODE"",""upd"":""2023-09-11""},{""g"":""Dancerush Stardom"",""v"":""預設版本"",""n"":1,""coin"":""代幣"",""q"":""直接排隊"",""note"":""30/40/60元一道\\\r\n2022/05店家拆機清潔後機況普通；機旁供乾/溼用兩抹布(乾擦為主)。除塵紙可就近至大聯大百貨購買；若嚴重可請店員吸塵/重開機。"",""upd"":""2023-11-21""},{""g"":""maimai"",""v"":""CiRCLE PLUS"",""n"":2,""coin"":""代幣"",""q"":""卡片排隊"",""note"":""30元一道，湯姆熊大白代幣(5元一枚)，櫃檯時不時有兌幣優惠可以在兌幣前去看看。"",""upd"":""2025-06-06""},{""g"":""CHUNITHM"",""v"":""X-VERSE-X"",""n"":2,""coin"":""代幣"",""q"":""卡片排隊"",""note"":""30元一道"",""upd"":""2023-08-20""},{""g"":""GITADORA DrumMania"",""v"":""(舊筐體) V系列"",""n"":1,""coin"":""代幣"",""q"":""直接排隊"",""note"":""現場已無V系列舊筐體，有XG筐體，版本為Galaxy Wave\r\n遊玩投代幣，遊玩模式換算現金為 30/40/60/90\r\n螢幕反光有點嚴重"",""upd"":""2026-09-27""},{""g"":""GITADORA GuitarFreaks"",""v"":""(舊筐體) V系列"",""n"":1,""coin"":""代幣"",""q"":""直接排隊"",""note"":""現場已無V系列舊筐體，有XG筐體，版本為Galaxy Wave\r\n遊玩投代幣，遊玩模式換算現金為 30/40/60/90\r\n螢幕反光有點嚴重"",""upd"":""2026-09-27""}]"
20,湯姆熊新竹巨城店,24.8088655,120.97447260000001,True,11:00〜21:30,"[{""g"":""Taiko no Tatsujin"",""v"":""新框體"",""n"":1,""coin"":""代幣"",""q"":""直接排隊"",""note"":""左側有掛簽名版，實際上未使用。依照地面貼紙排隊即可。"",""upd"":""2023-02-14""},{""g"":""Taiko no Tatsujin"",""v"":""14代"",""n"":1,""coin"":""代幣"",""q"":""直接排隊"",""note"":""單人20 雙人40"",""upd"":""2025-01-12""},{""g"":""maimai"",""v"":""CiRCLE PLUS"",""n"":2,""coin"":""代幣"",""q"":""卡片排隊"",""note"":""現在版本：maimai DX Circle Plus\\\r\n有音遊專區 柱子旁有專屬置物櫃租借 需押證件 柱子上有意見回報QR可以使用"",""upd"":""2026-07-27""},{""g"":""CHUNITHM"",""v"":""X-VERSE-X"",""n"":2,""coin"":""代幣"",""q"":""卡片排隊"",""note"":""已經更新至 CHUNITHM X-VERSE-X\r\n有音遊專區 柱子旁有專屬置物櫃租借 需押證件 柱子上有意見回報QR可以使用"",""upd"":""2026-07-27""}]"
21,彼得堡歡樂世界,25.0140513,121.46381500000007,False,11:00〜22:00,[]
22,TIGER球の運動館,24.146745,120.64365499999997,False,09:00〜03:00,"[{""g"":""jubeat"",""v"":""Beyond the Ave."",""n"":2,""coin"":""代幣"",""q"":""直接排隊"",""note"":""有兩台，左邊按鍵比較好按右邊按鍵很軟，位置在角落被sdvx和ddr圍著，都有人玩的時侯很吵"",""upd"":""2026-07-26""},{""g"":""SOUND VOLTEX"",""v"":""Legacy Model (舊框)"",""n"":1,""coin"":""代幣"",""q"":""直接排隊"",""note"":""1.sdvx目前剩一台，螢幕有大量破線，稍微影響遊玩。\r\n2.耳機孔有點接觸不良，若3.5腳針太短可能要調一下，或是照順/逆時針轉一下。\r\n3.按鍵有在維護手感很好，旋鈕偏緊但是感應有點不良有時候會莫名其妙斷combo。"",""upd"":""2026-07-26""},{""g"":""beatmania IIDX"",""v"":""(一般筐體) 33 Sparkle Shower"",""n"":1,""coin"":""代幣"",""q"":""直接排隊"",""note"":""螢幕顏色有些色偏。大部分時候沒開機要玩要找店員幫忙開機。整體按鍵有在維護手感還不錯"",""upd"":""2026-07-26""},{""g"":""Taiko no Tatsujin"",""v"":""新框體"",""n"":1,""coin"":""現金"",""q"":""直接排隊"",""note"":"""",""upd"":""2026-06-20""},{""g"":""SOUND VOLTEX GENERATOR"",""v"":""抽卡機"",""n"":1,""coin"":""未知"",""q"":""未知"",""note"":"""",""upd"":""2025-02-12""},{""g"":""Nostalgia"",""v"":""Op.3"",""n"":1,""coin"":""代幣"",""q"":""直接排隊"",""note"":""內建喇叭音量很大聲、機台螢幕玻璃內很多髒污、遊玩時過場讀取很慢，可能是機台內部未清潔主機散熱不佳"",""upd"":""2025-02-12""},{""g"":""Taiko no Tatsujin"",""v"":""12代 (亞洲版)"",""n"":1,""coin"":""現金"",""q"":""直接排隊"",""note"":""11代亞洲版"",""upd"":""2024-05-03""},{""g"":""Dance Dance Revolution"",""v"":""(白筐體) World"",""n"":1,""coin"":""代幣"",""q"":""直接排隊"",""note"":""Normal $30/Premium $40，踏板很凹"",""upd"":""2025-02-12""},{""g"":""CHUNITHM"",""v"":""X-VERSE-X"",""n"":2,""coin"":""代幣"",""q"":""直接排隊"",""note"":""1.右台觸控膜近期內有換新，左右台的耳機孔功能皆正常\r\n\r\n2.遊玩區域附近沒有空調出風口，有時會比較悶熱\r\n\r\n3.店家機台喇叭沒有開很大聲，隔壁DDR有人遊玩時可能會聽不清聲音，建議戴耳機\r\n\r\n4.下午接近傍晚才能開天花板崁燈，戶外天"",""upd"":""2025-09-22""}]"
23,(一中街)娃娃帝國音樂運動館,24.149545,120.68460500000003,False,10:30〜24:00,[]
24,(一中街)娃娃帝國育才店,24.149434,120.68491599999993,False,10:30〜24:00,[]
25,娃娃帝國一中店,24.148774,120.68530499999997,False,10:30〜23:00,[]
26,娃娃帝國 - 倫敦館,24.1780952,120.6453653,False,14:00〜23:00,[]
27,湯姆熊親親店(親親戲院),24.160239,120.69200899999998,True,24時間,"[{""g"":""Taiko no Tatsujin"",""v"":""新框體"",""n"":1,""coin"":""代幣"",""q"":""卡片排隊"",""note"":""30元一道"",""upd"":""2024-11-14""},{""g"":""maimai"",""v"":""CiRCLE PLUS"",""n"":2,""coin"":""代幣"",""q"":""卡片排隊"",""note"":""30元一道"",""upd"":""2024-11-14""},{""g"":""CHUNITHM"",""v"":""X-VERSE-X"",""n"":2,""coin"":""代幣"",""q"":""卡片排隊"",""note"":""- 25元一道\r\n- 機況不錯，人不多\r\n- 機台對面是maimai，怕被按鍵聲干擾可戴耳機"",""upd"":""2024-11-14""}]"
28,王者保齡球館,24.096572,120.68400900000006,False,09:00〜03:00,"[{""g"":""We Dancing Online"",""v"":""預設版本"",""n"":1,""coin"":""代幣"",""q"":""直接排隊"",""note"":""目前關機狀態"",""upd"":""2025-12-21""},{""g"":""Taiko no Tatsujin"",""v"":""14代"",""n"":1,""coin"":""代幣"",""q"":""直接排隊"",""note"":""一道4枚代幣(20元)\r\n\r\n版本為12代日版\r\n\r\n左控制器的右鼓邊連選右邊難度也有問題，無法在此控制器打出裏譜面就別嘗試\r\n\r\n右控制器的鼓邊有幾個雷區沒有感應，鼓面疑似打到一定程度導致共振會突然感應而選到曲子，整體還是可遊玩但少量干擾"",""upd"":""2026-09-27""}]"
29,湯姆熊台中大里店,24.1088754,120.68997450000006,True,10:00〜23:00,"[{""g"":""maimai"",""v"":""CiRCLE PLUS"",""n"":1,""coin"":""代幣"",""q"":""卡片排隊"",""note"":""12枚一道"",""upd"":""2026-07-05""}]"
30,湯姆熊台中中友店,24.1520729,120.684754,True,11:00〜21:30,"[{""g"":""Taiko no Tatsujin"",""v"":""14代"",""n"":1,""coin"":""代幣"",""q"":""直接排隊"",""note"":""5枚代幣/25元\\\r\n機台在maimai隔壁"",""upd"":""2025-06-27""},{""g"":""maimai"",""v"":""CiRCLE PLUS"",""n"":1,""coin"":""代幣"",""q"":""卡片排隊"",""note"":""- 30元一道，人潮眾多\r\n- 一台搬到文心湯了:(\r\n-排卡下方有置物籃"",""upd"":""2025-06-27""}]"
31,新藝城 - 廟東店,24.2511067,120.71917280000002,False,11:00〜24:00,"[{""g"":""Taiko no Tatsujin"",""v"":""新框體"",""n"":1,""coin"":""現金"",""q"":""卡片排隊"",""note"":""- 30元一道"",""upd"":""2026-04-07""}]"
32,員林火車頭娃娃城,23.9589529,120.57043999999996,False,10:00〜23:00,[]
33,變色龍歡樂世界,23.477301,120.449769,True,10:00〜27:00,"[{""g"":""GITADORA DrumMania"",""v"":""(白筐體) GALAXY WAVE"",""n"":1,""coin"":""現金"",""q"":""直接排隊"",""note"":""擺在2樓，平日下午三點半開機，假日中午十二點開，若遇到黑屏且音響有噪音的情況，請店員重開即可解決"",""upd"":""2026-06-18""},{""g"":""GITADORA GuitarFreaks"",""v"":""(白筐體) GALAXY WAVE"",""n"":1,""coin"":""現金"",""q"":""直接排隊"",""note"":""擺放於2樓，平日下午三點半開機，假日中午十二點開"",""upd"":""2026-06-18""},{""g"":""Taiko no Tatsujin"",""v"":""新框體"",""n"":3,""coin"":""現金"",""q"":""直接排隊"",""note"":""擺在1樓"",""upd"":""2025-11-14""},{""g"":""maimai"",""v"":""CiRCLE PLUS"",""n"":3,""coin"":""現金"",""q"":""卡片排隊"",""note"":""2組在2樓，1組在1樓\r\n2樓左台有1,2P有全時段直播台   \r\nYT直播頻道:變色龍歡樂世界   \r\n2樓左台為原廠手感，右台按鍵較輕感\r\n1樓為原廠手感"",""upd"":""2026-09-10""},{""g"":""CHUNITHM"",""v"":""X-VERSE-X"",""n"":3,""coin"":""現金"",""q"":""卡片排隊"",""note"":""擺放於2樓\r\n請小心自己的卡片以免被插隊\r\n平日下午三點半開機，假日中午十二點開"",""upd"":""2026-06-18""},{""g"":""SOUND VOLTEX"",""v"":""Valkyrie Model (女武神)"",""n"":1,""coin"":""現金"",""q"":""直接排隊"",""note"":""擺放於2樓，平日下午三點半開機，假日中午十二點開"",""upd"":""2026-06-18""},{""g"":""Dance Dance Revolution"",""v"":""(白筐體) World"",""n"":1,""coin"":""現金"",""q"":""直接排隊"",""note"":""擺放於2樓角落\r\n平日下午三點半開機，假日中午十二點開\r\n2025/07/22 到店遊玩時已經更新到world版本了\r\n一局30，可玩single/double隨時切換\r\n長鍵有斷掉的可能"",""upd"":""2026-06-18""}]"
34,湯姆熊 - 嘉義文化店,23.480581,120.4472809,False,24時間,[]
35,湯姆熊台南真光店,22.982266,120.23015190000001,True,24時間,"[{""g"":""Taiko no Tatsujin"",""v"":""新框體"",""n"":1,""coin"":""代幣"",""q"":""直接排隊"",""note"":""12枚一道"",""upd"":""2025-12-18""},{""g"":""maimai"",""v"":""CiRCLE PLUS"",""n"":2,""coin"":""代幣"",""q"":""卡片排隊"",""note"":""12枚一道\r\n- 有桌椅、置物架、公用手套、杯水、留言本\r\n- 機況時好時壞"",""upd"":""2025-12-18""},{""g"":""CHUNITHM"",""v"":""X-VERSE-X"",""n"":2,""coin"":""代幣"",""q"":""卡片排隊"",""note"":""12枚一道"",""upd"":""2025-12-18""},{""g"":""GITADORA DrumMania"",""v"":""(黑筐體) GALAXY WAVE"",""n"":1,""coin"":""代幣"",""q"":""直接排隊"",""note"":""12枚一道"",""upd"":""2025-12-18""},{""g"":""GITADORA GuitarFreaks"",""v"":""(黑筐體) GALAXY WAVE"",""n"":1,""coin"":""代幣"",""q"":""直接排隊"",""note"":""12枚一道"",""upd"":""2025-12-18""},{""g"":""Dance Dance Revolution"",""v"":""(白筐體) World"",""n"":1,""coin"":""代幣"",""q"":""直接排隊"",""note"":"""",""upd"":""2025-12-18""}]"
36,湯姆熊台南西門店,23.013162,120.20883900000001,True,24時間,"[{""g"":""Taiko no Tatsujin"",""v"":""新框體"",""n"":1,""coin"":""代幣"",""q"":""直接排隊"",""note"":"""",""upd"":""2025-11-13""},{""g"":""maimai"",""v"":""CiRCLE PLUS"",""n"":2,""coin"":""代幣"",""q"":""卡片排隊"",""note"":""12枚代幣一道，有桌椅、卡排架及置物架\r\n- 機況稍微欠佳，堪用程度\r\n\r\n2025/12 多新增一座"",""upd"":""2025-12-06""}]"
37,湯姆熊台南開元店,23.0074561,120.22004800000002,True,07:00〜24:00,"[{""g"":""Taiko no Tatsujin"",""v"":""新框體"",""n"":1,""coin"":""代幣"",""q"":""直接排隊"",""note"":""12枚一道"",""upd"":""2025-03-22""},{""g"":""maimai"",""v"":""CiRCLE PLUS"",""n"":2,""coin"":""代幣"",""q"":""卡片排隊"",""note"":""12枚一道。\r\n機台左側有卡排（兩台分開排）。\r\n前方有桌椅。\r\n兩側有置物架，置物架有排卡架、公用手套、留言本。\r\n兩台機台旁各有一台電風扇。"",""upd"":""2025-05-28""}]"
38,Happy 100 - 德安百貨6F,22.9738271,120.22068390000004,False,11:00〜22:00,[]
39,湯姆熊金華店,22.971333,120.19090600000004,True,10:00〜24:00,"[{""g"":""Taiko no Tatsujin"",""v"":""新框體"",""n"":1,""coin"":""代幣"",""q"":""直接排隊"",""note"":""30元一道"",""upd"":""2026-07-08""},{""g"":""Taiko no Tatsujin"",""v"":""14代"",""n"":1,""coin"":""代幣"",""q"":""直接排隊"",""note"":"""",""upd"":""2025-10-05""},{""g"":""maimai"",""v"":""CiRCLE PLUS"",""n"":1,""coin"":""代幣"",""q"":""直接排隊"",""note"":""2025/12/3 新機剛營業\r\n後面有小沙發但沒有桌子\r\n-\r\n置物櫃和排卡架都還沒有\r\n店員說在製作中了"",""upd"":""2025-12-06""}]"
40,湯姆熊台南遠百娛樂城,22.9954981,120.20610599999998,False,11:00〜22:00,"[{""g"":""Taiko no Tatsujin"",""v"":""新框體"",""n"":1,""coin"":""現金"",""q"":""直接排隊"",""note"":""30元一道"",""upd"":""2025-03-22""}]"
41,湯姆熊巧立店,22.9929344,120.1971214,True,11:00〜23:00,"[{""g"":""Taiko no Tatsujin"",""v"":""新框體"",""n"":1,""coin"":""代幣"",""q"":""直接排隊"",""note"":""12枚一道，1P的左咔很不敏感，音樂小聲而且高頻"",""upd"":""2024-11-01""},{""g"":""Taiko no Tatsujin"",""v"":""14代"",""n"":1,""coin"":""代幣"",""q"":""直接排隊"",""note"":""設置在2樓"",""upd"":""2026-04-22""},{""g"":""maimai"",""v"":""CiRCLE PLUS"",""n"":1,""coin"":""代幣"",""q"":""卡片排隊"",""note"":""12枚一道，有架子、卡排、留言本\r\n- 尖峰時段會非常多人\r\n- 在一樓"",""upd"":""2025-02-15""}]"
42,湯姆熊台南FOCUS店,22.9956675,120.21002199999998,True,11:00〜22:00,"[{""g"":""Taiko no Tatsujin"",""v"":""新框體"",""n"":1,""coin"":""現金"",""q"":""直接排隊"",""note"":""30元一道"",""upd"":""2025-04-10""},{""g"":""Taiko no Tatsujin"",""v"":""14代"",""n"":1,""coin"":""代幣"",""q"":""直接排隊"",""note"":""- 15元一道，沒有V家的歌\r\n- 1P左鼓咔基本上敲不出來，要很大力敲\r\n- 2P正常，鐵圈可能會傷鼓棒"",""upd"":""2026-03-05""},{""g"":""maimai"",""v"":""CiRCLE PLUS"",""n"":2,""coin"":""現金"",""q"":""卡片排隊"",""note"":""- 30元一道~，機台左側有卡牌夾，前方有椅子~\r\n- ~牆上有公用的手套~\r\n* 2024.8.6 目前跟中二共用排卡架，分成左半邊排maimai右半邊排中二，要注意一下"",""upd"":""2025-04-10""},{""g"":""CHUNITHM"",""v"":""X-VERSE-X"",""n"":2,""coin"":""現金"",""q"":""卡片排隊"",""note"":""30元一道，左台耳機孔有問題\r\n* 2024.8.6 排卡跟maimai共用一個板子，左半邊排maimai右半邊排中二"",""upd"":""2026-03-05""}]"
43,HAPPY 100 - 夢時代店,22.5957419,120.30733540000006,True,12:00〜22:00,"[{""g"":""DanceEvolution ARCADE"",""v"":""預設版本"",""n"":1,""coin"":""現金"",""q"":""直接排隊"",""note"":""- NORMAL 30/50\r\n- 機台離線"",""upd"":""2026-09-30""},{""g"":""Taiko no Tatsujin"",""v"":""新框體"",""n"":1,""coin"":""現金"",""q"":""直接排隊"",""note"":""- 30元一道"",""upd"":""2026-10-04""},{""g"":""maimai"",""v"":""CiRCLE PLUS"",""n"":2,""coin"":""現金"",""q"":""直接排隊"",""note"":""- 機台位於4F，30元一道\r\n- 後方就有飛碟球，遊玩時請注意\r\n- 無排卡架，遊玩需協商"",""upd"":""2026-09-24""}]"
44,湯姆熊高雄大遠百,22.6130726,120.30395069999997,True,11:00〜22:00,"[{""g"":""Taiko no Tatsujin"",""v"":""14代"",""n"":1,""coin"":""代幣"",""q"":""直接排隊"",""note"":""- 20元一道4首\r\n- 2P鼓況不佳，使用公棒會吃"",""upd"":""2025-06-22""},{""g"":""Taiko no Tatsujin"",""v"":""12代 (亞洲版)"",""n"":1,""coin"":""代幣"",""q"":""直接排隊"",""note"":""20元一道"",""upd"":""2025-06-22""},{""g"":""maimai"",""v"":""CiRCLE PLUS"",""n"":2,""coin"":""代幣"",""q"":""卡片排隊"",""note"":""30元一道，右側有置物架"",""upd"":""2026-01-10""},{""g"":""CHUNITHM"",""v"":""X-VERSE-X"",""n"":2,""coin"":""代幣"",""q"":""卡片排隊"",""note"":""30元一道 右台(靠近門) 耳機孔故障"",""upd"":""2025-11-23""}]"
45,大江戶電競中心,22.644834,120.30941099999995,False,10:30〜24:00,[]
46,快樂龍八德店,22.636197,120.30053099999998,False,24時間,[]
47,湯姆熊六合店,22.6311004,120.29621939999993,True,24時間,"[{""g"":""Taiko no Tatsujin"",""v"":""新框體"",""n"":1,""coin"":""代幣"",""q"":""直接排隊"",""note"":""- 機台位於一樓\r\n- 30元一道"",""upd"":""2026-09-17""},{""g"":""SOUND VOLTEX"",""v"":""Legacy Model (舊框)"",""n"":2,""coin"":""代幣"",""q"":""直接排隊"",""note"":""- 機台位於二樓"",""upd"":""2026-09-17""},{""g"":""Dance Dance Revolution"",""v"":""(紅筐體) World"",""n"":1,""coin"":""代幣"",""q"":""直接排隊"",""note"":""- 機台位於二樓 09:00-23:00\r\n\r\nDDR EXTREME [所有歌曲已解禁]\r\n\r\n一道$5 (2枚小代幣)\\\r\n**遊玩DOUBLE (雙踏板) 收取2道的費用**\\\r\n一道3首歌 (不含EXTRA STAGE)\r\n\r\n機況"",""upd"":""2026-09-17""},{""g"":""Dancerush Stardom"",""v"":""預設版本"",""n"":1,""coin"":""代幣"",""q"":""直接排隊"",""note"":""- 機台位於二樓 09:00-23:00\r\n\r\nLIGHT 20元 (8枚小代幣)\\\r\nSTANDARD 30元 (12枚小代幣)\r\n\r\n- 可使用**外部出力**，請自備錄影盒和音源線。  \r\n- 跳完後麻煩請各位玩家用放旁邊的拖把，或去"",""upd"":""2026-09-17""},{""g"":""Taiko no Tatsujin"",""v"":""14代"",""n"":1,""coin"":""代幣"",""q"":""直接排隊"",""note"":""- 機台位於二樓 09:00-23:00\r\n- 7.5元一道\r\n- 螢幕畫面往左偏移，鼓邊感應不良"",""upd"":""2026-09-17""},{""g"":""maimai"",""v"":""CiRCLE PLUS"",""n"":2,""coin"":""代幣"",""q"":""卡片排隊"",""note"":""- 機台位於一樓\r\n- 30元一道\r\n- 請玩家愛護機台。看見拆機者請通知店家，會列入黑名單\r\n- 4/21更，店家已安裝在線式ups改善電壓狀況，目前遊玩狀況尚且正常許多"",""upd"":""2026-09-17""},{""g"":""CHUNITHM"",""v"":""X-VERSE-X"",""n"":2,""coin"":""代幣"",""q"":""卡片排隊"",""note"":""- 機台位於一樓\r\n- 30元一道\r\n- 右側有置物架\r\n- 右台打久會有卡頓的狀況"",""upd"":""2026-09-17""},{""g"":""Rock Fever"",""v"":""5代"",""n"":1,""coin"":""代幣"",""q"":""直接排隊"",""note"":""- 機台位於二樓 09:00-23:00\r\n\r\n價格：2枚小代幣共5元(1枚2.5元)。\r\n\r\n現況：1P右邊紅色會吃。2P按鍵踏板良好正常，但最右藍鍵頭不見了。已經可以使用讀卡機，但是1P與2P的讀卡機是對調的。螢幕更新為液晶的。"",""upd"":""2026-09-17""},{""g"":""GITADORA DrumMania"",""v"":""(舊筐體) V系列"",""n"":1,""coin"":""代幣"",""q"":""直接排隊"",""note"":""- 機台位於二樓 09:00-23:00\r\n- 版本：V8\r\n- 5元一道"",""upd"":""2026-09-17""},{""g"":""GITADORA GuitarFreaks"",""v"":""(舊筐體) V系列"",""n"":1,""coin"":""代幣"",""q"":""直接排隊"",""note"":""- 機台位於二樓 09:00-23:00\r\n- 版本：V8\r\n- 5元一道"",""upd"":""2026-09-17""},{""g"":""Danz Base"",""v"":""預設版本"",""n"":1,""coin"":""現金"",""q"":""直接排隊"",""note"":""- 機台位於二樓 09:00-23:00\r\n\r\n單人10元 (4枚小代幣)\\\r\n雙人15元 (6枚小代幣)\r\n\r\n**有連網 (ONLINE)**\\\r\n2首歌\r\n\r\n原大立店機台"",""upd"":""2026-09-17""}]"
48,集娃娃新崛江,22.6226297,120.30215699999997,False,12:00〜00:00,[]
49,鳳山快樂龍A店,22.622622,120.35816999999997,False,24時間,[]
50,湯姆熊鳳山店,22.622622,120.35816999999997,True,24時間,"[{""g"":""SOUND VOLTEX"",""v"":""Legacy Model (舊框)"",""n"":2,""coin"":""代幣"",""q"":""直接排隊"",""note"":""全模式一律30元一道"",""upd"":""2026-06-06""},{""g"":""Taiko no Tatsujin"",""v"":""新框體"",""n"":1,""coin"":""代幣"",""q"":""直接排隊"",""note"":""30元一道"",""upd"":""2026-06-06""},{""g"":""maimai"",""v"":""CiRCLE PLUS"",""n"":3,""coin"":""代幣"",""q"":""卡片排隊"",""note"":""- 12代幣(30元)一道，機台中間有置物區，架上有公用手套\r\n- 機台前方有坐位區與USB充電孔，充電時請看好財物，店家不負保管責任\r\n- 會有NPC阿伯長時間佔用坐位區沒投幣看玩家打機，之前還有警察帶走遊民\r\n- 3號機螢幕偏亮"",""upd"":""2026-06-06""},{""g"":""CHUNITHM"",""v"":""X-VERSE-X"",""n"":2,""coin"":""代幣"",""q"":""卡片排隊"",""note"":""25元一道"",""upd"":""2026-06-06""},{""g"":""GITADORA GuitarFreaks"",""v"":""(黑筐體) GALAXY WAVE"",""n"":1,""coin"":""代幣"",""q"":""直接排隊"",""note"":""黑框30/40/60元一道，左側G鍵接觸不良，已回報給店員"",""upd"":""2026-06-06""},{""g"":""GITADORA DrumMania"",""v"":""(黑筐體) GALAXY WAVE"",""n"":1,""coin"":""代幣"",""q"":""直接排隊"",""note"":""黑筐30/40/60元一道"",""upd"":""2025-01-22""}]"
51,快樂龍岡山店,22.79419,120.29845210000008,False,24時間,[]
52,Happy 100 - 義大購物廣場C區3樓,22.7305136,120.40148210000007,True,11:00〜22:00,"[{""g"":""jubeat"",""v"":""Beyond the Ave."",""n"":2,""coin"":""代幣"",""q"":""直接排隊"",""note"":""20元一道"",""upd"":""2025-02-24""},{""g"":""DanceEvolution ARCADE"",""v"":""預設版本"",""n"":1,""coin"":""代幣"",""q"":""直接排隊"",""note"":""斷網20元一道"",""upd"":""2025-02-24""},{""g"":""SOUND VOLTEX"",""v"":""Legacy Model (舊框)"",""n"":1,""coin"":""代幣"",""q"":""直接排隊"",""note"":""- 全模式30元一道\r\n-全部按鍵都是上世代的\r\n- 第2、3、4號白鍵跟最右邊橘鍵都有問題，2號機率較低但還是有，3號最慘 按2~5次就會卡鍵、4號則是機率失靈、右邊橘鍵跟4號狀況一樣，根本無法遊玩，遊玩前需三思。\r\n-已經反應過好幾次了"",""upd"":""2025-02-24""},{""g"":""Taiko no Tatsujin"",""v"":""新框體"",""n"":2,""coin"":""代幣"",""q"":""直接排隊"",""note"":""30元一道"",""upd"":""2025-02-24""},{""g"":""maimai"",""v"":""CiRCLE PLUS"",""n"":1,""coin"":""代幣"",""q"":""卡片排隊"",""note"":""•一道30"",""upd"":""2026-09-24""},{""g"":""Future Tom Tom"",""v"":""預設版本"",""n"":1,""coin"":""代幣"",""q"":""直接排隊"",""note"":""購物廣場A區2樓\r\n斷網20元一道"",""upd"":""2025-02-24""},{""g"":""We Dancing Online"",""v"":""預設版本"",""n"":3,""coin"":""代幣"",""q"":""直接排隊"",""note"":""購物廣場A區二樓、頂樓與樂園內聖托里尼區二樓各一台\r\n20元一道"",""upd"":""2025-02-24""},{""g"":""Taiko no Tatsujin"",""v"":""14代"",""n"":3,""coin"":""代幣"",""q"":""直接排隊"",""note"":""- 購物廣場A區二樓(12代)、頂樓(14代)與樂園內特洛伊廣場一樓(14代)各一\r\n- 30 元一道"",""upd"":""2025-02-24""},{""g"":""maimai"",""v"":""FiNALE"",""n"":1,""coin"":""代幣"",""q"":""卡片排隊"",""note"":""機台在特洛伊木馬城 需購買遊園票入場\r\n\r\n•6個代幣/30塊（機台顯示0/2但你要投3次2枚才可以玩）\r\n\r\n•無座位區\r\n\r\n•一樓門口進去向左"",""upd"":""2025-05-01""},{""g"":""Dance Dance Revolution"",""v"":""(白筐體) World"",""n"":1,""coin"":""未知"",""q"":""直接排隊"",""note"":"""",""upd"":""2024-05-25""},{""g"":""Danz Base"",""v"":""預設版本"",""n"":1,""coin"":""現金"",""q"":""直接排隊"",""note"":""購物廣場A區頂樓"",""upd"":""2025-02-24""},{""g"":""Pump It Up"",""v"":""Fiesta 2"",""n"":1,""coin"":""代幣"",""q"":""直接排隊"",""note"":""**義大樂園內聖托里尼區二樓\\\r\n[進入本場所必須持有義大樂園門票]**\r\n\r\n版本：V1.61\r\n\r\n一道$20\\\r\n一道5心(通常可以玩4首)\\\r\n在FULL MODE第__首開始會中途關門 (stage break) (已知第3首不關"",""upd"":""2025-04-25""}]"
53,湯姆熊一心店,22.613684,120.30550900000003,False,24時間,[]
54,五甲酷酷龍,22.59467,120.331639,False,24時間,[]
55,Happy100 - 環球購物中心新左營店,22.6875442,120.30678779999994,False,11:00〜22:00,"[{""g"":""Taiko no Tatsujin"",""v"":""12代 (亞洲版)"",""n"":1,""coin"":""現金"",""q"":""直接排隊"",""note"":""無法刷卡，機台狀況極差。強烈建議不要打"",""upd"":""2025-11-10""}]"
56,湯姆熊屏東真光店,22.667925,120.497476,True,11:00〜22:00,"[{""g"":""SOUND VOLTEX"",""v"":""Legacy Model (舊框)"",""n"":2,""coin"":""代幣"",""q"":""直接排隊"",""note"":""30/40/50元一道，音量很大"",""upd"":""2024-08-13""},{""g"":""Taiko no Tatsujin"",""v"":""新框體"",""n"":1,""coin"":""代幣"",""q"":""直接排隊"",""note"":""30元一道"",""upd"":""2024-08-13""},{""g"":""maimai"",""v"":""CiRCLE PLUS"",""n"":2,""coin"":""代幣"",""q"":""卡片排隊"",""note"":""30元一道，卡排在左台左側，右台後方有電扇"",""upd"":""2024-08-13""},{""g"":""CHUNITHM"",""v"":""X-VERSE-X"",""n"":2,""coin"":""代幣"",""q"":""卡片排隊"",""note"":""30元一道"",""upd"":""2024-08-13""}]"
57,Happy 100 - 屏東火車站,22.6689173,120.4860729,False,11:00〜22:00,[]
58,邱比特Cupid,23.5668264,119.56556139999998,False,09:00〜23:30,[]
59,湯姆熊新月廣場店,24.7548524,121.75071100000002,True,11:00〜22:00,"[{""g"":""Taiko no Tatsujin"",""v"":""新框體"",""n"":1,""coin"":""代幣"",""q"":""直接排隊"",""note"":""1P 感應小吃，大音符經常判成小音符。\r\n\r\n2P感應大吃，尤其使用一般尖頭鼓棒會少掉很多顆，只能改用較重桿麵棍勉強可打"",""upd"":""2023-04-03""},{""g"":""maimai"",""v"":""CiRCLE PLUS"",""n"":2,""coin"":""代幣"",""q"":""卡片排隊"",""note"":"""",""upd"":""2024-03-28""}]"
60,花蓮三商湯姆熊,23.9776289,121.60806000000002,True,10:30〜22:00,"[{""g"":""Taiko no Tatsujin"",""v"":""新框體"",""n"":1,""coin"":""代幣"",""q"":""直接排隊"",""note"":"""",""upd"":""2023-08-26""},{""g"":""maimai"",""v"":""CiRCLE PLUS"",""n"":2,""coin"":""代幣"",""q"":""卡片排隊"",""note"":""進門左邊那一排，\r\n底下有公用的手套和耳機。"",""upd"":""2023-08-26""}]"
61,湯姆熊彼得堡店,22.7530226,121.15195619999997,True,24時間,"[{""g"":""Taiko no Tatsujin"",""v"":""新框體"",""n"":1,""coin"":""代幣"",""q"":""直接排隊"",""note"":""三樓樓梯上去左邊\r\n\r\n開機時間早上10:00到晚上10:00，時間要注意一下"",""upd"":""2025-08-26""},{""g"":""maimai"",""v"":""CiRCLE PLUS"",""n"":2,""coin"":""代幣"",""q"":""卡片排隊"",""note"":""三樓樓梯上去左邊\r\n\r\n開機時間早上10:00到晚上10:00，時間要注意一下"",""upd"":""2025-03-23""},{""g"":""Taiko no Tatsujin"",""v"":""14代"",""n"":1,""coin"":""代幣"",""q"":""直接排隊"",""note"":""三樓樓梯上去左邊\r\n\r\n開機時間早上10:00到晚上10:00，時間要注意一下"",""upd"":""2025-08-26""},{""g"":""SOUND VOLTEX"",""v"":""Legacy Model (舊框)"",""n"":1,""coin"":""代幣"",""q"":""直接排隊"",""note"":""三樓樓梯上去左邊\r\n\r\n開機時間早上10:00到晚上10:00，時間要注意一下"",""upd"":""2025-08-26""}]"
62,娃娃樂園 - 基隆店,25.128727,121.74370699999997,False,,[]
63,響叮噹饒河店,25.0591662,121.5589142,False,,[]
64,一樂園,25.0639839,121.4986611,False,,[]
65,YOYO熊,25.007475,121.51273400000002,False,15:30〜24:00,[]
66,幸運星新竹店,24.801681,120.96987899999999,False,24時間,[]
67,湯姆熊 - 台中新時代店（iFG遠雄廣場）,24.1362895,120.6876909,True,10:30〜22:00,"[{""g"":""Taiko no Tatsujin"",""v"":""新框體"",""n"":1,""coin"":""代幣"",""q"":""卡片排隊"",""note"":""30元一道，代幣六枚"",""upd"":""2026-07-05""},{""g"":""maimai"",""v"":""CiRCLE PLUS"",""n"":1,""coin"":""代幣"",""q"":""卡片排隊"",""note"":""30元一道，有時在剛營業的時候，可能會無法投幣遊玩，並在代幣口退還代幣，請找櫃檯求助，他們很快就會處理。"",""upd"":""2026-07-05""}]"
68,百威娛樂城,22.9948891,120.203352,False,24時間,[]
69,湯姆熊羅東民生店,24.6766954,121.77089950000004,True,10:00〜22:00,"[{""g"":""Taiko no Tatsujin"",""v"":""新框體"",""n"":1,""coin"":""代幣"",""q"":""直接排隊"",""note"":""新框"",""upd"":""2021-01-28""},{""g"":""maimai"",""v"":""CiRCLE PLUS"",""n"":1,""coin"":""代幣"",""q"":""卡片排隊"",""note"":"""",""upd"":""2026-06-14""},{""g"":""CHUNITHM"",""v"":""X-VERSE-X"",""n"":2,""coin"":""代幣"",""q"":""卡片排隊"",""note"":""#### 右邊機台目前觸摸版左邊第二格可能會有觸控不靈問題"",""upd"":""2026-01-04""}]"
70,歡樂行星,24.67581,121.767875,False,24時間,[]
71,歐洲歡樂城（宜蘭麥克龍）,24.7568645,121.7582246,False,24時間,[]
72,永淇樂園-公館店,25.012761,121.535931,False,12:00〜22:00,[]
73,紅帽象中壢SOGO店,24.962714,121.223579,True,11:00〜21:30,"[{""g"":""maimai"",""v"":""FiNALE"",""n"":1,""coin"":""代幣"",""q"":""直接排隊"",""note"":""已經終止網路伺服器，無法使用紀錄卡紀錄打過的歌曲。\r\n一道3枚代幣(15元)"",""upd"":""2026-07-31""},{""g"":""Taiko no Tatsujin"",""v"":""新框體"",""n"":1,""coin"":""代幣"",""q"":""直接排隊"",""note"":""新框，一道10枚代幣(50元)，除非搭配代幣優惠否則不推薦被白坑20元"",""upd"":""2026-07-31""},{""g"":""maimai"",""v"":""CiRCLE PLUS"",""n"":1,""coin"":""現金"",""q"":""卡片排隊"",""note"":""10元3枚 = 一道；每週三和六會有優惠，20元一道；此處沒有10元兌幣機，需兌換10元請去櫃台換（直接跟店員說要打mai就好）；最近的提款機在7樓"",""upd"":""2026-07-31""}]"
74,紅帽象廣三SOGO店,24.155469,120.661888,False,11:00〜22:00,[]
75,迪貝堡 - 台南國賓店,22.996277,120.234407,True,12:00〜24:00,[]
76,湯姆熊夢時代店,22.5957419,120.3073354,True,11:00〜22:00,"[{""g"":""Taiko no Tatsujin"",""v"":""新框體"",""n"":1,""coin"":""現金"",""q"":""直接排隊"",""note"":""- B2 傑克玩樂園\r\n- 30元一道，畫面偏暗"",""upd"":""2026-06-12""},{""g"":""maimai"",""v"":""FiNALE"",""n"":1,""coin"":""現金"",""q"":""直接排隊"",""note"":""- B2 傑克玩樂園  \r\n- 斷網10元一道\r\n- 單人三首\r\n- 不建議使用1P遊玩 螢幕偏下"",""upd"":""2026-06-12""},{""g"":""Taiko no Tatsujin"",""v"":""12代 (亞洲版)"",""n"":1,""coin"":""代幣"",""q"":""直接排隊"",""note"":""- 5F 湯姆熊\r\n-簡體中文版\r\n- 15元一道"",""upd"":""2026-06-12""},{""g"":""Taiko no Tatsujin"",""v"":""14代"",""n"":2,""coin"":""現金"",""q"":""直接排隊"",""note"":""- B2傑克樂園1台，10元現金一道\r\n- 5F湯姆熊1台，15元代幣一道"",""upd"":""2026-06-12""},{""g"":""maimai"",""v"":""CiRCLE PLUS"",""n"":2,""coin"":""代幣"",""q"":""卡片排隊"",""note"":""- B2 傑克玩樂園，30元一道 \r\n- 有桌椅及電扇(電扇需與工作人員告知後至倉庫取用)"",""upd"":""2026-06-14""},{""g"":""Danz Base"",""v"":""預設版本"",""n"":1,""coin"":""現金"",""q"":""直接排隊"",""note"":""- B2 傑克玩樂園\r\n\r\n單人10元\\\r\n雙人20元\r\n\r\n**斷網 (OFFLINE)，無法使用ARKOPAZE ID**\\\r\n3首歌"",""upd"":""2026-06-12""},{""g"":""CHUNITHM"",""v"":""X-VERSE-X"",""n"":4,""coin"":""代幣"",""q"":""卡片排隊"",""note"":""- B2 傑克玩樂園\r\n- 30元一道，左側有置物架及電扇"",""upd"":""2026-06-11""},{""g"":""Dance Dance Revolution"",""v"":""(白筐體) World"",""n"":1,""coin"":""現金"",""q"":""直接排隊"",""note"":""- B2 傑克玩樂園\r\n- 白框30/40/90元一道 (2023-03-16 開始改收現金)\r\n- 踏板有墊高，2P⬇有時會卡死無法感應，114/10/10已告知店員"",""upd"":""2026-06-12""}]"
77,湯姆熊基隆市廟口店,25.12876,121.7440069,False,10:00〜22:00,[]
78,東湖哈拉影城,25.0703881,121.6111908,False,24時間,"[{""g"":""Taiko no Tatsujin"",""v"":""新框體"",""n"":1,""coin"":""現金"",""q"":""直接排隊"",""note"":""30元一道"",""upd"":""2025-11-09""},{""g"":""Taiko no Tatsujin"",""v"":""13代"",""n"":1,""coin"":""現金"",""q"":""直接排隊"",""note"":"""",""upd"":""2024-11-26""}]"
79,集娃娃坎城店,22.644834,120.309411,False,12:00〜24:00,[]
80,中壢其立兒,24.9542033,121.2242102,False,24時間,[]
81,湯姆熊國際百貨店,25.130154,121.7406,False,11:00〜21:30,[]
82,POPA主題樂園,25.012218,121.46235,False,11:00〜22:00,[]
83,GiGO - 桃園大江店,25.0006585,121.22921,True,11:00〜22:00,"[{""g"":""Taiko no Tatsujin"",""v"":""新框體"",""n"":2,""coin"":""代幣"",""q"":""直接排隊"",""note"":"""",""upd"":""2025-06-03""},{""g"":""maimai"",""v"":""CiRCLE PLUS"",""n"":4,""coin"":""代幣"",""q"":""卡片排隊"",""note"":""6枚代幣（30元）=1道\r\n\r\n內圈機況是真的爛，內圈玩家請注意\r\n\r\n店家已在11/28新增排卡架"",""upd"":""2025-11-30""},{""g"":""CHUNITHM"",""v"":""X-VERSE-X"",""n"":2,""coin"":""代幣"",""q"":""直接排隊"",""note"":""遊戲音量偏小，建議配戴耳機\r\n\r\n在MaiMai旁邊"",""upd"":""2024-07-19""}]"
84,GiGO - 台中老虎城店,24.1640826,120.6381276,True,11:00〜22:00,"[{""g"":""Taiko no Tatsujin"",""v"":""新框體"",""n"":2,""coin"":""代幣"",""q"":""直接排隊"",""note"":""1p右咚咔不靈敏（需較大力敲擊）\r\n2p右咚及左右咔不靈敏（需較大力敲擊）"",""upd"":""2026-05-02""},{""g"":""Taiko no Tatsujin"",""v"":""14代"",""n"":1,""coin"":""代幣"",""q"":""直接排隊"",""note"":""4枚代幣/20元，13代"",""upd"":""2024-11-14""},{""g"":""maimai"",""v"":""CiRCLE PLUS"",""n"":2,""coin"":""代幣"",""q"":""卡片排隊"",""note"":""- 6枚代幣/30元\r\n- 排隊卡盒在左側置物櫃上"",""upd"":""2025-11-23""},{""g"":""CHUNITHM"",""v"":""X-VERSE-X"",""n"":2,""coin"":""代幣"",""q"":""簽名排隊"",""note"":""- 6枚代幣/30元\r\n- 簽排板在Chunithm左邊置物櫃上\r\n- 無法接關，每玩完一道都需要再刷一次卡"",""upd"":""2025-02-11""}]"
85,新藝城 - 草屯店,23.977893,120.683358,False,14:00〜21:00,[]
86,湯姆熊台南海佃店,23.026128,120.190749,True,06:00〜24:00,"[{""g"":""Taiko no Tatsujin"",""v"":""新框體"",""n"":1,""coin"":""代幣"",""q"":""直接排隊"",""note"":""12枚代幣一道"",""upd"":""2024-08-06""},{""g"":""maimai"",""v"":""CiRCLE PLUS"",""n"":2,""coin"":""代幣"",""q"":""卡片排隊"",""note"":""12枚代幣一道，機台前方有座位區"",""upd"":""2025-03-01""},{""g"":""CHUNITHM"",""v"":""X-VERSE-X"",""n"":1,""coin"":""代幣"",""q"":""直接排隊"",""note"":""12枚代幣一道，移至maimai右方"",""upd"":""2026-06-12""}]"
87,湯姆貝貝親子樂園 - 台南遠東成功店,22.9964248,120.2137008,False,11:00〜22:00,"[{""g"":""Taiko no Tatsujin"",""v"":""14代"",""n"":1,""coin"":""現金"",""q"":""直接排隊"",""note"":""13代"",""upd"":""2020-08-04""}]"
88,湯姆熊高雄大立店,22.6217177,120.2974801,False,11:00〜21:00,"[{""g"":""Taiko no Tatsujin"",""v"":""新框體"",""n"":1,""coin"":""現金"",""q"":""直接排隊"",""note"":""- 30元一道，可至櫃台換10元硬幣\r\n- 1P右咖有時會感應成咚\r\n- 2P右邊中間偏上的咚會吃，但2P打起來手感比較順（？"",""upd"":""2024-01-18""}]"
89,湯姆熊高雄左營新光三越店,22.688198,120.3097668,True,11:00〜22:00,"[{""g"":""Taiko no Tatsujin"",""v"":""新框體"",""n"":1,""coin"":""代幣"",""q"":""直接排隊"",""note"":"""",""upd"":""2026-03-02""},{""g"":""Taiko no Tatsujin"",""v"":""14代"",""n"":2,""coin"":""代幣"",""q"":""直接排隊"",""note"":""- 2F大創旁 x1，10元一道\r\n- 2F UNIQLO後方 x1，3枚代幣一道"",""upd"":""2026-03-02""},{""g"":""maimai"",""v"":""CiRCLE PLUS"",""n"":1,""coin"":""代幣"",""q"":""卡片排隊"",""note"":""- 2F大創旁，6枚代幣一道\r\n- 機台右側有置物架"",""upd"":""2026-03-02""},{""g"":""maimai"",""v"":""FiNALE"",""n"":1,""coin"":""代幣"",""q"":""直接排隊"",""note"":""- 2F大創旁，四枚代幣一道\r\n- EVENT MODE 單人四首"",""upd"":""2026-03-02""},{""g"":""GROOVE COASTER AC"",""v"":""4EX"",""n"":2,""coin"":""代幣"",""q"":""直接排隊"",""note"":""Ver 4.74\r\n10元(2枚代幣)一道"",""upd"":""2026-05-23""}]"
90,湯姆熊和平店,22.6306384,120.3180192,False,11:00〜22:00,[]
91,慧聰娃娃帝國,24.1763407,120.6463189,False,16:00〜00:00,[]
92,紅帽象豐原太平洋店,24.2509788,120.7207612,True,11:00〜22:00,"[{""g"":""Taiko no Tatsujin"",""v"":""新框體"",""n"":1,""coin"":""代幣"",""q"":""直接排隊"",""note"":""6枚代幣/30元一道\r\n現在無法感應卡片"",""upd"":""2025-09-22""},{""g"":""MuziBox"",""v"":""預設版本"",""n"":1,""coin"":""代幣"",""q"":""直接排隊"",""note"":""2枚代幣/10元一道"",""upd"":""2024-02-14""},{""g"":""We Dancing Online"",""v"":""預設版本"",""n"":1,""coin"":""代幣"",""q"":""直接排隊"",""note"":""2枚代幣/10元一道"",""upd"":""2024-02-14""},{""g"":""maimai"",""v"":""FiNALE"",""n"":1,""coin"":""代幣"",""q"":""卡片排隊"",""note"":""4枚代幣/20元一道\\\r\n只有2P單人遊玩"",""upd"":""2024-02-14""},{""g"":""Danz Base"",""v"":""預設版本"",""n"":1,""coin"":""代幣"",""q"":""直接排隊"",""note"":""有連網\\\r\n4枚代幣/20元一道3首\\\r\n1P右方向鍵感應不良"",""upd"":""2024-02-14""},{""g"":""Taiko no Tatsujin"",""v"":""14代"",""n"":1,""coin"":""代幣"",""q"":""直接排隊"",""note"":""3枚代幣/15元一道，12代"",""upd"":""2026-02-20""},{""g"":""maimai"",""v"":""CiRCLE PLUS"",""n"":1,""coin"":""代幣"",""q"":""卡片排隊"",""note"":""6枚代幣/30元一道，卡排在機台中間\r\n請投銀幣不投金幣，店員會森77\r\n--"",""upd"":""2024-02-14""}]"
93,永淇樂園淡水店,25.1690818,121.4424346,False,11:00〜22:00,[]
94,華威天母影城,25.1172335,121.5339537,False,09:00〜24:00,[]
95,蹦彩樂園台北威秀店,25.0356356,121.5670989,False,11:00〜23:00,[]
96,湯姆熊美麗華店,25.0834301,121.5569489,True,11:00〜22:00,"[{""g"":""Taiko no Tatsujin"",""v"":""新框體"",""n"":1,""coin"":""代幣"",""q"":""卡片排隊"",""note"":""30元一道"",""upd"":""2025-09-28""},{""g"":""maimai"",""v"":""CiRCLE PLUS"",""n"":1,""coin"":""代幣"",""q"":""卡片排隊"",""note"":""30元一道（機台21:30斷網）"",""upd"":""2024-06-13""}]"
97,湯姆熊基隆東明店,25.1275961,121.7584884,False,24時間,[]
98,SEGA WORLD - 苗栗尚順店,24.6937223,120.8967577,False,11:00〜21:30,[]
99,娃娃樂園 - 斗六店,23.710624,120.541756,False,24時間,[]
100,動力歡樂世界,23.006861,120.218884,False,24時間,[]
101,奇樂多遊樂園-林口店,25.0737311,121.3690693,False,11:00〜21:30,[]
102,湯姆熊南紡夢時代店,22.990364,120.232981,True,11:00〜22:00,"[{""g"":""Taiko no Tatsujin"",""v"":""新框體"",""n"":1,""coin"":""代幣"",""q"":""直接排隊"",""note"":""30元一道，2P右咖感應不太好"",""upd"":""2024-06-12""},{""g"":""Taiko no Tatsujin"",""v"":""14代"",""n"":1,""coin"":""代幣"",""q"":""直接排隊"",""note"":""15元一道，和新框不同區域，在一館那邊"",""upd"":""2024-06-12""},{""g"":""maimai"",""v"":""CiRCLE PLUS"",""n"":1,""coin"":""代幣"",""q"":""卡片排隊"",""note"":""* 6枚代幣一道，卡排在機台左側鐵架上\r\n* 1P的4、5號鍵會共振\r\n* 假日會有小孩、路人干擾\r\n- 排隊時間一般較長"",""upd"":""2024-06-22""},{""g"":""CHUNITHM"",""v"":""X-VERSE-X"",""n"":2,""coin"":""代幣"",""q"":""卡片排隊"",""note"":""* 6枚代幣一道\r\n* 右臺右耳沒聲音"",""upd"":""2025-04-19""}]"
103,樂友娃娃屋,25.0340851,121.4516408,False,,[]
104,桃園遠東百貨湯姆熊,24.9899278,121.3110289,True,１１:００〜２２:００,"[{""g"":""Taiko no Tatsujin"",""v"":""新框體"",""n"":1,""coin"":""代幣"",""q"":""直接排隊"",""note"":"""",""upd"":""2026-01-12""},{""g"":""maimai"",""v"":""CiRCLE PLUS"",""n"":2,""coin"":""代幣"",""q"":""卡片排隊"",""note"":""- 5枚代幣一道\r\n\r\n- 機台音量偏小建議佩戴耳機"",""upd"":""2026-01-12""}]"
105,彼得堡 - 晶冠廣場,25.0596669,121.4477,False,11:00〜21:30,[]
106,新藝城 - 三民店,24.25345,120.7192033,True,11:00〜22:00,"[{""g"":""SOUND VOLTEX"",""v"":""Legacy Model (舊框)"",""n"":2,""coin"":""現金"",""q"":""直接排隊"",""note"":""- 30/40/50元一道"",""upd"":""2025-08-18""},{""g"":""maimai"",""v"":""FiNALE"",""n"":1,""coin"":""現金"",""q"":""直接排隊"",""note"":""- 20元一道\r\n- 開機後顯示錯誤畫面無法遊玩"",""upd"":""2025-08-18""},{""g"":""Crossbeats"",""v"":""預設版本"",""n"":1,""coin"":""現金"",""q"":""直接排隊"",""note"":""- 20元一道\r\n- 開機後顯示錯誤畫面無法遊玩"",""upd"":""2025-08-18""},{""g"":""Taiko no Tatsujin"",""v"":""14代"",""n"":1,""coin"":""現金"",""q"":""直接排隊"",""note"":""- 10元一道\r\n- 平常不會開，若無店員可找電錶開機"",""upd"":""2025-08-18""},{""g"":""maimai"",""v"":""CiRCLE PLUS"",""n"":2,""coin"":""現金"",""q"":""卡片排隊"",""note"":""- 30元一道"",""upd"":""2025-08-18""},{""g"":""CHUNITHM"",""v"":""X-VERSE-X"",""n"":2,""coin"":""現金"",""q"":""卡片排隊"",""note"":""- 30元一道"",""upd"":""2025-08-18""},{""g"":""Dancerush Stardom"",""v"":""預設版本"",""n"":1,""coin"":""現金"",""q"":""直接排隊"",""note"":""- 30元一道\r\n- 機台本體左側有拉出來的延長線開關，遊玩要自己開關機，玩完記得恢復原狀"",""upd"":""2026-09-28""},{""g"":""Pump It Up"",""v"":""XX"",""n"":2,""coin"":""現金"",""q"":""直接排隊"",""note"":""**[機台1]**\\\r\n版本：V2.08.2 \\\r\n除了RANK MODE以及任務模式 (MISSION ZONE)，其餘內容 (歌曲、譜面) 解禁\\\r\n``PUMP IT UP XX連網服務已於2023年12月結束營運，現在無法再使用卡片"",""upd"":""2025-11-12""}]"
107,國立科學工藝博物館,22.6414306,120.3203625,False,09:00〜17:00,"[{""g"":""Danz Base"",""v"":""預設版本"",""n"":1,""coin"":""未知"",""q"":""直接排隊"",""note"":""開放時間：週二～週日9:00～12:20 / 13:00~16:20\r\n需事先購票入館，並於北館1樓服務台或於四、六樓體驗設施售票機購買體驗票券。"",""upd"":""2019-08-25""}]"
108,湯姆熊高雄大魯閣,22.5813167,120.3269334,False,1100〜22:00,[]
109,抓抓族遊樂園（府中店）,25.0089155,121.4580832,False,24時間,[]
110,歡樂龍親子樂園,23.4713112,120.4290008,False,16:30〜00:30,[]
111,大創娃娃屋東海二店,24.1808228,120.5867861,False,08:00〜22:00,[]
112,全家樂,24.0763665,120.5406245,False,24時間,[]
113,玩趣殿,24.1575189,120.6449953,False,13:00〜21:30,[]
114,湯姆熊 - 嘉義博愛店,23.4809724,120.4369789,True,24時間,"[{""g"":""maimai"",""v"":""CiRCLE PLUS"",""n"":2,""coin"":""代幣"",""q"":""卡片排隊"",""note"":""12 枚代幣一道  \r\n(湯姆熊小黑幣，2枚代幣5元)  \r\n卡排架位於休息區桌後牆上"",""upd"":""2026-02-07""}]"
115,樂吉歡樂世界,23.9908522,121.6034416,False,11:00〜22:00,[]
116,湯姆熊高雄巨蛋店,22.6699973,120.3005863,True,11:00〜22:00,"[{""g"":""Taiko no Tatsujin"",""v"":""新框體"",""n"":1,""coin"":""代幣"",""q"":""直接排隊"",""note"":""- 30元一道，左邊右邊都會吃音符，右邊稍微好一點，但聲音聽起來怪怪的，不適合特地跑來這邊打的鼓眾\r\n- 位置洗衣機的旁邊，有人的時候會很吵"",""upd"":""2026-07-15""},{""g"":""maimai"",""v"":""CiRCLE PLUS"",""n"":2,""coin"":""現金"",""q"":""卡片排隊"",""note"":""- 30元一道，機台前方有座位區\r\n- 後方有排卡架，chunithm的排卡區為左側機台，maimai排卡區則為右側機台"",""upd"":""2026-06-14""}]"
117,湯姆熊嘉義北港路店,23.482305,120.4241962,False,24時間,[]
118,茵德可絲 INDEX ACG,25.0444776,121.5061475,False,14:00〜21:00,[]
119,新都市歡樂城,24.9615081,121.2245619,False,11:00〜22:30,[]
120,紅帽象屏東太平洋店,22.6742434,120.4876354,False,11:00〜22:00,[]
121,花蓮美崙大飯店,23.9997377,121.6209318,False,07:30〜未知,[]
122,娃娃樂園 - 花蓮店,23.9768558,121.6044331,False,24時間,[]
123,大魯閣 - 卡丁車場,25.0290513,121.2939814,False,10:30〜22:00,"[{""g"":""Pump It Up"",""v"":""Fiesta EX"",""n"":1,""coin"":""現金"",""q"":""直接排隊"",""note"":""版本：V1.51\r\n\r\n一道$20\\\r\n一道4心(通常可以玩3首)\\\r\n在FULL MODE第2首開始會中途關門 (stage break)\r\n\r\n可以使用隨身碟/USB儲存遊玩資料，但僅P1 (左邊)可以使用USB\\\r\nUSB孔位置錯誤 "",""upd"":""2026-07-10""}]"
124,湯姆熊晶品城店,24.8021061,120.9681973,False,11:00〜22:00,[]
125,大魯閣棒壘球打擊場 - 新莊館,25.031735,121.432087,True,10:00〜23:00,"[{""g"":""Taiko no Tatsujin"",""v"":""新框體"",""n"":1,""coin"":""現金"",""q"":""直接排隊"",""note"":""新版\r\n\r\n1道$30\\\r\n3首歌"",""upd"":""2025-10-16""},{""g"":""maimai"",""v"":""獨立網"",""n"":1,""coin"":""現金"",""q"":""直接排隊"",""note"":""20/道\r\n日文機 標準Ver.1.99B\r\n屬難能可貴的正版軟體"",""upd"":""2025-10-12""},{""g"":""Pump It Up"",""v"":""Prime 2"",""n"":1,""coin"":""現金"",""q"":""直接排隊"",""note"":""版本：V2.05.0\r\n\r\n* 大多數歌曲有鎖住譜面 \\\r\n ``原則上需要卡片才可以解禁，不過因為PIU PRIME 2伺服器已經於2019年3月結束營運，所以不可能了 (V2.05.1為最終/永久斷網版本，所有內容包含MISSION Z"",""upd"":""2025-10-16""},{""g"":""DanceEvolution ARCADE"",""v"":""預設版本"",""n"":1,""coin"":""現金"",""q"":""直接排隊"",""note"":""一道20元2首\r\n已斷網"",""upd"":""2026-09-02""}]"
126,大魯閣棒壘球打擊場 - 中科館,24.1893178,120.6124051,False,10:00〜23:00,[]
127,迪諾台中梧棲店,24.2592696,120.5359643,False,24時間,[]
129,新視界VR空間運動體驗館,24.2513923,120.7188369,False,11:00〜23:00,[]
130,娃娃帝國 - 逢甲店,24.1798702,120.6433963,False,14:00〜01:00,[]
131,大聯盟棒壘打擊場,25.043798,121.5032233,True,,"[{""g"":""maimai"",""v"":""FiNALE"",""n"":1,""coin"":""現金"",""q"":""直接排隊"",""note"":""20元一道 EVENT MODE"",""upd"":""2025-09-18""}]"
132,湯姆熊台北環球店,25.052257,121.6038678,True,11:00〜22:00,"[{""g"":""Taiko no Tatsujin"",""v"":""14代"",""n"":1,""coin"":""代幣"",""q"":""直接排隊"",""note"":""1道20元 (4枚代幣)\\\r\n3首歌"",""upd"":""2025-11-23""},{""g"":""maimai"",""v"":""CiRCLE PLUS"",""n"":1,""coin"":""代幣"",""q"":""卡片排隊"",""note"":""一道30元(6枚代幣)"",""upd"":""2026-01-05""},{""g"":""CHUNITHM"",""v"":""X-VERSE-X"",""n"":2,""coin"":""代幣"",""q"":""卡片排隊"",""note"":""一道30元(6枚代幣)"",""upd"":""2026-02-12""}]"
133,奇樂多南港店,25.052526,121.6060668,True,11:00〜21:00,"[{""g"":""Taiko no Tatsujin"",""v"":""新框體"",""n"":1,""coin"":""代幣"",""q"":""直接排隊"",""note"":""一道30元 (6枚代幣)\\\r\n一道3首歌"",""upd"":""2025-05-04""},{""g"":""maimai"",""v"":""CiRCLE PLUS"",""n"":1,""coin"":""代幣"",""q"":""卡片排隊"",""note"":""代幣6枚/30$，刷會員卡5枚/25$"",""upd"":""2024-04-01""},{""g"":""Pump It Up"",""v"":""XX"",""n"":1,""coin"":""未知"",""q"":""直接排隊"",""note"":""**LX機台 (白框)**\\\r\n版本：V2.08.3 (中國/CHINA版本)\\\r\n``PUMP IT UP XX連網服務已於2023年12月結束營運，現在無法再使用卡片``\r\n\r\n無法遊玩歌曲名單：  \r\n- HANN (Alone) ("",""upd"":""2025-05-04""}]"
134,新國際遊樂園,25.008951,121.5086713,False,,[]
135,奇樂多新埔店,25.023468,121.4682478,False,11:00〜22:00,"[{""g"":""Taiko no Tatsujin"",""v"":""新框體"",""n"":1,""coin"":""現金"",""q"":""直接排隊"",""note"":""一道30元\\\r\n一道3首歌"",""upd"":""2025-01-26""}]"
136,無敵抓抓樂中原店,24.9544781,121.2387684,False,24時間,[]
137,TIGER複合式運動館,24.782806,121.021008,True,09:00〜02:00,"[{""g"":""maimai"",""v"":""FiNALE"",""n"":1,""coin"":""代幣"",""q"":""直接排隊"",""note"":""標記故障，目前未開機"",""upd"":""2024-05-29""},{""g"":""SOUND VOLTEX"",""v"":""Legacy Model (舊框)"",""n"":2,""coin"":""代幣"",""q"":""直接排隊"",""note"":"""",""upd"":""2024-05-29""},{""g"":""jubeat"",""v"":""Beyond the Ave."",""n"":3,""coin"":""代幣"",""q"":""直接排隊"",""note"":""其中一台放在DEA的隔壁\r\n遊玩前確認有沒有玩家在玩\r\n\r\n兩台中靠左那台有幾鍵接觸不良\r\n請以其他兩台為優先遊玩"",""upd"":""2024-11-17""},{""g"":""MuziBox"",""v"":""預設版本"",""n"":1,""coin"":""代幣"",""q"":""直接排隊"",""note"":""目前未開機"",""upd"":""2024-05-29""},{""g"":""DanceEvolution ARCADE"",""v"":""預設版本"",""n"":1,""coin"":""代幣"",""q"":""直接排隊"",""note"":""無連網\r\n有一台JU放在機台隔壁遊玩時注意安全，目前未開機"",""upd"":""2025-02-02""},{""g"":""Taiko no Tatsujin"",""v"":""14代"",""n"":1,""coin"":""代幣"",""q"":""直接排隊"",""note"":""標記故障，目前未開機"",""upd"":""2024-05-29""}]"
138,湯姆熊屏東中正店,22.6884972,120.4958264,False,24時間,"[{""g"":""Taiko no Tatsujin"",""v"":""14代"",""n"":1,""coin"":""代幣"",""q"":""直接排隊"",""note"":""7.5元一道"",""upd"":""2023-07-10""}]"
139,湯姆熊屏東太平洋店,22.6742434,120.4876354,False,11:00〜22:00,"[{""g"":""Taiko no Tatsujin"",""v"":""14代"",""n"":1,""coin"":""代幣"",""q"":""直接排隊"",""note"":""12.5元一道"",""upd"":""2023-07-10""}]"
140,新藝城虎尾店,23.7097402,120.4337233,True,12:00〜25:00,"[{""g"":""jubeat"",""v"":""Beyond the Ave."",""n"":2,""coin"":""現金"",""q"":""直接排隊"",""note"":""1.可使用耳機\r\n\r\n2.右台的螢幕故障，但是會開機"",""upd"":""2024-06-25""},{""g"":""maimai"",""v"":""FiNALE"",""n"":1,""coin"":""現金"",""q"":""直接排隊"",""note"":""20元3曲，直接人排\\\r\n有時候會當機跟開到一半需要操作"",""upd"":""2025-02-06""},{""g"":""Taiko no Tatsujin"",""v"":""新框體"",""n"":1,""coin"":""現金"",""q"":""直接排隊"",""note"":""公棒很難用\\\r\n1P鼓皮比較軟\\\r\n2P鼓皮比較硬"",""upd"":""2025-02-06""},{""g"":""We Dancing Online"",""v"":""預設版本"",""n"":1,""coin"":""現金"",""q"":""直接排隊"",""note"":""已斷網，晚上時間會關機"",""upd"":""2024-05-25""},{""g"":""Crossbeats"",""v"":""預設版本"",""n"":1,""coin"":""現金"",""q"":""直接排隊"",""note"":""晚上時間會關機"",""upd"":""2024-05-25""},{""g"":""Dancerush Stardom"",""v"":""預設版本"",""n"":1,""coin"":""現金"",""q"":""直接排隊"",""note"":""平日基本不太開機，要請阿伯幫忙開機。\r\n假日大約晚上10點多關台，建議最晚投幣時間9點半。"",""upd"":""2024-01-09""},{""g"":""Taiko no Tatsujin"",""v"":""14代"",""n"":1,""coin"":""現金"",""q"":""直接排隊"",""note"":""10代，在門口右側"",""upd"":""2024-05-25""},{""g"":""maimai"",""v"":""CiRCLE PLUS"",""n"":2,""coin"":""現金"",""q"":""卡片排隊"",""note"":""投蔣公*3  \r\n排卡區在右機組側邊，櫃檯有販售aime卡\r\n外圈按鍵狀況不穩定，內圈於Splash Plus調整過基本沒毛病，左組2P螢幕有更換過，螢幕顯色與其他三台的略為不同，右組1P螢幕也有更換過，螢幕顯色偏黃\r\n\r\n備註：後面的 F"",""upd"":""2026-09-07""},{""g"":""CHUNITHM"",""v"":""X-VERSE-X"",""n"":2,""coin"":""現金"",""q"":""卡片排隊"",""note"":""排隊卡片架左方籃球機側邊\r\n機況良好，觸控膜於2022/12 NEW PLUS時期更換過，兩台上方皆有手機夾可以錄製手元，但有機會掉，請小心使用"",""upd"":""2024-05-25""}]"
141,樂吉獅歡樂世界 - 桃園店,24.990799,121.3106213,False,11:00〜22:00,[]
142,哈啦星球-公館店,25.0130052,121.5359631,True,24時間,"[{""g"":""Taiko no Tatsujin"",""v"":""新框體"",""n"":2,""coin"":""現金"",""q"":""卡片排隊"",""note"":""右台卡排架在旁邊娃娃機上，左台卡排架在2P右邊牆壁上。"",""upd"":""2023-09-10""},{""g"":""maimai"",""v"":""CiRCLE PLUS"",""n"":4,""coin"":""現金"",""q"":""卡片排隊"",""note"":""有賣三社卡，一張$200，手套$30，耳機$80"",""upd"":""2025-12-28""},{""g"":""Nostalgia"",""v"":""Op.3"",""n"":1,""coin"":""現金"",""q"":""直接排隊"",""note"":"""",""upd"":""2023-09-10""},{""g"":""CHUNITHM"",""v"":""X-VERSE-X"",""n"":4,""coin"":""現金"",""q"":""卡片排隊"",""note"":""建議戴耳機 不然聽不到音樂"",""upd"":""2025-11-13""},{""g"":""SOUND VOLTEX"",""v"":""Valkyrie Model (女武神)"",""n"":5,""coin"":""現金"",""q"":""卡片排隊"",""note"":""40/50元一道"",""upd"":""2024-04-09""},{""g"":""SOUND VOLTEX GENERATOR"",""v"":""抽卡機"",""n"":1,""coin"":""現金"",""q"":""卡片排隊"",""note"":"""",""upd"":""2024-03-02""},{""g"":""beatmania IIDX"",""v"":""(雷霆筐體) 33 Sparkle Shower"",""n"":1,""coin"":""現金"",""q"":""卡片排隊"",""note"":""雷霆筐40/60元一道"",""upd"":""2023-09-10""},{""g"":""GITADORA DrumMania"",""v"":""(Arena Model) GALAXY WAVE DELTA"",""n"":1,""coin"":""現金"",""q"":""卡片排隊"",""note"":""銀筐(鼓晚上11點到早上9點關機（鄰居會抗議）)"",""upd"":""2025-04-19""},{""g"":""GITADORA GuitarFreaks"",""v"":""(Arena Model) GALAXY WAVE DELTA"",""n"":1,""coin"":""現金"",""q"":""卡片排隊"",""note"":""銀筐"",""upd"":""2025-04-19""},{""g"":""Pop'n Music"",""v"":""(新筐體) High☆Cheers!!"",""n"":1,""coin"":""現金"",""q"":""直接排隊"",""note"":"""",""upd"":""2026-04-18""}]"
143,X50 Music Game Station - 西門店一店,25.0455331,121.5028912,False,24時間,"[{""g"":""jubeat"",""v"":""Beyond the Ave."",""n"":1,""coin"":""現金"",""q"":""直接排隊"",""note"":""現金/X50Pay 20/3曲，有耳機孔"",""upd"":""2025-03-21""},{""g"":""SOUND VOLTEX"",""v"":""Valkyrie Model (女武神)"",""n"":5,""coin"":""現金"",""q"":""其他"",""note"":""現金40元，X50Pay 36/34P，1/4號機有直播，平板排"",""upd"":""2026-05-02""},{""g"":""beatmania IIDX"",""v"":""(雷霆筐體) 33 Sparkle Shower"",""n"":3,""coin"":""現金"",""q"":""其他"",""note"":""現金40/60元，X50Pay 36/54P\\\r\n平板排隊，1/2號機有全時段直播"",""upd"":""2026-01-13""},{""g"":""Dance Dance Revolution"",""v"":""(金筐體) World"",""n"":1,""coin"":""現金"",""q"":""其他"",""note"":""價格 40/40/90 X50Pay 36/36/81 , 平板排\r\n- 機台序號：372"",""upd"":""2024-05-18""},{""g"":""GITADORA DrumMania"",""v"":""(Arena Model) GALAXY WAVE DELTA"",""n"":1,""coin"":""現金"",""q"":""直接排隊"",""note"":""2026/5/9  目前現金價格30/40/60/90\r\n\r\n使用X50PAY約為現金價9折\\\r\n依優惠時段會比9折再便宜1~2元"",""upd"":""2026-05-09""},{""g"":""GITADORA GuitarFreaks"",""v"":""(Arena Model) GALAXY WAVE DELTA"",""n"":1,""coin"":""現金"",""q"":""直接排隊"",""note"":""2026/5/9  目前現金價格30/40/60/90\r\n\r\n使用X50PAY約為現金價9折\\\r\n依優惠時段會比9折再便宜1~2元"",""upd"":""2026-05-09""},{""g"":""Pop'n Music"",""v"":""(新筐體) High☆Cheers!!"",""n"":1,""coin"":""現金"",""q"":""直接排隊"",""note"":"""",""upd"":""2026-04-18""}]"
144,GiGO - 林口三井店 1 號店,25.0706298,121.3642446,False,11:00〜21:30,[]
145,老虎歡樂世界桃園春日店,25.009333,121.3095745,False,11:00〜22:00,"[{""g"":""Taiko no Tatsujin"",""v"":""新框體"",""n"":1,""coin"":""現金"",""q"":""直接排隊"",""note"":"""",""upd"":""2026-01-06""}]"
146,麗寶樂園 - 虛擬奇境(電玩館),24.3246361,120.6979137,True,09:30〜20:00,"[{""g"":""Taiko no Tatsujin"",""v"":""14代"",""n"":1,""coin"":""代幣"",""q"":""直接排隊"",""note"":""**[進入本場所必須持有麗寶樂園門票]**\\\r\n\\\r\n代幣2枚/20元\r\n\\\r\n鼓本體左半邊感應不良，要用右半邊遊玩"",""upd"":""2025-08-20""},{""g"":""Pump It Up"",""v"":""Exceed 2"",""n"":1,""coin"":""代幣"",""q"":""直接排隊"",""note"":""**[進入本場所必須持有麗寶樂園門票]**\r\n\r\n一道$20 (2枚代幣)\r\n\r\n踏板狀況差"",""upd"":""2024-05-23""},{""g"":""maimai"",""v"":""FiNALE"",""n"":2,""coin"":""代幣"",""q"":""直接排隊"",""note"":""**[進入本場所必須持有麗寶樂園門票]**\\\r\n**[本場所由亨力國際貿易管理，詳細見此公司的FB]**\r\n\r\n1道20元有三首，但日文介面那台機況差，完全無法觸控。\r\n\r\n兩台皆無法刷卡聯網"",""upd"":""2025-09-05""},{""g"":""Taiko no Tatsujin"",""v"":""舊框體"",""n"":1,""coin"":""代幣"",""q"":""直接排隊"",""note"":""**[進入本場所必須持有麗寶樂園門票]**\\\r\n\\\r\n框體版本10代，2枚代幣/20元\r\n\r\n機況偏差，左1P鼓右半邊會出問題，整體感應不良"",""upd"":""2025-08-20""},{""g"":""MuziBox"",""v"":""預設版本"",""n"":1,""coin"":""代幣"",""q"":""直接排隊"",""note"":""**[進入本場所必須持有麗寶樂園門票]**\\\r\n\\\r\n2枚代幣/20元"",""upd"":""2025-01-18""}]"
147,湯姆熊淡水店,25.1691233,121.4450016,True,11:00〜22:00,"[{""g"":""Dancerush Stardom"",""v"":""預設版本"",""n"":1,""coin"":""代幣"",""q"":""直接排隊"",""note"":""Light 6枚代幣/Standard 8枚代幣，可在櫃檯購買IC CARD。感謝店員的維護，目前機況為KAC等級的良好，若有無影腳的狀況 ，可聯絡店員重開機，並用拖把清理踏板。\r\n\r\n近幾個月機況較不穩定。"",""upd"":""2026-05-09""},{""g"":""Taiko no Tatsujin"",""v"":""新框體"",""n"":1,""coin"":""代幣"",""q"":""直接排隊"",""note"":"""",""upd"":""2026-05-09""},{""g"":""maimai"",""v"":""CiRCLE PLUS"",""n"":2,""coin"":""代幣"",""q"":""簽名排隊"",""note"":""有椅子但假日人稍多 \\\r\n會有藝術家亂畫簽名板及插隊小孩出沒"",""upd"":""2024-04-27""},{""g"":""CHUNITHM"",""v"":""X-VERSE-X"",""n"":2,""coin"":""代幣"",""q"":""簽名排隊"",""note"":""原本四臺撤走後剩兩台了🥲"",""upd"":""2025-04-27""},{""g"":""Dance Dance Revolution"",""v"":""(白筐體) World"",""n"":1,""coin"":""代幣"",""q"":""直接排隊"",""note"":""(2024-06-28 更新) 世美剛來更換感應條，機況已接近全新原廠踏板"",""upd"":""2024-07-03""}]"
148,湯姆熊新光三越店,22.6143649,120.3066585,False,11:00〜22:00,"[{""g"":""Taiko no Tatsujin"",""v"":""14代"",""n"":2,""coin"":""代幣"",""q"":""直接排隊"",""note"":""15元一道"",""upd"":""2024-02-12""},{""g"":""Rock Fever"",""v"":""3代"",""n"":1,""coin"":""現金"",""q"":""直接排隊"",""note"":""**[14F已封閉，遊戲機都在8F]**\r\n\r\nROCK FEVER 3 PLUS \\\r\n一道$10 (2枚大代幣)\r\n\r\n（原本有ROCK FEVER 3.5 MAX，但已撤機）"",""upd"":""2026-05-08""}]"
149,哈啦星球-光華店,25.0439113,121.5321389,False,24時間,[]
150,哈啦星球歡樂聯盟-西門店,25.0438514,121.5080065,True,24時間,"[{""g"":""Taiko no Tatsujin"",""v"":""新框體"",""n"":2,""coin"":""現金"",""q"":""直接排隊"",""note"":""- 機台位置：一樓\r\n- 兩台皆設置在1樓樓梯旁"",""upd"":""2026-03-23""},{""g"":""GROOVE COASTER AC"",""v"":""4EX"",""n"":1,""coin"":""現金"",""q"":""直接排隊"",""note"":""- 機台位置：二樓\r\n- 2026/03/23 未開機"",""upd"":""2026-03-23""},{""g"":""Hatsune Miku Project DIVA Arcade"",""v"":""預設版本"",""n"":1,""coin"":""現金"",""q"":""直接排隊"",""note"":""03:00後自動關機\r\n--\r\n20元/3首，09:00開機 有時會卡幣\r\n- 機台位置：二樓"",""upd"":""2026-03-23""},{""g"":""maimai"",""v"":""CiRCLE PLUS"",""n"":5,""coin"":""現金"",""q"":""卡片排隊"",""note"":""- 機台位置：二樓\r\n- 機台沒固定好會晃，西哈地震屋"",""upd"":""2026-03-23""},{""g"":""CHUNITHM"",""v"":""X-VERSE-X"",""n"":4,""coin"":""現金"",""q"":""卡片排隊"",""note"":""- 機台位置：二樓"",""upd"":""2026-03-23""},{""g"":""SOUND VOLTEX"",""v"":""Valkyrie Model (女武神)"",""n"":2,""coin"":""現金"",""q"":""直接排隊"",""note"":""- 機台位置：二樓"",""upd"":""2026-03-23""},{""g"":""maimai"",""v"":""獨立網"",""n"":1,""coin"":""現金"",""q"":""直接排隊"",""note"":""- 機台位置：二樓\r\n- 單人20元一道，雙人30元一道\r\n- 獨立網 可刷卡紀錄\r\n- 需注意機台左右聲道相反"",""upd"":""2026-03-23""},{""g"":""beatmania IIDX"",""v"":""(雷霆筐體) 33 Sparkle Shower"",""n"":1,""coin"":""現金"",""q"":""卡片排隊"",""note"":""- 機台位置：一樓"",""upd"":""2026-03-23""},{""g"":""Dance Dance Revolution"",""v"":""(金筐體) World"",""n"":1,""coin"":""現金"",""q"":""直接排隊"",""note"":""- 機台位置：一樓\r\n- 機台序號：424\r\n\r\n踏板螺絲有凸起\r\n價格 40/50/90 HalaPay 36/45/81"",""upd"":""2026-03-23""},{""g"":""Pop'n Music"",""v"":""(新筐體) High☆Cheers!!"",""n"":1,""coin"":""現金"",""q"":""直接排隊"",""note"":"""",""upd"":""2026-04-18""}]"
151,湯姆熊員林惠來店,23.955322,120.571881,True,10:00〜22:00,"[{""g"":""Taiko no Tatsujin"",""v"":""新框體"",""n"":1,""coin"":""代幣"",""q"":""直接排隊"",""note"":""- 12枚（小）代幣\r\n- 非原廠公棒，較短而輕\r\n- 左側鼓面右半邊損壞無法感應"",""upd"":""2025-06-06""},{""g"":""maimai"",""v"":""CiRCLE PLUS"",""n"":2,""coin"":""代幣"",""q"":""卡片排隊"",""note"":""- 12枚（小）代幣"",""upd"":""2025-05-21""},{""g"":""CHUNITHM"",""v"":""X-VERSE-X"",""n"":2,""coin"":""代幣"",""q"":""卡片排隊"",""note"":""- 12枚（小）代幣\r\n- 店家自行加裝手機錄影支架"",""upd"":""2025-05-24""}]"
152,湯姆熊高雄新富店,22.6147792,120.3484975,False,10:00〜22:00,[]
153,X50 Music Game Station - 板橋店,25.0088932,121.4608546,False,24時間,[]
154,樂吉獅歡樂世界 - 信義店,25.0810068,121.5554321,False,11:00〜22:00,[]
155,RED LINE PARK,22.6237699,120.3014669,False,10:00〜22:00,[]
156,快樂爬爬客,22.6564394,120.3151953,False,,[]
157,湯姆熊 板橋麗寶店,25.0124051,121.4618423,False,11:00〜22:00,[]
158,湯姆熊 - 樹林秀泰店,24.9955739,121.428591,True,11:00〜22:00,"[{""g"":""Taiko no Tatsujin"",""v"":""新框體"",""n"":1,""coin"":""代幣"",""q"":""直接排隊"",""note"":"""",""upd"":""2026-02-01""},{""g"":""maimai"",""v"":""CiRCLE PLUS"",""n"":2,""coin"":""代幣"",""q"":""卡片排隊"",""note"":"""",""upd"":""2025-12-28""}]"
159,老虎歡樂世界 tigers world 老虎八德置地店,24.965178,121.2989363,True,,"[{""g"":""maimai"",""v"":""FiNALE"",""n"":1,""coin"":""現金"",""q"":""直接排隊"",""note"":""實際地點在二樓影城前"",""upd"":""2025-10-26""},{""g"":""Taiko no Tatsujin"",""v"":""新框體"",""n"":1,""coin"":""現金"",""q"":""直接排隊"",""note"":""實際地點為二樓影城前"",""upd"":""2025-10-26""}]"
160,娃娃兵總動員親子樂園 TOY HUNTER,24.9894461,121.3124076,False,24時間,[]
161,Happy 100 -  ATT大直店,25.0810749,121.5553034,False,11:00〜22:00,[]
162,湯姆熊 - 左營新光店(湯姆貝貝),22.688472,120.310048,True,11:00〜22:00,"[{""g"":""maimai"",""v"":""CiRCLE PLUS"",""n"":2,""coin"":""代幣"",""q"":""卡片排隊"",""note"":""6代幣(30元)一道，機台後側有置物架"",""upd"":""2026-03-02""},{""g"":""Taiko no Tatsujin"",""v"":""14代"",""n"":1,""coin"":""代幣"",""q"":""直接排隊"",""note"":""15元一道"",""upd"":""2026-03-02""},{""g"":""CHUNITHM"",""v"":""X-VERSE-X"",""n"":2,""coin"":""代幣"",""q"":""卡片排隊"",""note"":""6代幣(30元)一道，右台後方有置物架\r\n\r\n機台螢幕上面有明顯灰塵，無人清潔，如果有需要需自行準備清潔用擦拭布以及清潔劑"",""upd"":""2026-03-02""},{""g"":""Taiko no Tatsujin"",""v"":""新框體"",""n"":1,""coin"":""現金"",""q"":""卡片排隊"",""note"":""30元一道"",""upd"":""2026-03-02""}]"
163,一心保齡球館,22.9971121,120.2342204,False,,[]
164,湯姆熊歡樂世界台中旗艦店（台中麗寶店）,24.3243232,120.6994131,False,11:00〜21:30,"[{""g"":""Taiko no Tatsujin"",""v"":""14代"",""n"":1,""coin"":""代幣"",""q"":""直接排隊"",""note"":""代幣3枚/15元\\\r\n[【機台圖片】](https://i.imgur.com/lnQN8CP.jpg \""機台圖片\"")"",""upd"":""2025-09-04""}]"
165,湯姆熊臨江店,25.0302053,121.5551233,False,12:30〜23:00,[]
166,樂虎娃娃屋親子樂園,23.5733312,119.5775507,False,10:00〜02:00,[]
167,哈啦星球-信陽店,25.0446011,121.5167195,False,24時間,[]
168,奇樂多科技景品館三創店,25.0455626,121.5312045,False,11:00〜21:30,[]
169,Tiger 複合式運動館 - 新竹館,24.7827873,121.0220055,False,,[]
170,饅頭家族主題樂園 - 華泰名品城,25.0142884,121.2123919,False,12:00〜21:00,"[{""g"":""Taiko no Tatsujin"",""v"":""14代"",""n"":1,""coin"":""代幣"",""q"":""直接排隊"",""note"":"""",""upd"":""2025-05-23""}]"
171,夾樂比高雄旗艦店,22.723796,120.293609,False,24時間,[]
172,玩具總動員 和億北車站,25.0460066,121.5169442,False,11:00〜22:00,[]
173,湯姆熊台南新營店,23.31938,120.311975,False,10:00〜22:00,"[{""g"":""Taiko no Tatsujin"",""v"":""新框體"",""n"":1,""coin"":""代幣"",""q"":""直接排隊"",""note"":"""",""upd"":""2026-03-28""}]"
174,激安爪舖,25.0714618,121.6659963,False,24時間,[]
175,鯊魚夾選物販賣機,25.0500818,121.5117792,False,10:00〜23:00,[]
176,湯姆熊台南新仁店,22.9473433,120.2202393,False,10:00〜22:00,"[{""g"":""Taiko no Tatsujin"",""v"":""新框體"",""n"":1,""coin"":""代幣"",""q"":""直接排隊"",""note"":""30元一道"",""upd"":""2026-03-21""}]"
177,湯姆熊高雄草衙道,22.582777,120.330912,True,11:00〜21:30,"[{""g"":""maimai"",""v"":""CiRCLE PLUS"",""n"":4,""coin"":""代幣"",""q"":""卡片排隊"",""note"":""- B1 大道東x2，30元一道，有置物架、桌椅、電扇\r\n- B1 在2023/06月底發生過竊案，請各位玩家注意自身財物\r\n- 3F 大道西x2，30元一道，有置物架、椅子。代幣是湯姆熊5元一枚的大銀幣。\r\n- 3F 頭文字D賽車旁有賣萬"",""upd"":""2024-04-20""},{""g"":""Taiko no Tatsujin"",""v"":""14代"",""n"":2,""coin"":""代幣"",""q"":""直接排隊"",""note"":""- 3F 大道西x1，20元一道\r\n- B1F大道東x1"",""upd"":""2024-04-20""},{""g"":""Taiko no Tatsujin"",""v"":""新框體"",""n"":2,""coin"":""代幣"",""q"":""直接排隊"",""note"":""- B1 大道東x1，人排30元一道\r\n- 3F 大道西x1，卡排30元一道，機台左側有置物架"",""upd"":""2024-04-20""}]"
178,力堡親子歡樂園,22.9983958,120.2519344,False,09:30〜23:00,[]
179,湯姆熊台中秀泰文心店,24.1298094,120.6462516,True,11:00〜22:00,"[{""g"":""Taiko no Tatsujin"",""v"":""新框體"",""n"":1,""coin"":""代幣"",""q"":""直接排隊"",""note"":""6枚代幣(30元一道)\\\r\n旁邊有置物櫃\\\r\n1P左鼓面靠近中線有個區域感應不好，其他正常\\\r\n2P未發現異狀"",""upd"":""2026-09-30""},{""g"":""maimai"",""v"":""CiRCLE PLUS"",""n"":1,""coin"":""代幣"",""q"":""卡片排隊"",""note"":""代幣6枚(30元)一道\r\n排卡架在機台右側"",""upd"":""2025-05-18""}]"
180,湯姆熊台南新光中山店,22.9955009,120.2100171,True,11:00〜22:00,"[{""g"":""maimai"",""v"":""CiRCLE PLUS"",""n"":1,""coin"":""代幣"",""q"":""卡片排隊"",""note"":""6枚大代幣一道，機況很好，人多時排隊要很久"",""upd"":""2026-05-11""},{""g"":""Taiko no Tatsujin"",""v"":""新框體"",""n"":1,""coin"":""代幣"",""q"":""直接排隊"",""note"":""6枚大代幣一道"",""upd"":""2026-05-11""},{""g"":""GROOVE COASTER AC"",""v"":""4EX"",""n"":1,""coin"":""代幣"",""q"":""直接排隊"",""note"":""1枚大代幣2首\r\n\r\n2026/5/16 Critial.Slide判定極差"",""upd"":""2026-05-24""},{""g"":""Hatsune Miku Project DIVA Arcade"",""v"":""預設版本"",""n"":2,""coin"":""代幣"",""q"":""直接排隊"",""note"":""2枚大代幣，機況欠佳。右台圈叉按鍵接觸不良；左台框圈按鍵接觸不良、螢幕觸控反應不良、亮度偏暗"",""upd"":""2026-05-11""}]"
181,白喵一番屋-桃園店,24.9929981,121.312807,True,24時間,"[{""g"":""SOUND VOLTEX"",""v"":""Legacy Model (舊框)"",""n"":1,""coin"":""現金"",""q"":""直接排隊"",""note"":"""",""upd"":""2025-05-04""},{""g"":""maimai"",""v"":""CiRCLE PLUS"",""n"":3,""coin"":""現金"",""q"":""卡片排隊"",""note"":""- 最右台沒有Nekopay 、 NekoREC"",""upd"":""2025-08-08""},{""g"":""Taiko no Tatsujin"",""v"":""新框體"",""n"":2,""coin"":""現金"",""q"":""卡片排隊"",""note"":""左台有耳機插座可供使用，提供特製公棒。30元一道四首"",""upd"":""2025-05-03""},{""g"":""WACCA"",""v"":""Reverse"",""n"":1,""coin"":""現金"",""q"":""直接排隊"",""note"":"""",""upd"":""2025-05-04""},{""g"":""SOUND VOLTEX GENERATOR"",""v"":""抽卡機"",""n"":1,""coin"":""現金"",""q"":""直接排隊"",""note"":"""",""upd"":""2025-05-04""},{""g"":""CHUNITHM"",""v"":""X-VERSE-X"",""n"":3,""coin"":""現金"",""q"":""卡片排隊"",""note"":""- 三台皆有Nekopay 、 NekoRec"",""upd"":""2025-08-08""},{""g"":""Nostalgia"",""v"":""Op.3"",""n"":1,""coin"":""現金"",""q"":""直接排隊"",""note"":"""",""upd"":""2025-05-04""},{""g"":""SOUND VOLTEX"",""v"":""Valkyrie Model (女武神)"",""n"":2,""coin"":""現金"",""q"":""卡片排隊"",""note"":""40/50/60元一道，Generator 80元一道"",""upd"":""2025-05-04""},{""g"":""jubeat"",""v"":""Beyond the Ave."",""n"":1,""coin"":""現金"",""q"":""直接排隊"",""note"":""20元一道"",""upd"":""2025-05-03""},{""g"":""GROOVE COASTER AC"",""v"":""4EX"",""n"":1,""coin"":""現金"",""q"":""直接排隊"",""note"":"""",""upd"":""2025-05-04""},{""g"":""beatmania IIDX"",""v"":""(雷霆筐體) 33 Sparkle Shower"",""n"":1,""coin"":""現金"",""q"":""卡片排隊"",""note"":""40/50元一道"",""upd"":""2025-05-04""},{""g"":""Dance Dance Revolution"",""v"":""(金筐體) World"",""n"":1,""coin"":""現金"",""q"":""卡片排隊"",""note"":""- 機台序號：374\r\n - 40/50/90元一道"",""upd"":""2025-05-04""},{""g"":""GITADORA DrumMania"",""v"":""(Arena Model) GALAXY WAVE DELTA"",""n"":1,""coin"":""現金"",""q"":""卡片排隊"",""note"":""40/50/80/120元一道，支援耳機，提供公棒"",""upd"":""2025-05-04""},{""g"":""GITADORA GuitarFreaks"",""v"":""(Arena Model) GALAXY WAVE DELTA"",""n"":1,""coin"":""現金"",""q"":""直接排隊"",""note"":""40/50/80/120元一道，支援耳機"",""upd"":""2025-05-04""},{""g"":""Pop'n Music"",""v"":""(新筐體) High☆Cheers!!"",""n"":1,""coin"":""現金"",""q"":""卡片排隊"",""note"":"""",""upd"":""2026-04-18""}]"
182,抓抓族遊樂園（信陽店）,25.044772,121.516604,True,24時間,"[{""g"":""Taiko no Tatsujin"",""v"":""新框體"",""n"":1,""coin"":""現金"",""q"":""直接排隊"",""note"":""搬遷至信陽街9號新店铺"",""upd"":""2026-07-29""},{""g"":""maimai"",""v"":""CiRCLE PLUS"",""n"":4,""coin"":""現金"",""q"":""卡片排隊"",""note"":""支援HalaPay  \r\n搬遷至信陽街9號新店舖"",""upd"":""2026-04-09""},{""g"":""CHUNITHM"",""v"":""X-VERSE-X"",""n"":3,""coin"":""現金"",""q"":""卡片排隊"",""note"":""支援HalaPay\r\n搬遷至信陽街9號新店舖"",""upd"":""2026-04-09""}]"
183,湯姆熊新莊宏匯城店,25.059779,121.449458,True,11:00〜09:30,"[{""g"":""maimai"",""v"":""CiRCLE PLUS"",""n"":1,""coin"":""代幣"",""q"":""卡片排隊"",""note"":""一道6代幣(10$=2代幣)，卡排架在機台左側，該區空調吹不太到，容易流汗的玩家請自備毛巾"",""upd"":""2026-02-06""},{""g"":""Taiko no Tatsujin"",""v"":""新框體"",""n"":1,""coin"":""代幣"",""q"":""直接排隊"",""note"":""左邊鼓右邊咚感應不良，很容易被吃掉；木板中央有些微凹陷，私棒玩家需注意敲擊位置；周圍環境極為吵雜，很難聽得見音樂。"",""upd"":""2026-02-06""}]"
184,老虎歡樂世界龍潭店,24.867464,121.2157943,True,10:00〜22:30,"[{""g"":""maimai"",""v"":""FiNALE"",""n"":1,""coin"":""代幣"",""q"":""直接排隊"",""note"":""單次遊玩需投入4枚代幣\r\n可遊玩4首歌曲\r\n右邊那台螢幕觸控有問題 滑星滑不了"",""upd"":""2026-07-31""},{""g"":""Taiko no Tatsujin"",""v"":""12代 (亞洲版)"",""n"":1,""coin"":""代幣"",""q"":""直接排隊"",""note"":"""",""upd"":""2026-07-31""}]"
185,湯姆熊嘉義耐斯店,23.49652,120.452582,False,11:00〜22:00,"[{""g"":""Taiko no Tatsujin"",""v"":""新框體"",""n"":1,""coin"":""代幣"",""q"":""直接排隊"",""note"":""1P鼓的左側鼓邊（藍色音符），判定為鼓面（紅色音符），選歌要往上只能2P，難度無法調低。"",""upd"":""2025-05-24""}]"
186,湯姆熊台南新天地,22.9872889,120.1985556,True,11:00〜22:00,"[{""g"":""maimai"",""v"":""CiRCLE PLUS"",""n"":1,""coin"":""代幣"",""q"":""卡片排隊"",""note"":""30元一道，機台左邊有架子＆卡排，前面有小圓桌、椅子、交流本\r\n- 鄰近學區，下課時段非常多人"",""upd"":""2025-03-01""},{""g"":""Taiko no Tatsujin"",""v"":""新框體"",""n"":1,""coin"":""代幣"",""q"":""直接排隊"",""note"":""30元一道"",""upd"":""2024-06-12""}]"
187,Happy 100 潮州驛站店,22.5499112,120.5362825,True,11:00〜21:30,"[{""g"":""maimai"",""v"":""FiNALE"",""n"":1,""coin"":""代幣"",""q"":""卡片排隊"",""note"":""一道四首$20 (4枚代幣)\r\nEvent Mode"",""upd"":""2025-07-02""},{""g"":""DanceEvolution ARCADE"",""v"":""預設版本"",""n"":1,""coin"":""代幣"",""q"":""直接排隊"",""note"":""一道$20 (4枚代幣)\r\n\r\n英文介面、已斷網\\\r\n音樂很大聲且面對空曠百貨步行路線，適合想表現自我的玩家前來。"",""upd"":""2024-10-22""},{""g"":""Taiko no Tatsujin"",""v"":""14代"",""n"":1,""coin"":""代幣"",""q"":""直接排隊"",""note"":""螢幕異常 變成綠色螢幕"",""upd"":""2025-07-02""}]"
188,新世界夢時代選物販賣機,24.6850944,120.9066645,True,24時間,"[{""g"":""maimai"",""v"":""獨立網"",""n"":1,""coin"":""現金"",""q"":""卡片排隊"",""note"":""1.不定時更新歌曲\r\n2.機況很不錯，很好打\r\n3.偶爾會辦活動"",""upd"":""2025-07-23""},{""g"":""jubeat"",""v"":""Beyond the Ave."",""n"":1,""coin"":""現金"",""q"":""直接排隊"",""note"":""目前沒有開機，只貼著告示表示要賣掉機台，意者請洽老闆。"",""upd"":""2025-12-15""}]"
189,夾到飽士林店,25.0892638,121.5249246,True,24時間,"[{""g"":""maimai"",""v"":""CiRCLE PLUS"",""n"":2,""coin"":""現金"",""q"":""卡片排隊"",""note"":""排卡在機台右側，前方有沙發"",""upd"":""2025-01-20""}]"
190,波奇歡樂世界,22.7270986,120.3074042,False,09:00〜25:30,[]
191,哈啦星球-西門店,25.0439,121.5076096,False,24時間,[]
192,湯姆熊花蓮台開新天堂樂園,23.93883,121.594696,False,09:30〜21:00,"[{""g"":""Taiko no Tatsujin"",""v"":""14代"",""n"":1,""coin"":""代幣"",""q"":""直接排隊"",""note"":""- 13代"",""upd"":""2025-08-19""},{""g"":""Taiko no Tatsujin"",""v"":""12代 (亞洲版)"",""n"":1,""coin"":""代幣"",""q"":""直接排隊"",""note"":"""",""upd"":""2025-08-19""}]"
193,邦尼斯玩斗城(金城店),24.4334484,118.3199865,True,10:00〜22:00,"[{""g"":""maimai"",""v"":""FiNALE"",""n"":2,""coin"":""現金"",""q"":""直接排隊"",""note"":""一道20元3首，沒有2人加1首  \r\n版本1.99A，似乎沒開離線模式，沒有任何FINALE的歌  \r\n常常會卡幣，卡幣時多敲幾下錢就會進去了  \r\n右側6號鈕鬆動，常常會吃鍵；左側6號紐接觸不良，常卡鍵  \r\n不太奢望店家會修，機台太小聲"",""upd"":""2024-08-10""}]"
194,邦尼斯玩斗城(山外店),24.4409684,118.4165174,False,10:00〜22:00,[]
195,爪娃之星,25.0506808,121.5765572,False,,[]
196,陸行鳥選物販賣水源店,25.0131737,121.535271,False,24時間,[]
197,太鼓歡樂園,22.98639,120.233002,True,24時間,"[{""g"":""Taiko no Tatsujin"",""v"":""新框體"",""n"":6,""coin"":""代幣"",""q"":""直接排隊"",""note"":""- 付款方式：代幣 / 儲值卡\r\n- 其中三台設有耳機孔"",""upd"":""2026-06-20""},{""g"":""jubeat"",""v"":""Beyond the Ave."",""n"":2,""coin"":""代幣"",""q"":""直接排隊"",""note"":""- 付款方式：代幣 / 儲值卡\r\n- 有耳機孔"",""upd"":""2026-06-01""},{""g"":""Pop'n Music"",""v"":""Jam&Fizz"",""n"":1,""coin"":""代幣"",""q"":""直接排隊"",""note"":""- 付款方式：代幣 / 儲值卡\r\n- 有耳機孔"",""upd"":""2026-06-01""},{""g"":""Nostalgia"",""v"":""Op.3"",""n"":1,""coin"":""代幣"",""q"":""直接排隊"",""note"":""- 付款方式：代幣 / 儲值卡"",""upd"":""2026-06-01""},{""g"":""beatmania IIDX"",""v"":""(一般筐體) 33 Sparkle Shower"",""n"":1,""coin"":""代幣"",""q"":""卡片排隊"",""note"":""- 付款方式：代幣 / 儲值卡"",""upd"":""2026-06-01""},{""g"":""maimai"",""v"":""CiRCLE PLUS"",""n"":3,""coin"":""代幣"",""q"":""卡片排隊"",""note"":""- 付款方式：代幣 / 儲值卡"",""upd"":""2026-06-01""},{""g"":""CHUNITHM"",""v"":""X-VERSE-X"",""n"":4,""coin"":""代幣"",""q"":""卡片排隊"",""note"":""- 付款方式：代幣 / 儲值卡\r\n- 右臺頂有手機架可錄手元"",""upd"":""2026-06-01""},{""g"":""SOUND VOLTEX"",""v"":""Valkyrie Model (女武神)"",""n"":3,""coin"":""代幣"",""q"":""卡片排隊"",""note"":""- 付款方式：代幣 / 儲值卡"",""upd"":""2026-06-01""},{""g"":""beatmania IIDX"",""v"":""(雷霆筐體) 33 Sparkle Shower"",""n"":2,""coin"":""代幣"",""q"":""卡片排隊"",""note"":""- 付款方式：代幣 / 儲值卡\r\n- 有直播台擺在店家YT可以使用"",""upd"":""2026-06-01""},{""g"":""GITADORA DrumMania"",""v"":""(黑筐體) GALAXY WAVE"",""n"":1,""coin"":""代幣"",""q"":""卡片排隊"",""note"":""- 付款方式：代幣 / 儲值卡"",""upd"":""2026-06-01""},{""g"":""GITADORA GuitarFreaks"",""v"":""(黑筐體) GALAXY WAVE"",""n"":1,""coin"":""代幣"",""q"":""卡片排隊"",""note"":""- 付款方式：代幣 / 儲值卡"",""upd"":""2026-06-01""},{""g"":""Dance Dance Revolution"",""v"":""(金筐體) World"",""n"":1,""coin"":""代幣"",""q"":""卡片排隊"",""note"":""- 付款方式：代幣 / 儲值卡\r\n- 機台序號：378"",""upd"":""2026-06-01""},{""g"":""GITADORA DrumMania"",""v"":""(Arena Model) GALAXY WAVE DELTA"",""n"":1,""coin"":""代幣"",""q"":""直接排隊"",""note"":""- 付款方式：代幣 / 儲值卡\r\n- 皆已更換「低延遲螢幕」"",""upd"":""2026-06-01""},{""g"":""GITADORA GuitarFreaks"",""v"":""(Arena Model) GALAXY WAVE DELTA"",""n"":1,""coin"":""代幣"",""q"":""直接排隊"",""note"":""- 付款方式：代幣 / 儲值卡\r\n- 皆已更換「低延遲螢幕」"",""upd"":""2026-06-01""},{""g"":""Pop'n Music"",""v"":""(新筐體) High☆Cheers!!"",""n"":1,""coin"":""代幣"",""q"":""直接排隊"",""note"":""- 付款方式：代幣 / 儲值卡"",""upd"":""2026-06-01""}]"
198,米可熊娛樂城,24.9536874,121.2243182,False,06:00〜27:00,[]
199,金猴夾親子樂園,24.8651981,121.2138498,False,24時間,[]
200,湯姆熊頭份尚順店,24.6885914,120.9045853,True,11:00〜21:30,"[{""g"":""maimai"",""v"":""CiRCLE PLUS"",""n"":2,""coin"":""代幣"",""q"":""卡片排隊"",""note"":""新機於8/11入場"",""upd"":""2025-08-12""},{""g"":""Taiko no Tatsujin"",""v"":""14代"",""n"":2,""coin"":""代幣"",""q"":""直接排隊"",""note"":""購物中心(主店)1台；育樂天地(副店)1台"",""upd"":""2025-01-18""},{""g"":""Taiko no Tatsujin"",""v"":""新框體"",""n"":1,""coin"":""代幣"",""q"":""直接排隊"",""note"":""1.2021虹色亞洲版（英文）\r\n鼓很舊感應不太好\r\n\r\n2.鼓棒的防滑套破了，後面大約2公尺就是兌幣機，所以會蠻擠的"",""upd"":""2025-01-18""}]"
201,湯姆熊基隆東岸店,25.1299338,121.743101,True,11:30〜22:00,"[{""g"":""maimai"",""v"":""CiRCLE PLUS"",""n"":1,""coin"":""代幣"",""q"":""卡片排隊"",""note"":""**[本店使用湯姆熊FUN卡/VIP卡付款，需要儲值點數，1點 = 1元]\\\r\n[代幣無法於本店音樂遊戲機台使用，但可以換成本店的點數，剩餘的點數亦可以換成代幣，1枚代幣 <=> 5點]**\r\n\r\n一道30點 (30元)"",""upd"":""2025-08-04""},{""g"":""Taiko no Tatsujin"",""v"":""14代"",""n"":1,""coin"":""代幣"",""q"":""直接排隊"",""note"":""**[本店使用湯姆熊FUN卡/VIP卡付款，需要儲值點數，1點 = 1元]\\\r\n[代幣無法於本店音樂遊戲機台使用，但可以換成本店的點數，剩餘的點數亦可以換成代幣，1枚代幣 <=> 5點]**\r\n\r\n一道20點 (20元)\\\r\n3首歌"",""upd"":""2025-10-12""},{""g"":""Taiko no Tatsujin"",""v"":""新框體"",""n"":1,""coin"":""代幣"",""q"":""直接排隊"",""note"":""**[本店使用湯姆熊FUN卡/VIP卡付款，需要儲值點數，1點 = 1元]\\\r\n[代幣無法於本店音樂遊戲機台使用，但可以換成本店的點數，剩餘的點數亦可以換成代幣，1枚代幣 <=> 5點]**\r\n\r\n一道30點 (30元)\\\r\n3首歌"",""upd"":""2025-10-12""},{""g"":""Dance Dance Revolution"",""v"":""(白筐體) World"",""n"":1,""coin"":""代幣"",""q"":""直接排隊"",""note"":""**[本店使用湯姆熊FUN卡/VIP卡付款，需要儲值點數，1點 = 1元]\\\r\n[代幣無法於本店音樂遊戲機台使用，但可以換成本店的點數，剩餘的點數亦可以換成代幣，1枚代幣 <=> 5點]**\r\n\r\nNORMAL 30點/30元/6 CRED"",""upd"":""2025-10-12""},{""g"":""GITADORA DrumMania"",""v"":""(黑筐體) GALAXY WAVE"",""n"":1,""coin"":""代幣"",""q"":""直接排隊"",""note"":""已經取消卡片付款，改為直接投代幣，代幣1枚=5元\r\n\r\nLIGHT 30元/6 CREDITS \r\n\r\nSTANDARD 40元/8 CREDITS \r\n\r\nPREMIUM FREE 10分鐘 60元/12 CREDITS \r\n\r\nPREM"",""upd"":""2026-05-09""},{""g"":""GITADORA GuitarFreaks"",""v"":""(黑筐體) GALAXY WAVE"",""n"":1,""coin"":""代幣"",""q"":""直接排隊"",""note"":""已經取消卡片付款，改為直接投代幣，代幣1枚=5元\r\n\r\nLIGHT 30元/6 CREDITS\\\r\nSTANDARD 40元/8 CREDITS\\\r\nPREMIUM FREE 10分鐘 60元/12 CREDITS\\\r\nPREMIUM FR"",""upd"":""2026-05-09""}]"
202,湯姆熊中和環球店,25.0066635,121.4750695,False,11:00〜22:00,"[{""g"":""Taiko no Tatsujin"",""v"":""新框體"",""n"":1,""coin"":""現金"",""q"":""直接排隊"",""note"":""鼓皮很薄，敲擊後聲音蠻大的，手感較硬，但對大部分遊戲機是以小朋友為主的湯姆熊來說鼓況（靈敏度）還算不錯"",""upd"":""2023-05-27""}]"
203,雷神英雄,24.8018915,120.9691226,False,24時間,[]
204,暢行無阻 mini KTV 複合式娛樂館,24.9873703,121.511761,False,,[]
205,湯姆熊秀泰生活嘉義店,23.4853088,120.4476997,True,11:00〜21:00,"[{""g"":""Taiko no Tatsujin"",""v"":""新框體"",""n"":1,""coin"":""代幣"",""q"":""直接排隊"",""note"":""機台在一樓"",""upd"":""2025-01-28""},{""g"":""maimai"",""v"":""CiRCLE PLUS"",""n"":1,""coin"":""代幣"",""q"":""卡片排隊"",""note"":""機台在一樓，大銀代幣6枚\r\n\r\n剛保養過，請玩家好好愛護機台。"",""upd"":""2026-07-25""}]"
206,sharkpark.tw鯊魚樂園-南華店,22.6012223,120.3392557,False,24時間,[]
207,老虎歡樂世界 Tiger's World (碧潭廣場店),24.9576007,121.5379467,False,11:00〜21:30,"[{""g"":""CHUNITHM"",""v"":""X-VERSE-X"",""n"":2,""coin"":""現金"",""q"":""直接排隊"",""note"":"""",""upd"":""2025-12-12""},{""g"":""Taiko no Tatsujin"",""v"":""新框體"",""n"":1,""coin"":""現金"",""q"":""直接排隊"",""note"":"""",""upd"":""2025-12-12""}]"
208,無限遊戲中心 INF GAME Center,25.0088237,121.4611473,True,24時間,"[{""g"":""maimai"",""v"":""CiRCLE PLUS"",""n"":5,""coin"":""現金"",""q"":""卡片排隊"",""note"":""一道$30 (使用儲值卡扣3點)\r\n\r\n\r\n機台前方皆有置物籃"",""upd"":""2025-10-17""},{""g"":""Taiko no Tatsujin"",""v"":""新框體"",""n"":2,""coin"":""現金"",""q"":""卡片排隊"",""note"":""一道30元 (使用儲值卡扣3點)\\\r\n一道4首歌\\\r\n日文介面\r\n\r\n左台聲音容易被干擾，但有耳機孔可用。"",""upd"":""2025-11-10""},{""g"":""beatmania IIDX"",""v"":""(一般筐體) 33 Sparkle Shower"",""n"":1,""coin"":""現金"",""q"":""直接排隊"",""note"":""**[一般筐體]**\\\r\nSTANDARD/PREMIUM FREE 30/40元\\\r\n使用儲值卡扣3/4點，刷卡/插卡後，投CREDIT按鍵請按3/4次，每按扣1點)"",""upd"":""2025-11-10""},{""g"":""GITADORA DrumMania"",""v"":""(白筐體) GALAXY WAVE"",""n"":1,""coin"":""現金"",""q"":""直接排隊"",""note"":""LIGHT $30/3點 (按3次)\\\r\nSTANDARD $40/4點 (按4次)\\\r\nPREMIUM FREE 10分鐘 $60/6點 (按6次)\\\r\nPREMIUM FREE 15分鐘 $90/9點 (按9次)\r\n\r\n使用儲值卡，刷/"",""upd"":""2025-05-01""},{""g"":""CHUNITHM"",""v"":""X-VERSE-X"",""n"":3,""coin"":""現金"",""q"":""卡片排隊"",""note"":""一道$30 (使用儲值卡扣3點)"",""upd"":""2024-10-02""},{""g"":""SOUND VOLTEX"",""v"":""Valkyrie Model (女武神)"",""n"":4,""coin"":""現金"",""q"":""卡片排隊"",""note"":""LIGHT 40元/4點\\\r\nSTANDARD 50元/5點\\\r\nBLASTER 50元/5點\\\r\nMEGAMIX BATTLE 40元/4點\\\r\nPREMIUM FREE 50元/5點\r\n\r\n使用儲值卡，刷/插卡後每次按投CREDIT按鍵"",""upd"":""2026-03-16""},{""g"":""Dancerush Stardom"",""v"":""預設版本"",""n"":1,""coin"":""現金"",""q"":""直接排隊"",""note"":""LIGHT/STANDARD 30/40元\\\r\n使用儲值卡扣3/4點，刷卡/插卡後，投CREDIT按鍵請按3/4次，每次按投CREDIT按鍵扣1點)\r\n\r\n**本機台開放時間為09:30-24:30，22:00後要繞無限的內部才能離場**"",""upd"":""2026-03-16""},{""g"":""beatmania IIDX"",""v"":""(雷霆筐體) 33 Sparkle Shower"",""n"":1,""coin"":""現金"",""q"":""卡片排隊"",""note"":""**[雷霆筐體 LIGHTNING MODEL]**\\\r\nSTANDARD/PREMIUM FREE 40/60元\\\r\n使用儲值卡扣4/6點，刷卡/插卡後，投CREDIT按鍵請按4/6次，每按扣1點)"",""upd"":""2025-11-10""},{""g"":""Dance Dance Revolution"",""v"":""(金筐體) World"",""n"":1,""coin"":""現金"",""q"":""直接排隊"",""note"":""NORMAL/PREMIUM/GALAXY 40/40/90元 \\\r\n使用儲值卡扣4/4/9點，刷卡/插卡後，投CREDIT按鍵請按4/4/9次，每按扣1點\r\n\r\n\r\n- 機台序號：371"",""upd"":""2026-09-02""},{""g"":""GITADORA DrumMania"",""v"":""(Arena Model) GALAXY WAVE DELTA"",""n"":1,""coin"":""現金"",""q"":""直接排隊"",""note"":""LIGHT $40/4點 (按4次)\\\r\nSTANDARD $50/5點 (按5次)\\\r\nPREMIUM FREE 10分鐘 $80/8點 (按8次)\\\r\nPREMIUM FREE 15分鐘 $120/12點 (按12次)\r\n\r\n使用儲值卡"",""upd"":""2025-05-01""},{""g"":""GITADORA GuitarFreaks"",""v"":""(Arena Model) GALAXY WAVE DELTA"",""n"":1,""coin"":""現金"",""q"":""直接排隊"",""note"":""LIGHT $40/4點 (按4次)\\\r\nSTANDARD $50/5點 (按5次)\\\r\nPREMIUM FREE 10分鐘 $80/8點 (按8次)\\\r\nPREMIUM FREE 15分鐘 $120/12點 (按12次)\r\n\r\n使用儲值卡"",""upd"":""2025-05-08""},{""g"":""Pop'n Music"",""v"":""(新筐體) High☆Cheers!!"",""n"":1,""coin"":""現金"",""q"":""直接排隊"",""note"":""**[新框體]**\r\n\r\nNORMAL 30元/3點\\\r\nEXTRA 50元/5點\\\r\nTIME PLAY 10分鐘 60元/6點\\\r\nTIME PLAY 16分鐘 70元/7點\r\n\r\n使用儲值卡，刷/插卡後每次按投CREDIT按鍵扣1點"",""upd"":""2026-04-18""},{""g"":""Pump It Up"",""v"":""PHOENIX 2"",""n"":1,""coin"":""現金"",""q"":""直接排隊"",""note"":""**LX機台 (白框)**\\\r\nNORMAL/PREMIUM 30/60元\\\r\n使用儲值卡扣3/6點，刷卡/插卡後，投CREDIT按鍵請按3次，每按扣1點\r\n\r\n有連網，可刷AM.PASS \\\r\n欲購買遊戲卡片 (AM.PASS) 請洽櫃台"",""upd"":""2026-09-02""}]"
209,奇樂多新莊宏匯城店（美麗新影城）,25.0597006,121.4495142,False,11:00〜21:30,[]
210,湯姆熊高雄義享天地,22.6565439,120.306662,True,11:00〜22:00,"[{""g"":""maimai"",""v"":""CiRCLE PLUS"",""n"":2,""coin"":""現金"",""q"":""卡片排隊"",""note"":""30元一道，兩機台間有置物架，投幣口下方有擦拭布"",""upd"":""2026-09-17""},{""g"":""CHUNITHM"",""v"":""X-VERSE-X"",""n"":2,""coin"":""現金"",""q"":""卡片排隊"",""note"":""30元一道"",""upd"":""2026-09-17""},{""g"":""Taiko no Tatsujin"",""v"":""新框體"",""n"":1,""coin"":""現金"",""q"":""直接排隊"",""note"":""- 30元一道\r\n- 左邊鼓的右邊咚中下位置偶爾會被吃掉\r\n- 右邊鼓的左邊咔約 11 點鐘位置也會被吃"",""upd"":""2026-09-17""}]"
211,白喵一番屋-新竹店,24.8026181,120.971574,True,24時間,"[{""g"":""SOUND VOLTEX"",""v"":""Legacy Model (舊框)"",""n"":1,""coin"":""現金"",""q"":""直接排隊"",""note"":""設置於吧台後方房間內"",""upd"":""2024-12-11""},{""g"":""SOUND VOLTEX"",""v"":""Valkyrie Model (女武神)"",""n"":2,""coin"":""現金"",""q"":""卡片排隊"",""note"":""40/50/60一道，Generator 80元一道"",""upd"":""2025-04-26""},{""g"":""Taiko no Tatsujin"",""v"":""新框體"",""n"":2,""coin"":""現金"",""q"":""卡片排隊"",""note"":""有耳機孔，提供特製公棒，30元一道四首"",""upd"":""2026-03-12""},{""g"":""Nostalgia"",""v"":""Op.3"",""n"":1,""coin"":""現金"",""q"":""直接排隊"",""note"":""設置於廁所旁小房間內"",""upd"":""2025-04-09""},{""g"":""WACCA"",""v"":""Reverse"",""n"":1,""coin"":""現金"",""q"":""卡片排隊"",""note"":""音量偏小，建議戴耳機，設置於廁所旁小房間內"",""upd"":""2025-04-09""},{""g"":""CHUNITHM"",""v"":""X-VERSE-X"",""n"":4,""coin"":""現金"",""q"":""卡片排隊"",""note"":""最左台及最右台無nekopay跟nekorec，排卡請注意"",""upd"":""2025-05-03""},{""g"":""maimai"",""v"":""CiRCLE PLUS"",""n"":4,""coin"":""現金"",""q"":""卡片排隊"",""note"":""最右台無nekopay跟nekorec，排卡請注意"",""upd"":""2025-05-03""},{""g"":""jubeat"",""v"":""Beyond the Ave."",""n"":1,""coin"":""現金"",""q"":""直接排隊"",""note"":""20元一道，設置於吧台後方房間內"",""upd"":""2025-04-09""},{""g"":""SOUND VOLTEX GENERATOR"",""v"":""抽卡機"",""n"":1,""coin"":""現金"",""q"":""直接排隊"",""note"":""已無卡紙，設置於吧台後方房間內"",""upd"":""2024-12-11""},{""g"":""GROOVE COASTER AC"",""v"":""4EX"",""n"":1,""coin"":""現金"",""q"":""直接排隊"",""note"":""設置於吧台後方房間內"",""upd"":""2024-12-11""},{""g"":""Hatsune Miku Project DIVA Arcade"",""v"":""預設版本"",""n"":1,""coin"":""現金"",""q"":""直接排隊"",""note"":""設置於吧台旁房間門口處，遊玩當下按鍵狀態良好。 20元/3首"",""upd"":""2026-02-06""},{""g"":""beatmania IIDX"",""v"":""(雷霆筐體) 33 Sparkle Shower"",""n"":1,""coin"":""現金"",""q"":""卡片排隊"",""note"":""40/50元一道"",""upd"":""2025-04-26""},{""g"":""Dance Dance Revolution"",""v"":""(金筐體) World"",""n"":1,""coin"":""現金"",""q"":""卡片排隊"",""note"":""- 機台序號：375\r\n-設置於吧台後方房間內\r\n-40/50/90元一道"",""upd"":""2025-10-25""},{""g"":""GITADORA DrumMania"",""v"":""(Arena Model) GALAXY WAVE DELTA"",""n"":1,""coin"":""現金"",""q"":""卡片排隊"",""note"":""40/50/80/120元一道，支援耳機，提供公棒"",""upd"":""2025-04-22""},{""g"":""GITADORA GuitarFreaks"",""v"":""(Arena Model) GALAXY WAVE DELTA"",""n"":1,""coin"":""現金"",""q"":""直接排隊"",""note"":""40/50/80/120元一道，支援耳機"",""upd"":""2025-04-22""},{""g"":""Pop'n Music"",""v"":""(新筐體) High☆Cheers!!"",""n"":1,""coin"":""現金"",""q"":""直接排隊"",""note"":""30元一道，設置於廁所旁小房間內"",""upd"":""2026-04-18""}]"
212,湯姆熊土城日月光店,24.9787298,121.4452224,True,11:00〜21:30,"[{""g"":""maimai"",""v"":""FiNALE"",""n"":1,""coin"":""代幣"",""q"":""直接排隊"",""note"":""左台螢幕的A7及A8感應區沒有觸碰反應"",""upd"":""2024-03-02""},{""g"":""Taiko no Tatsujin"",""v"":""14代"",""n"":1,""coin"":""代幣"",""q"":""直接排隊"",""note"":"""",""upd"":""2021-05-01""},{""g"":""Taiko no Tatsujin"",""v"":""新框體"",""n"":1,""coin"":""現金"",""q"":""直接排隊"",""note"":""1P吃音較差\r\n2P右咖吃音"",""upd"":""2025-11-12""}]"
213,奇樂多遊樂園-淡海店,25.1988312,121.4378595,False,11:00〜21:30,[]
214,奇樂多遊樂園-淡水店,25.1769774,121.429114,True,11:00〜21:30,"[{""g"":""maimai"",""v"":""獨立網"",""n"":1,""coin"":""代幣"",""q"":""直接排隊"",""note"":""代幣4枚（20元）3首"",""upd"":""2023-08-16""},{""g"":""SOUND VOLTEX"",""v"":""Legacy Model (舊框)"",""n"":1,""coin"":""代幣"",""q"":""直接排隊"",""note"":"""",""upd"":""2025-12-27""},{""g"":""WACCA"",""v"":""Reverse"",""n"":1,""coin"":""代幣"",""q"":""直接排隊"",""note"":"""",""upd"":""2025-12-27""}]"
215,大魯閣棒壘球打擊場草衙館,22.5825476,120.3310505,False,11:00〜22:00,"[{""g"":""Taiko no Tatsujin"",""v"":""14代"",""n"":1,""coin"":""代幣"",""q"":""直接排隊"",""note"":""45元一道"",""upd"":""2024-06-30""}]"
216,老虎歡樂世界 - 佳瑪新莊旗艦店,25.0488159,121.4478481,True,10:00〜22:30,"[{""g"":""maimai"",""v"":""FiNALE"",""n"":1,""coin"":""現金"",""q"":""直接排隊"",""note"":""一道20,代幣不通用,兌換時請注意\r\n(注意雙人連機只有3首)\r\n(機台已移至對面JCpark 1樓）"",""upd"":""2023-11-26""},{""g"":""maimai"",""v"":""CiRCLE PLUS"",""n"":1,""coin"":""現金"",""q"":""卡片排隊"",""note"":""一道30,代幣不通用,兌換時請注意\r\n(機台已移至老虎外側，卡排架放在機台右側置物架上，排隊時請注意不要擋到行進動線)"",""upd"":""2026-04-02""},{""g"":""Taiko no Tatsujin"",""v"":""新框體"",""n"":1,""coin"":""現金"",""q"":""直接排隊"",""note"":""一道30,代幣不通用,兌換時請注意\r\n(機台已移至老虎外側，排隊時請注意不要擋到行進動線)"",""upd"":""2026-04-02""},{""g"":""Taiko no Tatsujin"",""v"":""12代 (亞洲版)"",""n"":1,""coin"":""現金"",""q"":""直接排隊"",""note"":""在對面 JCPark 一樓"",""upd"":""2023-11-26""},{""g"":""CHUNITHM"",""v"":""X-VERSE-X"",""n"":2,""coin"":""現金"",""q"":""卡片排隊"",""note"":""一道30代幣不通用，兌換時請注意。中二左台左側有排卡架，留意卡排順序以及規則\r\n記得帶水 環境非常熱\r\n(注意置物架上的壓克力排卡架是maimai的，不要誤排)\r\n(機台已移至老虎外側，排隊時請注意不要擋到行進動線)"",""upd"":""2026-04-02""}]"
217,中原哈電星(中原＠ＨＤＤＳ),24.955229,121.2402893,False,24時間,[]
218,夾享世界台中逢甲店,24.1764632,120.646405,False,24時間,[]
219,老虎歡樂世界 - 中原家樂福店,24.9623771,121.2321257,True,24時間,"[{""g"":""maimai"",""v"":""CiRCLE PLUS"",""n"":2,""coin"":""現金"",""q"":""卡片排隊"",""note"":"""",""upd"":""2025-06-20""},{""g"":""Taiko no Tatsujin"",""v"":""新框體"",""n"":1,""coin"":""現金"",""q"":""直接排隊"",""note"":"""",""upd"":""2025-06-20""}]"
220,夾到飽永和店,25.0090082,121.5135003,True,24時間,"[{""g"":""maimai"",""v"":""CiRCLE PLUS"",""n"":2,""coin"":""現金"",""q"":""卡片排隊"",""note"":""- 機台位置：二樓\r\n- 早上六點開機台"",""upd"":""2026-03-24""},{""g"":""Taiko no Tatsujin"",""v"":""新框體"",""n"":1,""coin"":""現金"",""q"":""直接排隊"",""note"":""- 機台位置：二樓\r\n- 尚芳鼓"",""upd"":""2026-03-24""},{""g"":""CHUNITHM"",""v"":""X-VERSE-X"",""n"":2,""coin"":""現金"",""q"":""直接排隊"",""note"":""- 機台位置：二樓"",""upd"":""2026-03-24""},{""g"":""GROOVE COASTER AC"",""v"":""4EX"",""n"":1,""coin"":""現金"",""q"":""直接排隊"",""note"":""- 機台位置：二樓\r\n- 2026/03/24 未開機"",""upd"":""2026-03-24""}]"
221,老虎竹南佳瑪店,24.6869137,120.8780811,False,,[]
222,哈啦星球-公館二店,25.012833,121.5359435,True,24時間,"[{""g"":""GROOVE COASTER AC"",""v"":""4EX"",""n"":1,""coin"":""現金"",""q"":""直接排隊"",""note"":"""",""upd"":""2023-09-10""},{""g"":""Hatsune Miku Project DIVA Arcade"",""v"":""預設版本"",""n"":1,""coin"":""現金"",""q"":""直接排隊"",""note"":""20元/3首"",""upd"":""2023-10-13""},{""g"":""jubeat"",""v"":""Beyond the Ave."",""n"":2,""coin"":""現金"",""q"":""直接排隊"",""note"":""按鍵損害 接觸不良 近樓梯"",""upd"":""2025-01-22""},{""g"":""maimai"",""v"":""CiRCLE PLUS"",""n"":4,""coin"":""現金"",""q"":""卡片排隊"",""note"":""有賣三社卡$200，賽車旁香蕉卡$150，手套$30，耳機$80"",""upd"":""2023-10-13""},{""g"":""CHUNITHM"",""v"":""X-VERSE-X"",""n"":4,""coin"":""現金"",""q"":""卡片排隊"",""note"":"""",""upd"":""2025-11-13""},{""g"":""Taiko no Tatsujin"",""v"":""新框體"",""n"":3,""coin"":""現金"",""q"":""直接排隊"",""note"":"""",""upd"":""2024-08-27""},{""g"":""Crossbeats"",""v"":""預設版本"",""n"":1,""coin"":""現金"",""q"":""直接排隊"",""note"":""斷網一道20元"",""upd"":""2023-09-10""},{""g"":""Dance Dance Revolution"",""v"":""(金筐體) World"",""n"":1,""coin"":""現金"",""q"":""卡片排隊"",""note"":""- 機台序號：370\r\n- 踏板螺絲凸起沒有調整過\r\n\r\n價格 40/50/90 HalaPay 36/45/81"",""upd"":""2025-06-26""}]"
223,卡通尼樂園-南崁台茂購物中心,25.053471,121.288392,True,11:00〜22:00,"[{""g"":""Taiko no Tatsujin"",""v"":""新框體"",""n"":1,""coin"":""代幣"",""q"":""直接排隊"",""note"":""2021虹色亞洲版（中文）\r\n公棒很好用，設置於店外音G區"",""upd"":""2026-05-02""},{""g"":""maimai"",""v"":""FiNALE"",""n"":1,""coin"":""代幣"",""q"":""直接排隊"",""note"":""1道$20 (4枚代幣)\r\n\r\n日本版\r\n\r\n設置於店內\r\n\r\n有人權歌"",""upd"":""2025-03-03""},{""g"":""Dance Dance Revolution"",""v"":""(白筐體) World"",""n"":1,""coin"":""現金"",""q"":""直接排隊"",""note"":""NORMAL/PREMIUM/GALAXY $30/$40/$90\r\n\r\n設置於店外音遊區，踏板墊高，感應差\r\n\r\n踏板墊高"",""upd"":""2025-03-01""},{""g"":""GITADORA DrumMania"",""v"":""(白筐體) GALAXY WAVE"",""n"":1,""coin"":""現金"",""q"":""直接排隊"",""note"":""設置於店外音遊區"",""upd"":""2025-03-01""},{""g"":""maimai"",""v"":""CiRCLE PLUS"",""n"":1,""coin"":""現金"",""q"":""直接排隊"",""note"":""設置於店外音遊區"",""upd"":""2024-11-10""},{""g"":""CHUNITHM"",""v"":""X-VERSE-X"",""n"":2,""coin"":""現金"",""q"":""直接排隊"",""note"":""設置於店外音遊區"",""upd"":""2024-11-10""},{""g"":""beatmania IIDX"",""v"":""(一般筐體) 33 Sparkle Shower"",""n"":1,""coin"":""現金"",""q"":""直接排隊"",""note"":"""",""upd"":""2025-08-26""}]"
224,湯姆熊-桃園環球A8店,25.060604,121.3700716,False,11:00〜22:00,[]
225,熊吉＆赫菈菈-楠梓站前店,22.7267511,120.3262433,False,24時間,[]
226,湯姆熊台南三井OUTLET,22.9269429,120.2872231,False,11:00〜21:30,"[{""g"":""Taiko no Tatsujin"",""v"":""新框體"",""n"":1,""coin"":""代幣"",""q"":""直接排隊"",""note"":""- 路人眾多，觀眾絡繹不絕，注意小孩干擾\r\n- 機台位於進門後左手邊，與鋼琴塊相鄰，背後有兩台飛碟球\r\n\r\n- 1P 鼓況：\r\n咚正常。\r\n左咖幾乎沒反應，甚至有可能誤感應成咚。\r\n右咖反應極差，幾乎要打中線以下才有機會感應到。\r\n- 2P"",""upd"":""2026-07-21""}]"
227,家樂福中正店兒童遊戲區,23.032797,120.228612,False,09:00〜23:00,"[{""g"":""Taiko no Tatsujin"",""v"":""14代"",""n"":1,""coin"":""現金"",""q"":""直接排隊"",""note"":"""",""upd"":""2022-12-05""}]"
228,大釣哥選物販賣,24.9533402,121.2234276,False,24時間,[]
229,老虎歡樂世界 Tiger World（蘆洲佳瑪店）,25.0819813,121.4643711,True,10:00〜22:00,"[{""g"":""maimai"",""v"":""CiRCLE PLUS"",""n"":1,""coin"":""現金"",""q"":""卡片排隊"",""note"":""⭐maimai DX隔壁為10元兌幣機"",""upd"":""2026-09-10""},{""g"":""CHUNITHM"",""v"":""X-VERSE-X"",""n"":1,""coin"":""現金"",""q"":""直接排隊"",""note"":"""",""upd"":""2026-09-10""},{""g"":""Taiko no Tatsujin"",""v"":""新框體"",""n"":1,""coin"":""現金"",""q"":""直接排隊"",""note"":"""",""upd"":""2026-09-10""}]"
230,新營轉運站,23.3102897,120.2832107,False,08:00〜22:00,[]
231,E7PLAY三重店,25.0611415,121.5014774,True,24時間,"[{""g"":""maimai"",""v"":""FiNALE"",""n"":1,""coin"":""現金"",""q"":""直接排隊"",""note"":"""",""upd"":""2024-11-08""},{""g"":""Taiko no Tatsujin"",""v"":""14代"",""n"":1,""coin"":""現金"",""q"":""直接排隊"",""note"":"""",""upd"":""2024-11-08""},{""g"":""DanceEvolution ARCADE"",""v"":""預設版本"",""n"":1,""coin"":""現金"",""q"":""直接排隊"",""note"":"""",""upd"":""2024-11-08""},{""g"":""Crossbeats"",""v"":""預設版本"",""n"":1,""coin"":""現金"",""q"":""直接排隊"",""note"":"""",""upd"":""2024-11-08""}]"
232,白喵一番屋-台中店,24.1502434,120.6851894,True,24時間,"[{""g"":""CHUNITHM"",""v"":""X-VERSE-X"",""n"":5,""coin"":""現金"",""q"":""卡片排隊"",""note"":""30元一道，排卡架位於靠女武神側隔音版上，靠雷霆筐那側左台無Nekopay跟NekoRec\r\n\r\n店內有分A、B組網路，四台Nekopay屬於A組可聯機，現金台屬於B組，無法聯機請留意，機台上方有明確標示。"",""upd"":""2025-09-23""},{""g"":""jubeat"",""v"":""Beyond the Ave."",""n"":1,""coin"":""現金"",""q"":""直接排隊"",""note"":""20元一道，設有耳機孔"",""upd"":""2024-07-06""},{""g"":""SOUND VOLTEX"",""v"":""Valkyrie Model (女武神)"",""n"":3,""coin"":""現金"",""q"":""卡片排隊"",""note"":""40/50/60元一道，Generator 80元一道"",""upd"":""2025-05-03""},{""g"":""maimai"",""v"":""CiRCLE PLUS"",""n"":5,""coin"":""現金"",""q"":""卡片排隊"",""note"":""雷霆框側左台及中台設置NekoREC\r\n\r\n 每次錄影限20分鐘 請自備隨身碟(不支援連結外接硬碟，手機)，錄影僅提供2P\r\n\r\n靠女武神側右台無Nekopay排卡請注意，Nekopay台排卡架在雷霆框旁"",""upd"":""2026-01-24""},{""g"":""Taiko no Tatsujin"",""v"":""新框體"",""n"":1,""coin"":""現金"",""q"":""卡片排隊"",""note"":""30元一道四首，有耳機孔，提供特製公棒"",""upd"":""2025-05-03""},{""g"":""beatmania IIDX"",""v"":""(雷霆筐體) 33 Sparkle Shower"",""n"":1,""coin"":""現金"",""q"":""卡片排隊"",""note"":""40元一道\r\nP-free模式特價50元一道"",""upd"":""2024-07-06""},{""g"":""Dance Dance Revolution"",""v"":""(金筐體) World"",""n"":1,""coin"":""現金"",""q"":""直接排隊"",""note"":""- 機台序號：376\r\n排卡架位於右側隔音版上\r\n -40/40/90元一道\r\n -如果對面爵士鼓機台有人遊玩時注意聲音干擾"",""upd"":""2025-08-14""},{""g"":""GITADORA DrumMania"",""v"":""(Arena Model) GALAXY WAVE DELTA"",""n"":2,""coin"":""現金"",""q"":""卡片排隊"",""note"":""兩台皆有Nekopay，DDR旁邊那台卡片排隊，對面那台直接排隊。\r\n\r\n40/50/80/120元一道，支援耳機，提供公棒\r\n\r\nDDR對面那台如果有人在玩DDR時建議帶耳機以免聲音互相干擾"",""upd"":""2025-05-03""},{""g"":""GITADORA GuitarFreaks"",""v"":""(Arena Model) GALAXY WAVE DELTA"",""n"":1,""coin"":""現金"",""q"":""直接排隊"",""note"":""40/50/80/120元一道，支援耳機"",""upd"":""2025-05-03""},{""g"":""Pop'n Music"",""v"":""(新筐體) High☆Cheers!!"",""n"":1,""coin"":""現金"",""q"":""直接排隊"",""note"":""30元一道"",""upd"":""2026-04-18""}]"
233,湯姆熊遠雄汐止店,25.0619454,121.6480753,True,11:00〜21:30,"[{""g"":""Taiko no Tatsujin"",""v"":""新框體"",""n"":1,""coin"":""代幣"",""q"":""直接排隊"",""note"":""設置在3樓櫃位"",""upd"":""2023-09-15""},{""g"":""Taiko no Tatsujin"",""v"":""14代"",""n"":1,""coin"":""代幣"",""q"":""直接排隊"",""note"":""設置在B1樓櫃位"",""upd"":""2022-08-03""},{""g"":""maimai"",""v"":""FiNALE"",""n"":1,""coin"":""代幣"",""q"":""直接排隊"",""note"":"""",""upd"":""2022-05-27""}]"
234,哈啦星球-饒河店,25.050693,121.5770277,True,24時間,"[{""g"":""Taiko no Tatsujin"",""v"":""新框體"",""n"":2,""coin"":""現金"",""q"":""直接排隊"",""note"":""- 機台位置：一樓門口 (一組)\r\n- 機台位置：二樓靠窗 (一組)"",""upd"":""2026-03-22""},{""g"":""CHUNITHM"",""v"":""X-VERSE-X"",""n"":2,""coin"":""現金"",""q"":""卡片排隊"",""note"":""- 機台位置：三樓\r\n- halapay 下午六點前優惠時段"",""upd"":""2026-04-11""},{""g"":""maimai"",""v"":""CiRCLE PLUS"",""n"":3,""coin"":""現金"",""q"":""卡片排隊"",""note"":""- 機台位置：三樓\r\n- halapay 下午六點前優惠時段"",""upd"":""2026-03-22""},{""g"":""GROOVE COASTER AC"",""v"":""4EX"",""n"":2,""coin"":""現金"",""q"":""直接排隊"",""note"":""- 機台位置：三樓\r\n- 2026/03/22 兩台未開機"",""upd"":""2026-03-22""},{""g"":""Hatsune Miku Project DIVA Arcade"",""v"":""預設版本"",""n"":1,""coin"":""現金"",""q"":""直接排隊"",""note"":""- 機台位置：二樓\r\n- 早上10：00 ~ 隔日03：00開機\r\n- 20元／3首"",""upd"":""2026-03-22""},{""g"":""jubeat"",""v"":""Beyond the Ave."",""n"":2,""coin"":""現金"",""q"":""直接排隊"",""note"":""- 機台位置：三樓\r\n- 2026/03/22 左台-跳錯誤訊息 / 右台-未開機"",""upd"":""2026-03-22""},{""g"":""SOUND VOLTEX"",""v"":""Valkyrie Model (女武神)"",""n"":2,""coin"":""現金"",""q"":""卡片排隊"",""note"":""- 機台位置：三樓"",""upd"":""2026-03-22""},{""g"":""Nostalgia"",""v"":""Op.3"",""n"":1,""coin"":""現金"",""q"":""直接排隊"",""note"":""- 機台位置：三樓"",""upd"":""2026-03-22""}]"
235,七武海樂園,23.5669549,119.5685023,False,,[]
236,熊吉＆赫菈菈-裕誠店,22.6658288,120.2987738,False,24時間,[]
237,湯姆熊樂購廣場,22.782118,120.3002272,True,11:00〜22:00,"[{""g"":""maimai"",""v"":""CiRCLE PLUS"",""n"":2,""coin"":""代幣"",""q"":""卡片排隊"",""note"":""- 兩機台間有置物架及卡排架，機台前方有桌椅\r\n- 會有常駐玩家打機時排卡，當面提醒還會被靠北多管閒事"",""upd"":""2024-10-06""},{""g"":""CHUNITHM"",""v"":""X-VERSE-X"",""n"":2,""coin"":""代幣"",""q"":""卡片排隊"",""note"":""- 機台左邊有置物架及卡排架\r\n- 左台機台高度稍高"",""upd"":""2025-08-16""},{""g"":""Taiko no Tatsujin"",""v"":""新框體"",""n"":2,""coin"":""代幣"",""q"":""直接排隊"",""note"":"""",""upd"":""2026-07-17""}]"
238,X50 Music Game Station - 西門店二店,25.045762,121.503109,False,24時間,"[{""g"":""CHUNITHM"",""v"":""X-VERSE-X"",""n"":8,""coin"":""現金"",""q"":""其他"",""note"":""現金30元，X50Pay 26.5p尖峰/24p假日+平日離峰/23P平日早鳥9.前 3/4/5/6號機有直播和錄影，平板排，設置於地下一樓"",""upd"":""2026-09-08""},{""g"":""Taiko no Tatsujin"",""v"":""新框體"",""n"":4,""coin"":""現金"",""q"":""其他"",""note"":""現金30元，X50Pay 27/25P，1號機有直播，平板排，設置於一樓"",""upd"":""2025-07-04""},{""g"":""Nostalgia"",""v"":""Op.3"",""n"":1,""coin"":""代幣"",""q"":""直接排隊"",""note"":""X50Pay 27P，設置於地下室"",""upd"":""2025-02-15""},{""g"":""Hatsune Miku Project DIVA Arcade"",""v"":""預設版本"",""n"":1,""coin"":""現金"",""q"":""卡片排隊"",""note"":""排卡架在後方座位區，設置於地下室。20元/3首"",""upd"":""2026-02-06""}]"
239,889親子夢幻樂園,24.9903583,121.5414913,False,24時間,[]
240,歐8,24.0759431,120.5416352,True,24時間,"[{""g"":""SOUND VOLTEX"",""v"":""Legacy Model (舊框)"",""n"":2,""coin"":""現金"",""q"":""直接排隊"",""note"":"""",""upd"":""2023-05-26""},{""g"":""maimai"",""v"":""FiNALE"",""n"":1,""coin"":""現金"",""q"":""直接排隊"",""note"":"""",""upd"":""2023-05-26""}]"
241,大魯閣棒壘球打擊場 - 中華館,23.0062548,120.1861257,False,24時間,"[{""g"":""Taiko no Tatsujin"",""v"":""新框體"",""n"":1,""coin"":""現金"",""q"":""直接排隊"",""note"":""30元一道，附設公棒\\\r\n(防偷繩索略短，保護套鬆脫，建議自備鼓棒)"",""upd"":""2023-05-07""}]"
242,大魯閣棒壘球打擊場 - 仁德館,22.972322,120.2480284,False,09:00〜23:00,[]
243,老虎博愛佳瑪店,22.6637641,120.3036624,False,11:00〜22:00,[]
244,波奇光華店,22.616997,120.318072,False,24時間,[]
245,熊吉&赫菈菈五甲店,22.5936604,120.3280442,False,24時間,[]
246,湯姆熊高雄新楠店,22.7362928,120.3305217,False,10:00〜22:00,"[{""g"":""Taiko no Tatsujin"",""v"":""14代"",""n"":1,""coin"":""代幣"",""q"":""直接排隊"",""note"":""15元一道"",""upd"":""2023-09-10""},{""g"":""Taiko no Tatsujin"",""v"":""新框體"",""n"":1,""coin"":""現金"",""q"":""直接排隊"",""note"":"""",""upd"":""2026-07-17""}]"
247,湯姆熊屏東環球店,22.6732274,120.4935387,True,11:00〜22:00,"[{""g"":""maimai"",""v"":""FiNALE"",""n"":1,""coin"":""現金"",""q"":""直接排隊"",""note"":""- 斷網20元一道\r\n- EVENT MODE 單人四首\r\n- 有公用手套\r\n- 右邊機台上半觸控螢幕感應不良無法使用"",""upd"":""2024-06-14""},{""g"":""Taiko no Tatsujin"",""v"":""14代"",""n"":1,""coin"":""現金"",""q"":""直接排隊"",""note"":""20元一道"",""upd"":""2023-07-10""}]"
248,大潤發鳳山店,22.6331658,120.3549006,False,07:00〜23:00,[]
249,湯姆熊彰化家樂福店,24.0946068,120.5424139,True,10:00〜22:00,"[{""g"":""Taiko no Tatsujin"",""v"":""新框體"",""n"":1,""coin"":""代幣"",""q"":""直接排隊"",""note"":""一個代幣5元，一道6枚，音量偏小\r\n增加耳機孔"",""upd"":""2026-07-10""},{""g"":""maimai"",""v"":""CiRCLE PLUS"",""n"":1,""coin"":""代幣"",""q"":""卡片排隊"",""note"":""一個代幣5元，一道6枚"",""upd"":""2023-02-01""}]"
250,GiGO - 台中Lalaport店,24.1339197,120.6925624,True,11:00〜22:00,"[{""g"":""maimai"",""v"":""CiRCLE PLUS"",""n"":2,""coin"":""代幣"",""q"":""卡片排隊"",""note"":""代幣6枚/30元 [【2023機台圖片】](https://i.imgur.com/vlrG8XU.jpg \""機台圖片\"")[【機台圖片】](https://i.imgur.com/U6i1ehs.jpg \""機台圖片\"")[【機台圖片】](ht"",""upd"":""2024-05-15""},{""g"":""CHUNITHM"",""v"":""X-VERSE-X"",""n"":2,""coin"":""代幣"",""q"":""卡片排隊"",""note"":""- 有遮簾，夏天去的時候會很熱，人不多機況不錯\r\n\r\n代幣6枚/30元，排卡區位於機台旁邊\\\r\n[【2023機台圖片】](https://i.imgur.com/vlrG8XU.jpg \""機台圖片\"")[【排卡區】](https://i.im"",""upd"":""2024-04-09""},{""g"":""Taiko no Tatsujin"",""v"":""14代"",""n"":1,""coin"":""代幣"",""q"":""直接排隊"",""note"":""代幣4枚/20元"",""upd"":""2024-10-26""},{""g"":""Taiko no Tatsujin"",""v"":""新框體"",""n"":3,""coin"":""代幣"",""q"":""直接排隊"",""note"":""代幣6枚/30元"",""upd"":""2026-05-14""}]"
251,老虎歡樂世界Tiger'sWorld 中正店,24.9541998,121.2240888,True,11:00〜22:00,"[{""g"":""maimai"",""v"":""CiRCLE PLUS"",""n"":1,""coin"":""現金"",""q"":""卡片排隊"",""note"":""30元一道"",""upd"":""2023-10-13""},{""g"":""Taiko no Tatsujin"",""v"":""新框體"",""n"":1,""coin"":""現金"",""q"":""直接排隊"",""note"":"""",""upd"":""2025-11-16""},{""g"":""CHUNITHM"",""v"":""X-VERSE-X"",""n"":1,""coin"":""現金"",""q"":""直接排隊"",""note"":"""",""upd"":""2025-11-16""}]"
252,湯姆熊新竹竹北遠百店,24.8231739,121.0237699,False,11:00〜21:30,"[{""g"":""Taiko no Tatsujin"",""v"":""14代"",""n"":1,""coin"":""代幣"",""q"":""直接排隊"",""note"":"""",""upd"":""2025-05-29""}]"
253,波奇鼎山家樂福店,22.6532304,120.3189752,False,24時間,[]
254,Funbox天母新光店,25.1179352,121.5339267,False,11:00〜21:30,[]
255,馬吉の店,25.0460243,121.5169483,False,11:00〜22:00,[]
256,THE ONE 24小時選物販賣機,25.0012496,121.613097,False,24時間,[]
257,喵喵公園 林口環球店,25.0662106,121.3615704,False,11:00〜22:00,[]
258,夾到飽親子樂園,25.1292966,121.7443337,True,24時間,"[{""g"":""maimai"",""v"":""CiRCLE PLUS"",""n"":1,""coin"":""現金"",""q"":""卡片排隊"",""note"":"""",""upd"":""2025-05-11""},{""g"":""Taiko no Tatsujin"",""v"":""新框體"",""n"":1,""coin"":""現金"",""q"":""直接排隊"",""note"":"""",""upd"":""2024-02-26""},{""g"":""CHUNITHM"",""v"":""X-VERSE-X"",""n"":2,""coin"":""現金"",""q"":""卡片排隊"",""note"":""卡架是用華卡的"",""upd"":""2023-12-14""},{""g"":""Dancerush Stardom"",""v"":""預設版本"",""n"":1,""coin"":""現金"",""q"":""直接排隊"",""note"":"""",""upd"":""2023-12-14""}]"
259,老虎歡樂世界 Tiger's World 楊梅店,24.9101888,121.1455539,False,11:00〜22:00,"[{""g"":""Taiko no Tatsujin"",""v"":""12代 (亞洲版)"",""n"":1,""coin"":""代幣"",""q"":""直接排隊"",""note"":""代幣4枚(20元)一道"",""upd"":""2025-11-06""}]"
260,湯姆熊裕隆城店,24.9779832,121.5465116,True,11:00〜21:30,"[{""g"":""maimai"",""v"":""CiRCLE PLUS"",""n"":2,""coin"":""代幣"",""q"":""卡片排隊"",""note"":""右台按鍵偏硬"",""upd"":""2025-05-24""},{""g"":""Taiko no Tatsujin"",""v"":""新框體"",""n"":2,""coin"":""代幣"",""q"":""直接排隊"",""note"":"""",""upd"":""2024-10-29""}]"
261,大魯閣棒壘球打擊場 新時代館,24.1362498,120.6878506,True,11:00〜22:00,"[{""g"":""maimai"",""v"":""FiNALE"",""n"":1,""coin"":""代幣"",""q"":""直接排隊"",""note"":""代幣6枚（30元）一道，未聯網，不可感應aime"",""upd"":""2026-01-26""},{""g"":""Pump It Up"",""v"":""Prime 2"",""n"":1,""coin"":""現金"",""q"":""直接排隊"",""note"":""版本：V1.07.0\r\n\r\n一道$20\\\r\n一道4心(通常可以玩3首)\\\r\n在FULL MODE第__首開始會中途關門 (stage break)。\r\n\r\nP2感應不良"",""upd"":""2026-01-24""},{""g"":""Taiko no Tatsujin"",""v"":""13代"",""n"":1,""coin"":""現金"",""q"":""直接排隊"",""note"":""現金20元一道"",""upd"":""2024-12-24""}]"
262,哈啦星球 台中逢甲店 H50MGS,24.1744929,120.6442236,True,24時間,"[{""g"":""maimai"",""v"":""CiRCLE PLUS"",""n"":4,""coin"":""現金"",""q"":""其他"",""note"":""現金 30元 1道\r\n\r\nH50Pay 隨時段變更 尖峰27元 1道\r\n\r\n二號機2P為直播台\r\n\r\n平板排"",""upd"":""2026-06-15""},{""g"":""CHUNITHM"",""v"":""X-VERSE-X"",""n"":3,""coin"":""現金"",""q"":""簽名排隊"",""note"":""現金 30元 1道\r\n\r\nH50Pay 25元 1道\r\n\r\n右台(3號機)為直播台"",""upd"":""2026-06-15""},{""g"":""Taiko no Tatsujin"",""v"":""新框體"",""n"":2,""coin"":""現金"",""q"":""卡片排隊"",""note"":""- 1.2樓各一台\r\n- 一樓三曲、二樓四曲\r\n-現金30一道\r\nH50pay 25一道\r\n僅二樓支援H50pay\r\n- 1樓語言為繁體中文 `直接排隊`\r\n- 2樓語言為日文 `卡片排隊`"",""upd"":""2025-06-26""},{""g"":""beatmania IIDX"",""v"":""(雷霆筐體) 33 Sparkle Shower"",""n"":1,""coin"":""現金"",""q"":""簽名排隊"",""note"":""現金 Standard 40元 1道／P-Free 60元 1道\r\n\r\nH50Pay Standard 34元 1道／P-Free 51元 1道"",""upd"":""2024-01-09""},{""g"":""SOUND VOLTEX"",""v"":""Valkyrie Model (女武神)"",""n"":2,""coin"":""現金"",""q"":""簽名排隊"",""note"":""現金 40/50/60元 1道\\\r\nH50Pay 34/43/51元 1道\\\r\n左右皆有直播台"",""upd"":""2025-06-26""},{""g"":""jubeat"",""v"":""Beyond the Ave."",""n"":1,""coin"":""現金"",""q"":""直接排隊"",""note"":""目前營運調整關閉\r\n\r\n現金 20元 1道\r\n\r\nH50Pay 19元 1道"",""upd"":""2026-04-19""},{""g"":""SOUND VOLTEX"",""v"":""Legacy Model (舊框)"",""n"":1,""coin"":""現金"",""q"":""直接排隊"",""note"":"""",""upd"":""2023-11-03""},{""g"":""Dance Dance Revolution"",""v"":""(金筐體) World"",""n"":1,""coin"":""現金"",""q"":""簽名排隊"",""note"":""- 機台序號：377\r\n- NORMAL/PREMIUM/GALAXY 40/40/90元\r\n- 使用H50 pay有優惠價(34/34/79)"",""upd"":""2025-02-07""},{""g"":""Hatsune Miku Project DIVA Arcade"",""v"":""預設版本"",""n"":1,""coin"":""現金"",""q"":""直接排隊"",""note"":""現金 20元/道 3首保底\r\n\r\nH50Pay 19元/道 3首保底\r\n\r\n可正常遊玩\r\n直播：https://www.youtube.com/live/ECGy1AZSoeY?si=FcsQARjFHJ7n2GUp"",""upd"":""2024-11-23""}]"
263,七元湯-太鼓達人特訓基地,24.1386351,120.6829337,False,07:00〜25:30,[]
264,新大江戶音樂創劇,22.6379834,120.302821,False,10:00〜22:00,[]
265,Rhythm Arena 競音殿堂,22.6280144,120.2966473,True,24時間,"[{""g"":""maimai"",""v"":""CiRCLE PLUS"",""n"":4,""coin"":""現金"",""q"":""卡片排隊"",""note"":""- 付款方式：現金 / 儲值卡\r\n- 四號機 (暫無開放-儲值卡)\r\n- 三號機 設立專用外部出力錄製設備及直播機 (僅2P有攝影頭)\r\n- 三號機 僅儲值卡消費 可與四號機連機\r\n此台為無限制台 無需排隊 自行交流\r\n- 機台順序：4 >"",""upd"":""2026-10-04""},{""g"":""Taiko no Tatsujin"",""v"":""新框體"",""n"":2,""coin"":""現金"",""q"":""卡片排隊"",""note"":""- 付款方式：現金 / 儲值卡\r\n- 一號機 有耳機孔 & 設立專用外部出力錄製設備及直播機 <暫停使用>\r\n- 機台順序：2 > 1"",""upd"":""2026-10-04""},{""g"":""jubeat"",""v"":""Beyond the Ave."",""n"":2,""coin"":""現金"",""q"":""卡片排隊"",""note"":""- 付款方式：現金 / 儲值卡\r\n- 有耳機孔\r\n- 機台順序：1 > 2"",""upd"":""2026-10-04""},{""g"":""SOUND VOLTEX"",""v"":""Valkyrie Model (女武神)"",""n"":3,""coin"":""現金"",""q"":""卡片排隊"",""note"":""- 付款方式：現金 / 儲值卡\r\n- 三號機 設立專用外部出力錄製設備及直播機 (機台上方有攝影頭) <暫停使用>\r\n- 機台順序：1 > 2 > 3"",""upd"":""2026-10-04""},{""g"":""beatmania IIDX"",""v"":""(雷霆筐體) 33 Sparkle Shower"",""n"":1,""coin"":""現金"",""q"":""卡片排隊"",""note"":""- 付款方式：現金 / 儲值卡\r\n- 設立專用外部出力錄製設備及直播車 (螢幕上方有攝影頭)"",""upd"":""2026-10-04""},{""g"":""Nostalgia"",""v"":""Op.3"",""n"":1,""coin"":""現金"",""q"":""卡片排隊"",""note"":""- 付款方式：現金 / 儲值卡"",""upd"":""2026-10-04""},{""g"":""Dance Dance Revolution"",""v"":""(白筐體) World"",""n"":1,""coin"":""現金"",""q"":""卡片排隊"",""note"":""- 付款方式：現金 / 儲值卡\r\n- 設立專用外部出力錄製設備及直播機 (機台上方有攝影頭/與DRS併用) <暫停使用>\r\n- 請勿移動到USB線材，以免機台故障\r\n- 踏板2P全平"",""upd"":""2026-10-04""},{""g"":""CHUNITHM"",""v"":""X-VERSE-X"",""n"":4,""coin"":""現金"",""q"":""卡片排隊"",""note"":""- 付款方式：現金 / 儲值卡\r\n- 四號機 支援外部出力錄製(機台上方有攝影頭)\r\n- 一號機 支援外部出力錄製 (機台上方有攝影頭) 皆有USB線頭\r\n- 機台順序：1 > 2 > 3 > 4"",""upd"":""2026-10-04""},{""g"":""Dancerush Stardom"",""v"":""預設版本"",""n"":1,""coin"":""現金"",""q"":""卡片排隊"",""note"":""- 付款方式：現金 / 儲值卡\r\n- 設立專用外部出力錄製設備及直播機 (與DDR併用) <暫停使用>\r\n- 請勿移動到USB線材，以免機台故障"",""upd"":""2026-10-04""},{""g"":""GITADORA DrumMania"",""v"":""(Arena Model) GALAXY WAVE DELTA"",""n"":1,""coin"":""現金"",""q"":""卡片排隊"",""note"":""- 付款方式：現金 / 儲值卡\r\n- 皆已更換「低延遲螢幕」"",""upd"":""2026-10-04""},{""g"":""GITADORA GuitarFreaks"",""v"":""(Arena Model) GALAXY WAVE DELTA"",""n"":1,""coin"":""現金"",""q"":""卡片排隊"",""note"":""- 付款方式：現金 / 儲值卡\r\n- 皆已更換「低延遲螢幕」"",""upd"":""2026-10-04""},{""g"":""Pop'n Music"",""v"":""(新筐體) High☆Cheers!!"",""n"":1,""coin"":""現金"",""q"":""卡片排隊"",""note"":""- 付款方式：現金 / 儲值卡"",""upd"":""2026-10-04""}]"
266,大魯閣棒壘球保齡球 新時代複合館,24.1362895,120.6876909,False,11:00〜22:00,"[{""g"":""Taiko no Tatsujin"",""v"":""12代 (亞洲版)"",""n"":1,""coin"":""現金"",""q"":""直接排隊"",""note"":""現金20元一道\\\r\n簡體中文版"",""upd"":""2025-12-08""},{""g"":""WACCA"",""v"":""Reverse"",""n"":1,""coin"":""現金"",""q"":""直接排隊"",""note"":""現金20元一道\\\r\n日規機台"",""upd"":""2025-12-08""},{""g"":""Pump It Up"",""v"":""XX"",""n"":1,""coin"":""現金"",""q"":""直接排隊"",""note"":""版本：V2.07.0 \r\n* 大多數歌曲有鎖住譜面 \\\r\n ``原則上需要卡片才可以解禁，不過因為PIU XX伺服器已經於2023年12月斷網，所以不可能了 (V2.08.3為最終/永久斷網版本，所有內容包含MISSION ZONE (任務"",""upd"":""2025-12-08""}]"
267,蹦彩樂園西門店,25.044521,121.509239,False,11:00〜23:00,[]
268,家樂福 中壢店,24.9474134,121.2448862,False,08:00〜26:00,[]
269,驛彩世界,24.142637,120.6787388,False,11:00〜21:00,[]
270,小凡樂園,25.1717774,121.4458778,True,24時間,"[{""g"":""Taiko no Tatsujin"",""v"":""新框體"",""n"":1,""coin"":""現金"",""q"":""直接排隊"",""note"":""- 位於門口非門禁區"",""upd"":""2026-05-09""},{""g"":""CHUNITHM"",""v"":""X-VERSE-X"",""n"":2,""coin"":""現金"",""q"":""卡片排隊"",""note"":""他排卡架不知道去哪了\r\n目前似乎是拿之前mai舊框的卡架"",""upd"":""2026-08-20""},{""g"":""maimai"",""v"":""CiRCLE PLUS"",""n"":1,""coin"":""現金"",""q"":""卡片排隊"",""note"":"""",""upd"":""2026-05-09""}]"
271,湯姆熊摩亞時尚廣場店,25.1309333,121.744792,False,11:00〜22:00,[]
272,GiGO - 台中廣三SOGO店,24.1555662,120.6615905,True,11:00〜22:00,"[{""g"":""maimai"",""v"":""CiRCLE PLUS"",""n"":2,""coin"":""代幣"",""q"":""卡片排隊"",""note"":""6枚代幣/30元"",""upd"":""2026-06-15""},{""g"":""Taiko no Tatsujin"",""v"":""14代"",""n"":1,""coin"":""代幣"",""q"":""直接排隊"",""note"":""4枚代幣/20元"",""upd"":""2024-11-25""},{""g"":""Taiko no Tatsujin"",""v"":""新框體"",""n"":2,""coin"":""代幣"",""q"":""直接排隊"",""note"":""6枚代幣/30元"",""upd"":""2026-06-15""}]"
273,GiGO - Global Mall 南港車站店,25.0530944,121.6082992,False,11:00〜22:00,[]
274,白喵一番屋 - 中壢店,24.9547944,121.222628,True,24時間,"[{""g"":""maimai"",""v"":""CiRCLE PLUS"",""n"":4,""coin"":""現金"",""q"":""卡片排隊"",""note"":""1樓，目前只有靠置物櫃那側有Nekopay排卡請注意，Nekopay台左台有自助錄影機台"",""upd"":""2026-08-08""},{""g"":""CHUNITHM"",""v"":""X-VERSE-X"",""n"":3,""coin"":""現金"",""q"":""卡片排隊"",""note"":""2樓，左邊中間有Nekopay跟Nekorec"",""upd"":""2025-05-03""},{""g"":""beatmania IIDX"",""v"":""(雷霆筐體) 33 Sparkle Shower"",""n"":1,""coin"":""現金"",""q"":""卡片排隊"",""note"":""3樓小包廂，40/50元一道"",""upd"":""2025-04-26""},{""g"":""SOUND VOLTEX"",""v"":""Valkyrie Model (女武神)"",""n"":2,""coin"":""現金"",""q"":""卡片排隊"",""note"":""2樓，兩台皆有Nekopay。\r\n\r\n40/50/60元一道，Generator 80元一道"",""upd"":""2025-04-26""},{""g"":""WACCA"",""v"":""Reverse"",""n"":1,""coin"":""現金"",""q"":""直接排隊"",""note"":""2樓"",""upd"":""2025-04-12""},{""g"":""Taiko no Tatsujin"",""v"":""新框體"",""n"":2,""coin"":""現金"",""q"":""卡片排隊"",""note"":""3樓大包廂，左邊世美鼓，右邊尚芳鼓，皆有Nekopay。30元一道四首，提供特製公棒"",""upd"":""2025-05-03""},{""g"":""GITADORA DrumMania"",""v"":""(白筐體) GALAXY WAVE"",""n"":1,""coin"":""現金"",""q"":""直接排隊"",""note"":""4樓，30/40/60/90元一道，提供公棒"",""upd"":""2025-04-26""},{""g"":""GITADORA GuitarFreaks"",""v"":""(白筐體) GALAXY WAVE"",""n"":1,""coin"":""現金"",""q"":""直接排隊"",""note"":""4樓，30/40/60/90元一道"",""upd"":""2025-04-26""}]"
275,湯姆熊 - 豐原家樂福店,24.252252,120.7063303,False,10:00〜22:00,"[{""g"":""Taiko no Tatsujin"",""v"":""14代"",""n"":1,""coin"":""代幣"",""q"":""直接排隊"",""note"":""4枚代幣/20元"",""upd"":""2024-09-10""}]"
276,哈啦星球-桃園復興店,24.990431,121.312353,True,24時間,"[{""g"":""Taiko no Tatsujin"",""v"":""新框體"",""n"":2,""coin"":""現金"",""q"":""直接排隊"",""note"":""一樓及二樓各有一臺。"",""upd"":""2026-08-04""},{""g"":""maimai"",""v"":""CiRCLE PLUS"",""n"":4,""coin"":""現金"",""q"":""卡片排隊"",""note"":""機況極差"",""upd"":""2026-08-04""},{""g"":""SOUND VOLTEX"",""v"":""Valkyrie Model (女武神)"",""n"":1,""coin"":""現金"",""q"":""直接排隊"",""note"":"""",""upd"":""2026-01-12""},{""g"":""CHUNITHM"",""v"":""X-VERSE-X"",""n"":2,""coin"":""現金"",""q"":""直接排隊"",""note"":"""",""upd"":""2026-08-04""},{""g"":""Dance Dance Revolution"",""v"":""(白筐體) World"",""n"":1,""coin"":""現金"",""q"":""直接排隊"",""note"":""感應不良 要踩很用力"",""upd"":""2026-08-18""},{""g"":""jubeat"",""v"":""Beyond the Ave."",""n"":1,""coin"":""現金"",""q"":""直接排隊"",""note"":""機況欠佳"",""upd"":""2026-01-12""},{""g"":""Nostalgia"",""v"":""Op.3"",""n"":1,""coin"":""現金"",""q"":""直接排隊"",""note"":""完全沒聲音，一定要帶耳機！"",""upd"":""2026-01-12""}]"
277,X50 Music Game Station - 西門店零店,25.0457396,121.5029795,True,24時間,"[{""g"":""maimai"",""v"":""CiRCLE PLUS"",""n"":5,""coin"":""現金"",""q"":""其他"",""note"":""現金30元，X50Pay 27/25.5/24P，平板排，4/5號機有直播"",""upd"":""2025-10-10""}]"
278,彈珠園 北港旗艦店,23.5673615,120.3046869,False,10:00〜23:00,[]
279,苗栗娃娃王國,24.5656518,120.8193505,False,24時間,"[{""g"":""SOUND VOLTEX"",""v"":""Legacy Model (舊框)"",""n"":1,""coin"":""現金"",""q"":""直接排隊"",""note"":""SDVX5代 按鍵為全新品\r\nLight Start 20元\r\nStandard Start 30元"",""upd"":""2025-04-20""}]"
280,抓抓族裕隆城店,24.978061,121.546478,False,11:00〜21:30,"[{""g"":""Taiko no Tatsujin"",""v"":""新框體"",""n"":2,""coin"":""現金"",""q"":""直接排隊"",""note"":""30元一道"",""upd"":""2025-06-01""}]"
281,湯姆熊 MITSUI OUTLET PARK 台中港店,24.2589184,120.5184037,True,11:00〜21:30,"[{""g"":""maimai"",""v"":""CiRCLE PLUS"",""n"":1,""coin"":""代幣"",""q"":""卡片排隊"",""note"":""•大銀代幣6枚"",""upd"":""2025-05-12""},{""g"":""Taiko no Tatsujin"",""v"":""新框體"",""n"":1,""coin"":""代幣"",""q"":""直接排隊"",""note"":""大銀代幣6枚\r\n1p左咔不靈敏"",""upd"":""2026-08-02""}]"
282,橙柿口袋,24.1490251,120.6857766,True,12:00〜24:00,"[{""g"":""maimai"",""v"":""CiRCLE PLUS"",""n"":2,""coin"":""現金"",""q"":""卡片排隊"",""note"":""- 機台位置及排隊方法與娃娃帝國時期一致\r\n- 最後遊玩時間為23:30\r\n- 右邊機台無法接關"",""upd"":""2026-03-27""}]"
283,GiGO - 林口三井店 2 號店,25.0706472,121.3648336,True,11:00〜21:30,"[{""g"":""maimai"",""v"":""CiRCLE PLUS"",""n"":2,""coin"":""代幣"",""q"":""卡片排隊"",""note"":""每個機台都有置物籃。"",""upd"":""2026-04-02""},{""g"":""CHUNITHM"",""v"":""X-VERSE-X"",""n"":2,""coin"":""代幣"",""q"":""直接排隊"",""note"":""遊戲廳空間較小，排隊時請稍加留意路人人潮"",""upd"":""2026-04-02""},{""g"":""Taiko no Tatsujin"",""v"":""新框體"",""n"":1,""coin"":""代幣"",""q"":""直接排隊"",""note"":"""",""upd"":""2026-04-02""}]"
284,湯姆熊林口三井店,25.0687375,121.3647912,True,11:00〜21:30,"[{""g"":""maimai"",""v"":""CiRCLE PLUS"",""n"":1,""coin"":""代幣"",""q"":""卡片排隊"",""note"":""一道30元 (6枚代幣)"",""upd"":""2026-02-17""},{""g"":""Taiko no Tatsujin"",""v"":""新框體"",""n"":1,""coin"":""代幣"",""q"":""直接排隊"",""note"":""一道30元 (6枚代幣)\\\r\n3首歌"",""upd"":""2025-11-03""},{""g"":""Taiko no Tatsujin"",""v"":""13代"",""n"":1,""coin"":""代幣"",""q"":""直接排隊"",""note"":""一道20元 (4枚代幣)"",""upd"":""2025-11-03""}]"
285,FUNBOX 比漾廣場店,25.008209,121.5076921,False,,"[{""g"":""Taiko no Tatsujin"",""v"":""新框體"",""n"":1,""coin"":""現金"",""q"":""直接排隊"",""note"":"""",""upd"":""2025-03-07""}]"
286,哈啦星球-士林店,25.0868787,121.5255253,True,24時間,"[{""g"":""maimai"",""v"":""CiRCLE PLUS"",""n"":4,""coin"":""現金"",""q"":""卡片排隊"",""note"":""3樓，2號機在中二後方辦公室前\r\n1號機1P有直播台\r\nhalapay 下午六點前優惠時段"",""upd"":""2025-11-17""},{""g"":""Taiko no Tatsujin"",""v"":""新框體"",""n"":2,""coin"":""現金"",""q"":""直接排隊"",""note"":""1樓店門口和3樓包廂各有一台。3樓包廂預約制(無人預約時可排隊)，1樓直接排隊"",""upd"":""2025-05-17""},{""g"":""Nostalgia"",""v"":""Op.3"",""n"":1,""coin"":""現金"",""q"":""直接排隊"",""note"":""2樓"",""upd"":""2025-05-17""},{""g"":""SOUND VOLTEX"",""v"":""Valkyrie Model (女武神)"",""n"":2,""coin"":""現金"",""q"":""直接排隊"",""note"":""2樓"",""upd"":""2025-05-17""},{""g"":""CHUNITHM"",""v"":""X-VERSE-X"",""n"":3,""coin"":""現金"",""q"":""卡片排隊"",""note"":""3樓 halapay 下午六點前優惠時段"",""upd"":""2025-11-17""},{""g"":""jubeat"",""v"":""Beyond the Ave."",""n"":1,""coin"":""現金"",""q"":""直接排隊"",""note"":""2樓，容易被隔壁DDR聲音蓋過去"",""upd"":""2025-05-17""},{""g"":""beatmania IIDX"",""v"":""(雷霆筐體) 33 Sparkle Shower"",""n"":1,""coin"":""現金"",""q"":""卡片排隊"",""note"":""2樓"",""upd"":""2025-05-17""},{""g"":""Dance Dance Revolution"",""v"":""(金筐體) World"",""n"":1,""coin"":""現金"",""q"":""直接排隊"",""note"":""2樓\r\n\r\n- 機台序號：425"",""upd"":""2025-05-17""},{""g"":""GITADORA DrumMania"",""v"":""(Arena Model) GALAXY WAVE DELTA"",""n"":1,""coin"":""現金"",""q"":""卡片排隊"",""note"":""2樓"",""upd"":""2025-05-17""},{""g"":""GITADORA GuitarFreaks"",""v"":""(Arena Model) GALAXY WAVE DELTA"",""n"":1,""coin"":""現金"",""q"":""卡片排隊"",""note"":""2樓"",""upd"":""2025-05-17""},{""g"":""Pop'n Music"",""v"":""(新筐體) High☆Cheers!!"",""n"":1,""coin"":""現金"",""q"":""直接排隊"",""note"":""2樓"",""upd"":""2026-04-28""}]"
287,哈比歡樂世界-花開了休閒農園,24.8267654,121.3108779,False,10:00〜19:00,"[{""g"":""Taiko no Tatsujin"",""v"":""12代 (亞洲版)"",""n"":1,""coin"":""現金"",""q"":""直接排隊"",""note"":"""",""upd"":""2025-04-18""}]"
288,Rhythm Arena II 競音殿堂,22.6678051,120.3202976,True,24時間,"[{""g"":""jubeat"",""v"":""Beyond the Ave."",""n"":2,""coin"":""現金"",""q"":""直接排隊"",""note"":""- 付款方式：現金 / 儲值卡\r\n- 一號機 (暫無開放-儲值卡)\r\n- 機台順序：1 > 2"",""upd"":""2026-10-04""},{""g"":""SOUND VOLTEX"",""v"":""Valkyrie Model (女武神)"",""n"":4,""coin"":""現金"",""q"":""卡片排隊"",""note"":""- 付款方式：現金 / 儲值卡\r\n- 設立專用外部出力錄製設備及直播機 (二號機及三號機併用)\r\n- 機台順序：4 > 1 > 2 > 3"",""upd"":""2026-10-04""},{""g"":""maimai"",""v"":""CiRCLE PLUS"",""n"":4,""coin"":""現金"",""q"":""卡片排隊"",""note"":""- 付款方式：現金 / 儲值卡\r\n- 二號機及四號機 設立專用外部出力錄製設備及直播機\r\n- 四號機 僅儲值卡消費 可與三號機連機 此台為無限制台 無需排隊 自行交流\r\n- 機台順序：1 > 2 > 3 > 4"",""upd"":""2026-10-04""},{""g"":""Taiko no Tatsujin"",""v"":""新框體"",""n"":3,""coin"":""現金"",""q"":""卡片排隊"",""note"":""- 付款方式：現金 / 儲值卡\r\n- 二號機 設立專用外部出力錄製設備及直播機\r\n- 機台順序：1 > 2 > 3"",""upd"":""2026-10-04""},{""g"":""beatmania IIDX"",""v"":""(雷霆筐體) 33 Sparkle Shower"",""n"":2,""coin"":""現金"",""q"":""卡片排隊"",""note"":""- 付款方式：現金 / 儲值卡\r\n- 設立專用外部出力錄製設備及直播機 (一號機及二號機併用)\r\n- 二號機 此台為現場預約台 依現場狀況為主\r\n- 機台順序：1 > 2"",""upd"":""2026-10-04""},{""g"":""GITADORA DrumMania"",""v"":""(Arena Model) GALAXY WAVE DELTA"",""n"":1,""coin"":""現金"",""q"":""卡片排隊"",""note"":""- 付款方式：現金 / 儲值卡\r\n- 設立專用外部出力錄製設備及直播機 (與隔壁GF併用)\r\n- 皆已更換「低延遲螢幕」"",""upd"":""2026-10-04""},{""g"":""GITADORA GuitarFreaks"",""v"":""(Arena Model) GALAXY WAVE DELTA"",""n"":1,""coin"":""現金"",""q"":""卡片排隊"",""note"":""- 付款方式：現金 / 儲值卡\r\n- 設立專用外部出力錄製設備及直播機「與隔壁DM併用」\r\n- 已更換「低延遲螢幕」"",""upd"":""2026-10-04""},{""g"":""Dance Dance Revolution"",""v"":""(金筐體) World"",""n"":1,""coin"":""現金"",""q"":""卡片排隊"",""note"":""- 付款方式：現金 / 儲值卡\r\n- 機台序號：426\r\n- 設立專用外部出力錄製設備及直播機 (與PIU併用)"",""upd"":""2026-10-04""},{""g"":""Nostalgia"",""v"":""Op.3"",""n"":1,""coin"":""現金"",""q"":""直接排隊"",""note"":""- 付款方式：現金 / 儲值卡"",""upd"":""2026-10-04""},{""g"":""Dancerush Stardom"",""v"":""預設版本"",""n"":2,""coin"":""現金"",""q"":""直接排隊"",""note"":""- 付款方式：現金 / (暫無開放-儲值卡)\r\n- 設立專用外部出力錄製設備及直播機 (一號機及二號機併用)\r\n- 機台順序：1 > 2"",""upd"":""2026-10-04""},{""g"":""CHUNITHM"",""v"":""X-VERSE-X"",""n"":4,""coin"":""現金"",""q"":""卡片排隊"",""note"":""- 付款方式：現金 / 儲值卡\r\n- 設立專用外部出力錄製設備及直播機 (一號機～四號機併用)\r\n- 目前僅三號機及四號機有音源輸出\r\n- 機台順序：1 > 2 > 3 > 4"",""upd"":""2026-10-04""},{""g"":""REFLEC BEAT"",""v"":""悠久のリフレシア"",""n"":2,""coin"":""現金"",""q"":""直接排隊"",""note"":""- 付款方式：現金 / 儲值卡\r\n- 一號機 (暫無開放-儲值卡)\r\n- 機台順序：1 > 2"",""upd"":""2026-10-04""},{""g"":""Dance Dance Revolution"",""v"":""(白筐體) World"",""n"":1,""coin"":""現金"",""q"":""直接排隊"",""note"":""- 付款方式：現金 / 儲值卡\r\n- 設立專用外部出力錄製設備及直播機"",""upd"":""2026-10-04""},{""g"":""Pop'n Music"",""v"":""(新筐體) High☆Cheers!!"",""n"":1,""coin"":""現金"",""q"":""卡片排隊"",""note"":""- 付款方式：現金 / 儲值卡\r\n- 設立專用外部出力錄製設備及直播機"",""upd"":""2026-10-04""},{""g"":""Pump It Up"",""v"":""PHOENIX 2"",""n"":1,""coin"":""現金"",""q"":""直接排隊"",""note"":""- 付款方式：現金 / 儲值卡\r\n- 設立專用外部出力錄製設備及直播機 (與DDR-G併用)\r\n\r\n**LX框體 (白框)**\\\r\n有連網，可刷AM.PASS \\\r\n欲購買遊戲卡片 (AM.PASS) 請洽櫃台，AM.PASS卡片一張150"",""upd"":""2026-10-04""}]"
289,白喵一番屋-台北店,25.0440094,121.5159911,True,24時間,"[{""g"":""maimai"",""v"":""CiRCLE PLUS"",""n"":5,""coin"":""現金"",""q"":""卡片排隊"",""note"":""機台在一樓\r\n\r\n1道30元 (使用Nekopay扣3點)\r\n\r\n\r\n左四台可使用Nekopay，最右台無Nekopay\r\n\r\n排卡請注意"",""upd"":""2026-01-31""},{""g"":""CHUNITHM"",""v"":""X-VERSE-X"",""n"":10,""coin"":""現金"",""q"":""卡片排隊"",""note"":""機台在一樓\r\n\r\n1道30元 (使用Nekopay扣3點)\r\n\r\n左右側各有排卡架\\\r\n左側6台為A組，右側4台為B組\\\r\n左側 (A組) 最後2台、右側 (B組) 最前台無Nekopay\\\r\n左側 (A組) 第3台，右側 (B組) 後面3"",""upd"":""2026-02-18""},{""g"":""beatmania IIDX"",""v"":""(雷霆筐體) 33 Sparkle Shower"",""n"":4,""coin"":""現金"",""q"":""卡片排隊"",""note"":""機台在一樓，四台皆有Nekopay。\r\n\r\nNORMAL/PREMIUM FREE 40/50元\\\r\n使用Nekopay扣4/5點"",""upd"":""2025-12-23""},{""g"":""Taiko no Tatsujin"",""v"":""新框體"",""n"":4,""coin"":""現金"",""q"":""卡片排隊"",""note"":""機台在地下一樓\r\n\r\n1道30元 (使用Nekopay扣3點)\\\r\n4首歌\\\r\n日文介面\r\n\r\n四台皆有Nekopay\r\n\r\n提供公棒"",""upd"":""2025-12-23""},{""g"":""GROOVE COASTER AC"",""v"":""4EX"",""n"":1,""coin"":""現金"",""q"":""直接排隊"",""note"":""機台在地下一樓"",""upd"":""2025-05-12""},{""g"":""SOUND VOLTEX"",""v"":""Valkyrie Model (女武神)"",""n"":5,""coin"":""現金"",""q"":""卡片排隊"",""note"":""機台在地下一樓，五台皆有Nekopay\r\n\r\nLIGHT 40元/4點\\\r\nSTANDARD 50元/5點\\\r\nBLASTER 50元/5點\\\r\nMEGAMIX BATTLE 40元/4點\\\r\nPREMIUM FREE 50元/5點"",""upd"":""2026-02-18""},{""g"":""GITADORA DrumMania"",""v"":""(Arena Model) GALAXY WAVE DELTA"",""n"":3,""coin"":""現金"",""q"":""卡片排隊"",""note"":""兩台在一樓 另一台在地下一樓，三台皆有Nekopay，提供公棒 \r\n\r\nLight 40元\r\n\r\nStandard 50元\r\n\r\nPremium 10分鐘 80元\r\n\r\nPremium 15分鐘 120元"",""upd"":""2025-05-30""},{""g"":""GITADORA GuitarFreaks"",""v"":""(Arena Model) GALAXY WAVE DELTA"",""n"":2,""coin"":""現金"",""q"":""卡片排隊"",""note"":""機台在一樓，二台皆有Nekopay\r\n\r\nLight 40元\r\n\r\nStandard 50元\r\n\r\nPremium 10分鐘 80元\r\n\r\nPremium 15分鐘 120元"",""upd"":""2025-05-30""},{""g"":""WACCA"",""v"":""Reverse"",""n"":1,""coin"":""現金"",""q"":""直接排隊"",""note"":""機台在地下一樓"",""upd"":""2025-05-12""},{""g"":""Dance Dance Revolution"",""v"":""(金筐體) World"",""n"":2,""coin"":""現金"",""q"":""卡片排隊"",""note"":""機台在地下一樓，兩台皆有Nekopay\r\n\r\nNORMAL $40/4點\\\r\nPREMIUM $40/4點\\\r\nGALAXY $90/9點\\\r\n店內對戰 (IN-SHOP BATTLE) $40/4點\r\n\r\n- 機台序號：427 (對戰A-"",""upd"":""2025-10-28""},{""g"":""Nostalgia"",""v"":""Op.3"",""n"":1,""coin"":""現金"",""q"":""直接排隊"",""note"":""機台在地下一樓\r\n\r\n1道30元 (使用Nekopay扣3點，請按投幣按鍵3次，每次按鍵扣1點)"",""upd"":""2025-10-28""},{""g"":""Dancerush Stardom"",""v"":""預設版本"",""n"":1,""coin"":""現金"",""q"":""卡片排隊"",""note"":""機台在地下一樓\r\n\r\nLIGHT/NORMAL $30/$40\\\r\n使用Nekopay扣3/4點"",""upd"":""2025-06-06""},{""g"":""jubeat"",""v"":""Beyond the Ave."",""n"":2,""coin"":""現金"",""q"":""直接排隊"",""note"":""機台在地下一樓，左台有Nekopay\r\n\r\n一道20元 (使用Nekopay扣2點)"",""upd"":""2026-02-18""},{""g"":""Pop'n Music"",""v"":""(新筐體) High☆Cheers!!"",""n"":1,""coin"":""現金"",""q"":""直接排隊"",""note"":""**[新框體]**\\\r\n機台在地下一樓\r\n\r\nNORMAL/EXTRA 30/50元\r\n\r\n*有Nekopay*"",""upd"":""2026-05-24""}]"
290,宝夾町,24.1478599,120.6220052,True,24時間,"[{""g"":""maimai"",""v"":""FiNALE"",""n"":1,""coin"":""現金"",""q"":""直接排隊"",""note"":"""",""upd"":""2025-06-02""},{""g"":""Taiko no Tatsujin"",""v"":""13代"",""n"":1,""coin"":""現金"",""q"":""直接排隊"",""note"":""一道$20\\\r\n2首歌"",""upd"":""2025-06-06""},{""g"":""Pump It Up"",""v"":""Jump"",""n"":1,""coin"":""現金"",""q"":""直接排隊"",""note"":""一道$20\\\r\n3首歌"",""upd"":""2025-06-06""}]"
291,老虎歡樂世界 Tiger's World 復興愛買店,24.1148698,120.6542225,True,12:00〜21:00,"[{""g"":""maimai"",""v"":""FiNALE"",""n"":1,""coin"":""現金"",""q"":""直接排隊"",""note"":"""",""upd"":""2025-06-17""},{""g"":""Taiko no Tatsujin"",""v"":""新框體"",""n"":1,""coin"":""現金"",""q"":""直接排隊"",""note"":"""",""upd"":""2026-07-17""}]"
292,夾子園 X彈珠園 萬華旗艦店,25.0334575,121.5013726,False,10:00〜25:00,"[{""g"":""Taiko no Tatsujin"",""v"":""新框體"",""n"":1,""coin"":""現金"",""q"":""直接排隊"",""note"":"""",""upd"":""2025-08-01""}]"
293,彈珠殿堂臨江店,25.0299542,121.5551708,False,17:00〜24:00,[]
294,哈啦星球-台中一中店 Support by X50,24.1476635,120.6858723,True,24時間,"[{""g"":""maimai"",""v"":""CiRCLE PLUS"",""n"":4,""coin"":""現金"",""q"":""簽名排隊"",""note"":""機台位於二樓"",""upd"":""2025-09-21""},{""g"":""SOUND VOLTEX"",""v"":""Valkyrie Model (女武神)"",""n"":2,""coin"":""現金"",""q"":""直接排隊"",""note"":""一二樓各一台"",""upd"":""2025-09-27""},{""g"":""Taiko no Tatsujin"",""v"":""新框體"",""n"":2,""coin"":""現金"",""q"":""直接排隊"",""note"":""一樓二樓各一台"",""upd"":""2025-09-08""},{""g"":""CHUNITHM"",""v"":""X-VERSE-X"",""n"":4,""coin"":""現金"",""q"":""直接排隊"",""note"":""機台位於二樓"",""upd"":""2025-09-21""},{""g"":""beatmania IIDX"",""v"":""(雷霆筐體) 33 Sparkle Shower"",""n"":1,""coin"":""現金"",""q"":""直接排隊"",""note"":""機台位於二樓"",""upd"":""2025-09-08""},{""g"":""GITADORA DrumMania"",""v"":""(Arena Model) GALAXY WAVE DELTA"",""n"":1,""coin"":""現金"",""q"":""直接排隊"",""note"":""機台位於二樓"",""upd"":""2025-09-08""},{""g"":""GITADORA GuitarFreaks"",""v"":""(Arena Model) GALAXY WAVE DELTA"",""n"":1,""coin"":""現金"",""q"":""直接排隊"",""note"":""機台位於二樓"",""upd"":""2025-09-08""},{""g"":""Dance Dance Revolution"",""v"":""(白筐體) World"",""n"":1,""coin"":""現金"",""q"":""直接排隊"",""note"":""機台位於二樓"",""upd"":""2025-09-08""}]"
295,湯姆熊歡樂世界-中壢大時鐘店,24.955676,121.221428,False,11:00〜22:00,"[{""g"":""Taiko no Tatsujin"",""v"":""新框體"",""n"":1,""coin"":""代幣"",""q"":""直接排隊"",""note"":""代幣6枚(30元)一道"",""upd"":""2025-10-13""},{""g"":""Dance Dance Revolution"",""v"":""(白筐體) World"",""n"":1,""coin"":""代幣"",""q"":""直接排隊"",""note"":""代幣6枚(30元)一道"",""upd"":""2025-10-13""},{""g"":""Taiko no Tatsujin"",""v"":""14代"",""n"":1,""coin"":""現金"",""q"":""直接排隊"",""note"":""代幣5枚(25元)一道"",""upd"":""2025-10-13""}]"
296,奇樂多 - 信義威秀店,25.0352646,121.5672596,True,11:00〜22:00,"[{""g"":""maimai"",""v"":""CiRCLE PLUS"",""n"":1,""coin"":""代幣"",""q"":""卡片排隊"",""note"":""一道6代幣(30元)\r\n\r\n排卡架就是旁邊的夾子"",""upd"":""2025-10-18""},{""g"":""Taiko no Tatsujin"",""v"":""新框體"",""n"":1,""coin"":""代幣"",""q"":""直接排隊"",""note"":""一道6代幣(30元)"",""upd"":""2025-10-18""},{""g"":""Taiko no Tatsujin"",""v"":""12代 (亞洲版)"",""n"":1,""coin"":""代幣"",""q"":""直接排隊"",""note"":""一道4代幣(20元)"",""upd"":""2025-10-18""}]"
297,大魯閣棒壘球打擊場 楠梓館,22.7287962,120.2898865,False,24時間,[]
298,木頭人,24.754992,121.7570549,True,24時間,"[{""g"":""maimai"",""v"":""FiNALE"",""n"":1,""coin"":""現金"",""q"":""直接排隊"",""note"":""單人4曲，全曲、盒子、宴會開放"",""upd"":""2025-11-01""}]"
299,老虎歡樂世界 Tiger's World 豐原愛買店,24.2568576,120.7348293,False,09:30〜22:00,"[{""g"":""Taiko no Tatsujin"",""v"":""12代 (亞洲版)"",""n"":1,""coin"":""現金"",""q"":""直接排隊"",""note"":""一道 20元"",""upd"":""2025-11-17""}]"
300,老虎歡樂世界 Tiger's World 豐原家樂福店,24.252257,120.7063873,False,09:30〜23:00,"[{""g"":""Taiko no Tatsujin"",""v"":""新框體"",""n"":1,""coin"":""現金"",""q"":""直接排隊"",""note"":""一道 30元"",""upd"":""2025-11-17""}]"
301,異想新樂園,24.084839,120.695939,True,10:00〜20:00,"[{""g"":""Taiko no Tatsujin"",""v"":""14代"",""n"":1,""coin"":""現金"",""q"":""直接排隊"",""note"":""一道 20元\r\n\r\n左控制器在敲裏譜面時注意圖示根據感應在動僅有一半，而且敲50次以上未能打出裏譜面\r\n\r\n右控制器的鼓面有一邊明顯感應不良，反而鼓邊感應良好可打出裏譜面"",""upd"":""2026-09-25""},{""g"":""maimai"",""v"":""FiNALE"",""n"":1,""coin"":""現金"",""q"":""直接排隊"",""note"":""一道 20元"",""upd"":""2025-11-17""}]"
302,老虎歡樂世界桃園青埔店,25.0129593,121.2175658,False,11:00〜22:00,"[{""g"":""Taiko no Tatsujin"",""v"":""新框體"",""n"":1,""coin"":""現金"",""q"":""直接排隊"",""note"":"""",""upd"":""2026-01-06""}]"
303,X50 Music Game Station - 高雄店,22.6407613,120.3016396,True,24時間,"[{""g"":""CHUNITHM"",""v"":""X-VERSE-X"",""n"":4,""coin"":""現金"",""q"":""其他"",""note"":""- 機台位於3樓\r\n- 排隊方式以平板方式排隊\r\n-平板位於機台後方"",""upd"":""2026-09-24""},{""g"":""Taiko no Tatsujin"",""v"":""新框體"",""n"":3,""coin"":""現金"",""q"":""簽名排隊"",""note"":""- 機台位於3樓\r\n-兩台位於中二旁 一台位於樓梯旁"",""upd"":""2026-09-24""},{""g"":""maimai"",""v"":""CiRCLE PLUS"",""n"":3,""coin"":""現金"",""q"":""其他"",""note"":""- 機台位於2樓\r\n-排隊方式以平板方式排隊 \r\n-平板位於機台後方"",""upd"":""2026-09-22""},{""g"":""SOUND VOLTEX"",""v"":""Valkyrie Model (女武神)"",""n"":4,""coin"":""現金"",""q"":""簽名排隊"",""note"":""- 機台位於1樓\r\n- 三號台螢幕右半邊偏暗"",""upd"":""2026-09-24""},{""g"":""Dance Dance Revolution"",""v"":""(金筐體) World"",""n"":1,""coin"":""現金"",""q"":""直接排隊"",""note"":""機台位於1樓"",""upd"":""2026-09-22""},{""g"":""beatmania IIDX"",""v"":""(雷霆筐體) 33 Sparkle Shower"",""n"":1,""coin"":""現金"",""q"":""直接排隊"",""note"":""機台位於1樓"",""upd"":""2026-09-22""},{""g"":""Pop'n Music"",""v"":""(新筐體) High☆Cheers!!"",""n"":1,""coin"":""現金"",""q"":""直接排隊"",""note"":""機台位於1樓"",""upd"":""2026-09-22""},{""g"":""GITADORA DrumMania"",""v"":""(Arena Model) GALAXY WAVE DELTA"",""n"":1,""coin"":""現金"",""q"":""直接排隊"",""note"":""機台位於1樓"",""upd"":""2026-09-22""},{""g"":""GITADORA GuitarFreaks"",""v"":""(Arena Model) GALAXY WAVE DELTA"",""n"":1,""coin"":""現金"",""q"":""直接排隊"",""note"":""機台位於1樓"",""upd"":""2026-09-22""}]"
304,家樂福 嘉義店,23.4711973,120.4319822,False,,"[{""g"":""Taiko no Tatsujin"",""v"":""新框體"",""n"":1,""coin"":""現金"",""q"":""直接排隊"",""note"":""在地下一樓\r\n30一道"",""upd"":""2026-06-21""}]"
305,家樂福（康達盛通） 南投店,23.9054001,120.6891482,False,,"[{""g"":""Taiko no Tatsujin"",""v"":""新框體"",""n"":1,""coin"":""現金"",""q"":""直接排隊"",""note"":""左右兩邊的摩托車跟射擊機台聲音蠻大的，要玩的話需要挑兩邊機台沒人玩的時候比較好，不然聽不太到音樂"",""upd"":""2026-06-23""}]"
306,老虎歡樂世界 花蓮愛買店,23.9781721,121.5996227,False,11:00〜22:00,"[{""g"":""Taiko no Tatsujin"",""v"":""新框體"",""n"":1,""coin"":""現金"",""q"":""直接排隊"",""note"":"""",""upd"":""2026-07-05""}]"
307,Darla達拉樂樂屋-室內親子樂園,24.06602,120.5359951,False,11:00〜23:00,[]
308,娜路彎大酒店,22.7701666,121.1220411,True,,"[{""g"":""maimai"",""v"":""FiNALE"",""n"":1,""coin"":""代幣"",""q"":""直接排隊"",""note"":""左右機況良好，10元1枚代幣，3枚一道。機台已斷網，左右讀卡器皆已損壞。"",""upd"":""2026-07-19""}]"
